"kode_titik","kode","kode_kabupaten","kecamatan","created_at","updated_at"
"11.01.01","110101 ","11.01","Bakongan","2024-03-02 20:05:33.162788+07","2024-03-02 20:05:33.162788+07"
"11.01.02","110102 ","11.01","Kluet Utara","2024-03-02 20:05:33.162788+07","2024-03-02 20:05:33.162788+07"
"11.01.03","110103 ","11.01","Kluet Selatan","2024-03-02 20:05:33.162788+07","2024-03-02 20:05:33.162788+07"
"11.01.04","110104 ","11.01","Labuhan Haji","2024-03-02 20:05:33.162788+07","2024-03-02 20:05:33.162788+07"
"11.01.05","110105 ","11.01","Meukek","2024-03-02 20:05:33.162788+07","2024-03-02 20:05:33.162788+07"
"11.01.06","110106 ","11.01","Samadua","2024-03-02 20:05:33.162788+07","2024-03-02 20:05:33.162788+07"
"11.01.07","110107 ","11.01","Sawang","2024-03-02 20:05:33.162788+07","2024-03-02 20:05:33.162788+07"
"11.01.08","110108 ","11.01","Tapaktuan","2024-03-02 20:05:33.162788+07","2024-03-02 20:05:33.162788+07"
"11.01.09","110109 ","11.01","Trumon","2024-03-02 20:05:33.162788+07","2024-03-02 20:05:33.162788+07"
"11.01.10","110110 ","11.01","Pasi Raja","2024-03-02 20:05:33.162788+07","2024-03-02 20:05:33.162788+07"
"11.01.11","110111 ","11.01","Labuhan Haji Timur","2024-03-02 20:05:33.162788+07","2024-03-02 20:05:33.162788+07"
"11.01.12","110112 ","11.01","Labuhan Haji Barat","2024-03-02 20:05:33.162788+07","2024-03-02 20:05:33.162788+07"
"11.01.13","110113 ","11.01","Kluet Tengah","2024-03-02 20:05:33.162788+07","2024-03-02 20:05:33.162788+07"
"11.01.14","110114 ","11.01","Kluet Timur","2024-03-02 20:05:33.162788+07","2024-03-02 20:05:33.162788+07"
"11.01.15","110115 ","11.01","Bakongan Timur","2024-03-02 20:05:33.162788+07","2024-03-02 20:05:33.162788+07"
"11.01.16","110116 ","11.01","Trumon Timur","2024-03-02 20:05:33.162788+07","2024-03-02 20:05:33.162788+07"
"11.01.17","110117 ","11.01","Kota Bahagia","2024-03-02 20:05:33.162788+07","2024-03-02 20:05:33.162788+07"
"11.01.18","110118 ","11.01","Trumon Tengah","2024-03-02 20:05:33.162788+07","2024-03-02 20:05:33.162788+07"
"11.02.01","110201 ","11.02","Lawe Alas","2024-03-02 20:05:33.162788+07","2024-03-02 20:05:33.162788+07"
"11.02.02","110202 ","11.02","Lawe Sigala-Gala","2024-03-02 20:05:33.162788+07","2024-03-02 20:05:33.162788+07"
"11.02.03","110203 ","11.02","Bambel","2024-03-02 20:05:33.162788+07","2024-03-02 20:05:33.162788+07"
"11.02.04","110204 ","11.02","Babussalam","2024-03-02 20:05:33.162788+07","2024-03-02 20:05:33.162788+07"
"11.02.05","110205 ","11.02","Badar","2024-03-02 20:05:33.162788+07","2024-03-02 20:05:33.162788+07"
"11.02.06","110206 ","11.02","Babul Makmur","2024-03-02 20:05:33.162788+07","2024-03-02 20:05:33.162788+07"
"11.02.07","110207 ","11.02","Darul Hasanah","2024-03-02 20:05:33.162788+07","2024-03-02 20:05:33.162788+07"
"11.02.08","110208 ","11.02","Lawe Bulan","2024-03-02 20:05:33.162788+07","2024-03-02 20:05:33.162788+07"
"11.02.09","110209 ","11.02","Bukit Tusam","2024-03-02 20:05:33.162788+07","2024-03-02 20:05:33.162788+07"
"11.02.10","110210 ","11.02","Semadam","2024-03-02 20:05:33.162788+07","2024-03-02 20:05:33.162788+07"
"11.02.11","110211 ","11.02","Babul Rahmah","2024-03-02 20:05:33.162788+07","2024-03-02 20:05:33.162788+07"
"11.02.12","110212 ","11.02","Ketambe","2024-03-02 20:05:33.162788+07","2024-03-02 20:05:33.162788+07"
"11.02.13","110213 ","11.02","Deleng Pokhkisen","2024-03-02 20:05:33.162788+07","2024-03-02 20:05:33.162788+07"
"11.02.14","110214 ","11.02","Lawe Sumur","2024-03-02 20:05:33.162788+07","2024-03-02 20:05:33.162788+07"
"11.02.15","110215 ","11.02","Tanoh Alas","2024-03-02 20:05:33.162788+07","2024-03-02 20:05:33.162788+07"
"11.02.16","110216 ","11.02","Leuser","2024-03-02 20:05:33.162788+07","2024-03-02 20:05:33.162788+07"
"11.03.01","110301 ","11.03","Darul Aman","2024-03-02 20:05:33.162788+07","2024-03-02 20:05:33.162788+07"
"11.03.02","110302 ","11.03","Julok","2024-03-02 20:05:33.162788+07","2024-03-02 20:05:33.162788+07"
"11.03.03","110303 ","11.03","Idi Rayeuk","2024-03-02 20:05:33.162788+07","2024-03-02 20:05:33.162788+07"
"11.03.04","110304 ","11.03","Birem Bayeun","2024-03-02 20:05:33.162788+07","2024-03-02 20:05:33.162788+07"
"11.03.05","110305 ","11.03","Serbajadi","2024-03-02 20:05:33.162788+07","2024-03-02 20:05:33.162788+07"
"11.03.06","110306 ","11.03","Nurussalam","2024-03-02 20:05:33.162788+07","2024-03-02 20:05:33.162788+07"
"11.03.07","110307 ","11.03","Peureulak","2024-03-02 20:05:33.162788+07","2024-03-02 20:05:33.162788+07"
"11.03.08","110308 ","11.03","Rantau Selamat","2024-03-02 20:05:33.162788+07","2024-03-02 20:05:33.162788+07"
"11.03.09","110309 ","11.03","Simpang Ulim","2024-03-02 20:05:33.162788+07","2024-03-02 20:05:33.162788+07"
"11.03.10","110310 ","11.03","Rantau Peureulak","2024-03-02 20:05:33.162788+07","2024-03-02 20:05:33.162788+07"
"11.03.11","110311 ","11.03","Pante Bidari","2024-03-02 20:05:33.162788+07","2024-03-02 20:05:33.162788+07"
"11.03.12","110312 ","11.03","Madat","2024-03-02 20:05:33.162788+07","2024-03-02 20:05:33.162788+07"
"11.03.13","110313 ","11.03","Indra Makmu","2024-03-02 20:05:33.162788+07","2024-03-02 20:05:33.162788+07"
"11.03.14","110314 ","11.03","Idi Tunong","2024-03-02 20:05:33.162788+07","2024-03-02 20:05:33.162788+07"
"11.03.15","110315 ","11.03","Banda Alam","2024-03-02 20:05:33.162788+07","2024-03-02 20:05:33.162788+07"
"11.03.16","110316 ","11.03","Peudawa","2024-03-02 20:05:33.162788+07","2024-03-02 20:05:33.162788+07"
"11.03.17","110317 ","11.03","Peureulak Timur","2024-03-02 20:05:33.162788+07","2024-03-02 20:05:33.162788+07"
"11.03.18","110318 ","11.03","Peureulak Barat","2024-03-02 20:05:33.162788+07","2024-03-02 20:05:33.162788+07"
"11.03.19","110319 ","11.03","Sungai Raya","2024-03-02 20:05:33.162788+07","2024-03-02 20:05:33.162788+07"
"11.03.20","110320 ","11.03","Simpang Jernih","2024-03-02 20:05:33.162788+07","2024-03-02 20:05:33.162788+07"
"11.03.21","110321 ","11.03","Darul Ihsan","2024-03-02 20:05:33.162788+07","2024-03-02 20:05:33.162788+07"
"11.03.22","110322 ","11.03","Darul Falah","2024-03-02 20:05:33.162788+07","2024-03-02 20:05:33.162788+07"
"11.03.23","110323 ","11.03","Idi Timur","2024-03-02 20:05:33.162788+07","2024-03-02 20:05:33.162788+07"
"11.03.24","110324 ","11.03","Peunaron","2024-03-02 20:05:33.162788+07","2024-03-02 20:05:33.162788+07"
"11.04.01","110401 ","11.04","Linge","2024-03-02 20:05:33.162788+07","2024-03-02 20:05:33.162788+07"
"11.04.02","110402 ","11.04","Silih Nara","2024-03-02 20:05:33.162788+07","2024-03-02 20:05:33.162788+07"
"11.04.03","110403 ","11.04","Bebesen","2024-03-02 20:05:33.162788+07","2024-03-02 20:05:33.162788+07"
"11.04.07","110407 ","11.04","Pegasing","2024-03-02 20:05:33.162788+07","2024-03-02 20:05:33.162788+07"
"11.04.08","110408 ","11.04","Bintang","2024-03-02 20:05:33.162788+07","2024-03-02 20:05:33.162788+07"
"11.04.10","110410 ","11.04","Ketol","2024-03-02 20:05:33.162788+07","2024-03-02 20:05:33.162788+07"
"11.04.11","110411 ","11.04","Kebayakan","2024-03-02 20:05:33.162788+07","2024-03-02 20:05:33.162788+07"
"11.04.12","110412 ","11.04","Kute Panang","2024-03-02 20:05:33.162788+07","2024-03-02 20:05:33.162788+07"
"11.04.13","110413 ","11.04","Celala","2024-03-02 20:05:33.162788+07","2024-03-02 20:05:33.162788+07"
"11.04.17","110417 ","11.04","Laut Tawar","2024-03-02 20:05:33.162788+07","2024-03-02 20:05:33.162788+07"
"11.04.18","110418 ","11.04","Atu Lintang","2024-03-02 20:05:33.162788+07","2024-03-02 20:05:33.162788+07"
"11.04.19","110419 ","11.04","Jagong Jeget","2024-03-02 20:05:33.162788+07","2024-03-02 20:05:33.162788+07"
"11.04.20","110420 ","11.04","Bies","2024-03-02 20:05:33.162788+07","2024-03-02 20:05:33.162788+07"
"11.04.21","110421 ","11.04","Rusip Antara","2024-03-02 20:05:33.162788+07","2024-03-02 20:05:33.162788+07"
"11.05.01","110501 ","11.05","Johan Pahwalan","2024-03-02 20:05:33.162788+07","2024-03-02 20:05:33.162788+07"
"11.05.02","110502 ","11.05","Kaway XVI","2024-03-02 20:05:33.162788+07","2024-03-02 20:05:33.162788+07"
"11.05.03","110503 ","11.05","Sungai Mas","2024-03-02 20:05:33.162788+07","2024-03-02 20:05:33.162788+07"
"11.05.04","110504 ","11.05","Woyla","2024-03-02 20:05:33.162788+07","2024-03-02 20:05:33.162788+07"
"11.05.05","110505 ","11.05","Samatiga","2024-03-02 20:05:33.162788+07","2024-03-02 20:05:33.162788+07"
"11.05.06","110506 ","11.05","Bubon","2024-03-02 20:05:33.162788+07","2024-03-02 20:05:33.162788+07"
"11.05.07","110507 ","11.05","Arongan Lambalek","2024-03-02 20:05:33.162788+07","2024-03-02 20:05:33.162788+07"
"11.05.08","110508 ","11.05","Pante Ceureumen","2024-03-02 20:05:33.162788+07","2024-03-02 20:05:33.162788+07"
"11.05.09","110509 ","11.05","Meureubo","2024-03-02 20:05:33.162788+07","2024-03-02 20:05:33.162788+07"
"11.05.10","110510 ","11.05","Woyla Barat","2024-03-02 20:05:33.162788+07","2024-03-02 20:05:33.162788+07"
"11.05.11","110511 ","11.05","Woyla Timur","2024-03-02 20:05:33.162788+07","2024-03-02 20:05:33.162788+07"
"11.05.12","110512 ","11.05","Panton Reu","2024-03-02 20:05:33.162788+07","2024-03-02 20:05:33.162788+07"
"11.06.01","110601 ","11.06","Lhoong","2024-03-02 20:05:33.162788+07","2024-03-02 20:05:33.162788+07"
"11.06.02","110602 ","11.06","Lhoknga","2024-03-02 20:05:33.162788+07","2024-03-02 20:05:33.162788+07"
"11.06.03","110603 ","11.06","Indrapuri","2024-03-02 20:05:33.162788+07","2024-03-02 20:05:33.162788+07"
"11.06.04","110604 ","11.06","Seulimeum","2024-03-02 20:05:33.162788+07","2024-03-02 20:05:33.162788+07"
"11.06.05","110605 ","11.06","Montasik","2024-03-02 20:05:33.162788+07","2024-03-02 20:05:33.162788+07"
"11.06.06","110606 ","11.06","Sukamakmur","2024-03-02 20:05:33.162788+07","2024-03-02 20:05:33.162788+07"
"11.06.07","110607 ","11.06","Darul Imarah","2024-03-02 20:05:33.162788+07","2024-03-02 20:05:33.162788+07"
"11.06.08","110608 ","11.06","Peukan Bada","2024-03-02 20:05:33.162788+07","2024-03-02 20:05:33.162788+07"
"11.06.09","110609 ","11.06","Mesjid Raya","2024-03-02 20:05:33.162788+07","2024-03-02 20:05:33.162788+07"
"11.06.10","110610 ","11.06","Ingin Jaya","2024-03-02 20:05:33.162788+07","2024-03-02 20:05:33.162788+07"
"11.06.11","110611 ","11.06","Kuta Baro","2024-03-02 20:05:33.162788+07","2024-03-02 20:05:33.162788+07"
"11.06.12","110612 ","11.06","Darussalam","2024-03-02 20:05:33.162788+07","2024-03-02 20:05:33.162788+07"
"11.06.13","110613 ","11.06","Pulo Aceh","2024-03-02 20:05:33.162788+07","2024-03-02 20:05:33.162788+07"
"11.06.14","110614 ","11.06","Lembah Seulawah","2024-03-02 20:05:33.162788+07","2024-03-02 20:05:33.162788+07"
"11.06.15","110615 ","11.06","Kota Jantho","2024-03-02 20:05:33.162788+07","2024-03-02 20:05:33.162788+07"
"11.06.16","110616 ","11.06","Kota Cot Glie","2024-03-02 20:05:33.162788+07","2024-03-02 20:05:33.162788+07"
"11.06.17","110617 ","11.06","Kuta Malaka","2024-03-02 20:05:33.162788+07","2024-03-02 20:05:33.162788+07"
"11.06.18","110618 ","11.06","Simpang Tiga","2024-03-02 20:05:33.162788+07","2024-03-02 20:05:33.162788+07"
"11.06.19","110619 ","11.06","Darul Kamal","2024-03-02 20:05:33.162788+07","2024-03-02 20:05:33.162788+07"
"11.06.20","110620 ","11.06","Baitussalam","2024-03-02 20:05:33.162788+07","2024-03-02 20:05:33.162788+07"
"11.06.21","110621 ","11.06","Krueng Barona Jaya","2024-03-02 20:05:33.162788+07","2024-03-02 20:05:33.162788+07"
"11.06.22","110622 ","11.06","Leupung","2024-03-02 20:05:33.162788+07","2024-03-02 20:05:33.162788+07"
"11.06.23","110623 ","11.06","Blang Bintang","2024-03-02 20:05:33.162788+07","2024-03-02 20:05:33.162788+07"
"11.07.03","110703 ","11.07","Batee","2024-03-02 20:05:33.162788+07","2024-03-02 20:05:33.162788+07"
"11.07.04","110704 ","11.07","Delima","2024-03-02 20:05:33.162788+07","2024-03-02 20:05:33.162788+07"
"11.07.05","110705 ","11.07","Geumpang","2024-03-02 20:05:33.162788+07","2024-03-02 20:05:33.162788+07"
"11.07.06","110706 ","11.07","Geulumpang Tiga","2024-03-02 20:05:33.162788+07","2024-03-02 20:05:33.162788+07"
"11.07.07","110707 ","11.07","Indra Jaya","2024-03-02 20:05:33.162788+07","2024-03-02 20:05:33.162788+07"
"11.07.08","110708 ","11.07","Kembang Tanjong","2024-03-02 20:05:33.162788+07","2024-03-02 20:05:33.162788+07"
"11.07.09","110709 ","11.07","Kota Sigli","2024-03-02 20:05:33.162788+07","2024-03-02 20:05:33.162788+07"
"11.07.11","110711 ","11.07","Mila","2024-03-02 20:05:33.162788+07","2024-03-02 20:05:33.162788+07"
"11.07.12","110712 ","11.07","Muara Tiga","2024-03-02 20:05:33.162788+07","2024-03-02 20:05:33.162788+07"
"11.07.13","110713 ","11.07","Mutiara","2024-03-02 20:05:33.162788+07","2024-03-02 20:05:33.162788+07"
"11.07.14","110714 ","11.07","Padang Tiji","2024-03-02 20:05:33.162788+07","2024-03-02 20:05:33.162788+07"
"11.07.15","110715 ","11.07","Peukan Baro","2024-03-02 20:05:33.162788+07","2024-03-02 20:05:33.162788+07"
"11.07.16","110716 ","11.07","Pidie","2024-03-02 20:05:33.162788+07","2024-03-02 20:05:33.162788+07"
"11.07.17","110717 ","11.07","Sakti","2024-03-02 20:05:33.162788+07","2024-03-02 20:05:33.162788+07"
"11.07.18","110718 ","11.07","Simpang Tiga","2024-03-02 20:05:33.162788+07","2024-03-02 20:05:33.162788+07"
"11.07.19","110719 ","11.07","Tangse","2024-03-02 20:05:33.162788+07","2024-03-02 20:05:33.162788+07"
"11.07.21","110721 ","11.07","Tiro/Truseb","2024-03-02 20:05:33.162788+07","2024-03-02 20:05:33.162788+07"
"11.07.22","110722 ","11.07","Keumala","2024-03-02 20:05:33.162788+07","2024-03-02 20:05:33.162788+07"
"11.07.24","110724 ","11.07","Mutiara Timur","2024-03-02 20:05:33.162788+07","2024-03-02 20:05:33.162788+07"
"11.07.25","110725 ","11.07","Grong-grong","2024-03-02 20:05:33.162788+07","2024-03-02 20:05:33.162788+07"
"11.07.27","110727 ","11.07","Mane","2024-03-02 20:05:33.162788+07","2024-03-02 20:05:33.162788+07"
"11.07.29","110729 ","11.07","Glumpang Baro","2024-03-02 20:05:33.162788+07","2024-03-02 20:05:33.162788+07"
"11.07.31","110731 ","11.07","Titeue","2024-03-02 20:05:33.162788+07","2024-03-02 20:05:33.162788+07"
"11.08.01","110801 ","11.08","Baktiya","2024-03-02 20:05:33.162788+07","2024-03-02 20:05:33.162788+07"
"11.08.02","110802 ","11.08","Dewantara","2024-03-02 20:05:33.162788+07","2024-03-02 20:05:33.162788+07"
"11.08.03","110803 ","11.08","Kuta Makmur","2024-03-02 20:05:33.162788+07","2024-03-02 20:05:33.162788+07"
"11.08.04","110804 ","11.08","Lhoksukon","2024-03-02 20:05:33.162788+07","2024-03-02 20:05:33.162788+07"
"11.08.05","110805 ","11.08","Matangkuli","2024-03-02 20:05:33.162788+07","2024-03-02 20:05:33.162788+07"
"11.08.06","110806 ","11.08","Muara Batu","2024-03-02 20:05:33.162788+07","2024-03-02 20:05:33.162788+07"
"11.08.07","110807 ","11.08","Meurah Mulia","2024-03-02 20:05:33.162788+07","2024-03-02 20:05:33.162788+07"
"11.08.08","110808 ","11.08","Samudera","2024-03-02 20:05:33.162788+07","2024-03-02 20:05:33.162788+07"
"11.08.09","110809 ","11.08","Seunuddon","2024-03-02 20:05:33.162788+07","2024-03-02 20:05:33.162788+07"
"11.08.10","110810 ","11.08","Syamtalira Aron","2024-03-02 20:05:33.162788+07","2024-03-02 20:05:33.162788+07"
"11.08.11","110811 ","11.08","Syamtalira Bayu","2024-03-02 20:05:33.162788+07","2024-03-02 20:05:33.162788+07"
"11.08.12","110812 ","11.08","Tanah Luas","2024-03-02 20:05:33.162788+07","2024-03-02 20:05:33.162788+07"
"11.08.13","110813 ","11.08","Tanah Pasir","2024-03-02 20:05:33.162788+07","2024-03-02 20:05:33.162788+07"
"11.08.14","110814 ","11.08","T. Jambo Aye","2024-03-02 20:05:33.162788+07","2024-03-02 20:05:33.162788+07"
"11.08.15","110815 ","11.08","Sawang","2024-03-02 20:05:33.162788+07","2024-03-02 20:05:33.162788+07"
"11.08.16","110816 ","11.08","Nisam","2024-03-02 20:05:33.162788+07","2024-03-02 20:05:33.162788+07"
"11.08.17","110817 ","11.08","Cot Girek","2024-03-02 20:05:33.162788+07","2024-03-02 20:05:33.162788+07"
"11.08.18","110818 ","11.08","Langkahan","2024-03-02 20:05:33.162788+07","2024-03-02 20:05:33.162788+07"
"11.08.19","110819 ","11.08","Baktiya Barat","2024-03-02 20:05:33.162788+07","2024-03-02 20:05:33.162788+07"
"11.08.20","110820 ","11.08","Paya Bakong","2024-03-02 20:05:33.162788+07","2024-03-02 20:05:33.162788+07"
"11.08.21","110821 ","11.08","Nibong","2024-03-02 20:05:33.162788+07","2024-03-02 20:05:33.162788+07"
"11.08.22","110822 ","11.08","Simpang Kramat","2024-03-02 20:05:33.162788+07","2024-03-02 20:05:33.162788+07"
"11.08.23","110823 ","11.08","Lapang","2024-03-02 20:05:33.162788+07","2024-03-02 20:05:33.162788+07"
"11.08.24","110824 ","11.08","Pirak Timur","2024-03-02 20:05:33.162788+07","2024-03-02 20:05:33.162788+07"
"11.08.25","110825 ","11.08","Geuredong Pase","2024-03-02 20:05:33.162788+07","2024-03-02 20:05:33.162788+07"
"11.08.26","110826 ","11.08","Banda Baro","2024-03-02 20:05:33.162788+07","2024-03-02 20:05:33.162788+07"
"11.08.27","110827 ","11.08","Nisam Antara","2024-03-02 20:05:33.162788+07","2024-03-02 20:05:33.162788+07"
"11.09.01","110901 ","11.09","Simeulue Tengah","2024-03-02 20:05:33.162788+07","2024-03-02 20:05:33.162788+07"
"11.09.02","110902 ","11.09","Salang","2024-03-02 20:05:33.162788+07","2024-03-02 20:05:33.162788+07"
"11.09.03","110903 ","11.09","Teupah Barat","2024-03-02 20:05:33.162788+07","2024-03-02 20:05:33.162788+07"
"11.09.04","110904 ","11.09","Simeulue Timur","2024-03-02 20:05:33.162788+07","2024-03-02 20:05:33.162788+07"
"11.09.05","110905 ","11.09","Teluk Dalam","2024-03-02 20:05:33.162788+07","2024-03-02 20:05:33.162788+07"
"11.09.06","110906 ","11.09","Simeulue Barat","2024-03-02 20:05:33.162788+07","2024-03-02 20:05:33.162788+07"
"11.09.07","110907 ","11.09","Teupah Selatan","2024-03-02 20:05:33.162788+07","2024-03-02 20:05:33.162788+07"
"11.09.08","110908 ","11.09","Alapan","2024-03-02 20:05:33.162788+07","2024-03-02 20:05:33.162788+07"
"11.09.09","110909 ","11.09","Teupah Tengah","2024-03-02 20:05:33.162788+07","2024-03-02 20:05:33.162788+07"
"11.09.10","110910 ","11.09","Simeulue Cut","2024-03-02 20:05:33.162788+07","2024-03-02 20:05:33.162788+07"
"11.10.01","111001 ","11.10","Pulau Banyak","2024-03-02 20:05:33.162788+07","2024-03-02 20:05:33.162788+07"
"11.10.02","111002 ","11.10","Simpang Kanan","2024-03-02 20:05:33.162788+07","2024-03-02 20:05:33.162788+07"
"11.10.04","111004 ","11.10","Singkil","2024-03-02 20:05:33.162788+07","2024-03-02 20:05:33.162788+07"
"11.10.06","111006 ","11.10","Gunung Meriah","2024-03-02 20:05:33.162788+07","2024-03-02 20:05:33.162788+07"
"11.10.09","111009 ","11.10","Kota Baharu","2024-03-02 20:05:33.162788+07","2024-03-02 20:05:33.162788+07"
"11.10.10","111010 ","11.10","Singkil Utara","2024-03-02 20:05:33.162788+07","2024-03-02 20:05:33.162788+07"
"11.10.11","111011 ","11.10","Danau Paris","2024-03-02 20:05:33.162788+07","2024-03-02 20:05:33.162788+07"
"11.10.12","111012 ","11.10","Suro Makmur","2024-03-02 20:05:33.162788+07","2024-03-02 20:05:33.162788+07"
"11.10.13","111013 ","11.10","Singkohor","2024-03-02 20:05:33.162788+07","2024-03-02 20:05:33.162788+07"
"11.10.14","111014 ","11.10","Kuala Baru","2024-03-02 20:05:33.162788+07","2024-03-02 20:05:33.162788+07"
"11.10.16","111016 ","11.10","Pulau Banyak Barat","2024-03-02 20:05:33.162788+07","2024-03-02 20:05:33.162788+07"
"11.11.01","111101 ","11.11","Samalanga","2024-03-02 20:05:33.162788+07","2024-03-02 20:05:33.162788+07"
"11.11.02","111102 ","11.11","Jeunieb","2024-03-02 20:05:33.162788+07","2024-03-02 20:05:33.162788+07"
"11.11.03","111103 ","11.11","Peudada","2024-03-02 20:05:33.162788+07","2024-03-02 20:05:33.162788+07"
"11.11.04","111104 ","11.11","Jeumpa","2024-03-02 20:05:33.162788+07","2024-03-02 20:05:33.162788+07"
"11.11.05","111105 ","11.11","Peusangan","2024-03-02 20:05:33.162788+07","2024-03-02 20:05:33.162788+07"
"11.11.06","111106 ","11.11","Makmur","2024-03-02 20:05:33.162788+07","2024-03-02 20:05:33.162788+07"
"11.11.07","111107 ","11.11","Gandapura","2024-03-02 20:05:33.162788+07","2024-03-02 20:05:33.162788+07"
"11.11.08","111108 ","11.11","Pandrah","2024-03-02 20:05:33.162788+07","2024-03-02 20:05:33.162788+07"
"11.11.09","111109 ","11.11","Juli","2024-03-02 20:05:33.162788+07","2024-03-02 20:05:33.162788+07"
"11.11.10","111110 ","11.11","Jangka","2024-03-02 20:05:33.162788+07","2024-03-02 20:05:33.162788+07"
"11.11.11","111111 ","11.11","Simpang Mamplam","2024-03-02 20:05:33.162788+07","2024-03-02 20:05:33.162788+07"
"11.11.12","111112 ","11.11","Peulimbang","2024-03-02 20:05:33.162788+07","2024-03-02 20:05:33.162788+07"
"11.11.13","111113 ","11.11","Kota Juang","2024-03-02 20:05:33.162788+07","2024-03-02 20:05:33.162788+07"
"11.11.14","111114 ","11.11","Kuala","2024-03-02 20:05:33.162788+07","2024-03-02 20:05:33.162788+07"
"11.11.15","111115 ","11.11","Peusangan Siblah Krueng","2024-03-02 20:05:33.162788+07","2024-03-02 20:05:33.162788+07"
"11.11.16","111116 ","11.11","Peusangan Selatan","2024-03-02 20:05:33.162788+07","2024-03-02 20:05:33.162788+07"
"11.11.17","111117 ","11.11","Kuta Blang","2024-03-02 20:05:33.162788+07","2024-03-02 20:05:33.162788+07"
"11.12.01","111201 ","11.12","Blang Pidie","2024-03-02 20:05:33.162788+07","2024-03-02 20:05:33.162788+07"
"11.12.02","111202 ","11.12","Tangan-Tangan","2024-03-02 20:05:33.162788+07","2024-03-02 20:05:33.162788+07"
"11.12.03","111203 ","11.12","Manggeng","2024-03-02 20:05:33.162788+07","2024-03-02 20:05:33.162788+07"
"11.12.04","111204 ","11.12","Susoh","2024-03-02 20:05:33.162788+07","2024-03-02 20:05:33.162788+07"
"11.12.05","111205 ","11.12","Kuala Batee","2024-03-02 20:05:33.162788+07","2024-03-02 20:05:33.162788+07"
"11.12.06","111206 ","11.12","Babah Rot","2024-03-02 20:05:33.162788+07","2024-03-02 20:05:33.162788+07"
"11.12.07","111207 ","11.12","Setia","2024-03-02 20:05:33.162788+07","2024-03-02 20:05:33.162788+07"
"11.12.08","111208 ","11.12","Jeumpa","2024-03-02 20:05:33.162788+07","2024-03-02 20:05:33.162788+07"
"11.12.09","111209 ","11.12","Lembah Sabil","2024-03-02 20:05:33.162788+07","2024-03-02 20:05:33.162788+07"
"11.13.01","111301 ","11.13","Blangkejeren","2024-03-02 20:05:33.162788+07","2024-03-02 20:05:33.162788+07"
"11.13.02","111302 ","11.13","Kutapanjang","2024-03-02 20:05:33.162788+07","2024-03-02 20:05:33.162788+07"
"11.13.03","111303 ","11.13","Rikit Gaib","2024-03-02 20:05:33.162788+07","2024-03-02 20:05:33.162788+07"
"11.13.04","111304 ","11.13","Terangun","2024-03-02 20:05:33.162788+07","2024-03-02 20:05:33.162788+07"
"11.13.05","111305 ","11.13","Pining","2024-03-02 20:05:33.162788+07","2024-03-02 20:05:33.162788+07"
"11.13.06","111306 ","11.13","Blangpegayon","2024-03-02 20:05:33.162788+07","2024-03-02 20:05:33.162788+07"
"11.13.07","111307 ","11.13","Puteri Betung","2024-03-02 20:05:33.162788+07","2024-03-02 20:05:33.162788+07"
"11.13.08","111308 ","11.13","Dabun Gelang","2024-03-02 20:05:33.162788+07","2024-03-02 20:05:33.162788+07"
"11.13.09","111309 ","11.13","Blangjerango","2024-03-02 20:05:33.162788+07","2024-03-02 20:05:33.162788+07"
"11.13.10","111310 ","11.13","Teripe Jaya","2024-03-02 20:05:33.162788+07","2024-03-02 20:05:33.162788+07"
"11.13.11","111311 ","11.13","Pantan Cuaca","2024-03-02 20:05:33.162788+07","2024-03-02 20:05:33.162788+07"
"11.14.01","111401 ","11.14","Teunom","2024-03-02 20:05:33.162788+07","2024-03-02 20:05:33.162788+07"
"11.14.02","111402 ","11.14","Krueng Sabee","2024-03-02 20:05:33.162788+07","2024-03-02 20:05:33.162788+07"
"11.14.03","111403 ","11.14","Setia Bhakti","2024-03-02 20:05:33.162788+07","2024-03-02 20:05:33.162788+07"
"11.14.04","111404 ","11.14","Sampoiniet","2024-03-02 20:05:33.162788+07","2024-03-02 20:05:33.162788+07"
"11.14.05","111405 ","11.14","Jaya","2024-03-02 20:05:33.162788+07","2024-03-02 20:05:33.162788+07"
"11.14.06","111406 ","11.14","Panga","2024-03-02 20:05:33.162788+07","2024-03-02 20:05:33.162788+07"
"11.14.07","111407 ","11.14","Indra Jaya","2024-03-02 20:05:33.162788+07","2024-03-02 20:05:33.162788+07"
"11.14.08","111408 ","11.14","Darul Hikmah","2024-03-02 20:05:33.162788+07","2024-03-02 20:05:33.162788+07"
"11.14.09","111409 ","11.14","Pasie Raya","2024-03-02 20:05:33.162788+07","2024-03-02 20:05:33.162788+07"
"11.15.01","111501 ","11.15","Kuala","2024-03-02 20:05:33.162788+07","2024-03-02 20:05:33.162788+07"
"11.15.02","111502 ","11.15","Seunagan","2024-03-02 20:05:33.162788+07","2024-03-02 20:05:33.162788+07"
"11.15.03","111503 ","11.15","Seunagan Timur","2024-03-02 20:05:33.162788+07","2024-03-02 20:05:33.162788+07"
"11.15.04","111504 ","11.15","Beutong","2024-03-02 20:05:33.162788+07","2024-03-02 20:05:33.162788+07"
"11.15.05","111505 ","11.15","Darul Makmur","2024-03-02 20:05:33.162788+07","2024-03-02 20:05:33.162788+07"
"11.15.06","111506 ","11.15","Suka Makmue","2024-03-02 20:05:33.162788+07","2024-03-02 20:05:33.162788+07"
"11.15.07","111507 ","11.15","Kuala Pesisir","2024-03-02 20:05:33.162788+07","2024-03-02 20:05:33.162788+07"
"11.15.08","111508 ","11.15","Tadu Raya","2024-03-02 20:05:33.162788+07","2024-03-02 20:05:33.162788+07"
"11.15.09","111509 ","11.15","Tripa Makmur","2024-03-02 20:05:33.162788+07","2024-03-02 20:05:33.162788+07"
"11.15.10","111510 ","11.15","Beutong Ateuh Banggalang","2024-03-02 20:05:33.162788+07","2024-03-02 20:05:33.162788+07"
"11.16.01","111601 ","11.16","Manyak Payed","2024-03-02 20:05:33.162788+07","2024-03-02 20:05:33.162788+07"
"11.16.02","111602 ","11.16","Bendahara","2024-03-02 20:05:33.162788+07","2024-03-02 20:05:33.162788+07"
"11.16.03","111603 ","11.16","Karang Baru","2024-03-02 20:05:33.162788+07","2024-03-02 20:05:33.162788+07"
"11.16.04","111604 ","11.16","Seruway","2024-03-02 20:05:33.162788+07","2024-03-02 20:05:33.162788+07"
"11.16.05","111605 ","11.16","Kota Kualasinpang","2024-03-02 20:05:33.162788+07","2024-03-02 20:05:33.162788+07"
"11.16.06","111606 ","11.16","Kejuruan Muda","2024-03-02 20:05:33.162788+07","2024-03-02 20:05:33.162788+07"
"11.16.07","111607 ","11.16","Tamiang Hulu","2024-03-02 20:05:33.162788+07","2024-03-02 20:05:33.162788+07"
"11.16.08","111608 ","11.16","Rantau","2024-03-02 20:05:33.162788+07","2024-03-02 20:05:33.162788+07"
"11.16.09","111609 ","11.16","Banda Mulia","2024-03-02 20:05:33.162788+07","2024-03-02 20:05:33.162788+07"
"11.16.10","111610 ","11.16","Bandar Pusaka","2024-03-02 20:05:33.162788+07","2024-03-02 20:05:33.162788+07"
"11.16.11","111611 ","11.16","Tenggulun","2024-03-02 20:05:33.162788+07","2024-03-02 20:05:33.162788+07"
"11.16.12","111612 ","11.16","Sekerak","2024-03-02 20:05:33.162788+07","2024-03-02 20:05:33.162788+07"
"11.17.01","111701 ","11.17","Pintu Rime Gayo","2024-03-02 20:05:33.162788+07","2024-03-02 20:05:33.162788+07"
"11.17.02","111702 ","11.17","Permata","2024-03-02 20:05:33.162788+07","2024-03-02 20:05:33.162788+07"
"11.17.03","111703 ","11.17","Syiah Utama","2024-03-02 20:05:33.162788+07","2024-03-02 20:05:33.162788+07"
"11.17.04","111704 ","11.17","Bandar","2024-03-02 20:05:33.162788+07","2024-03-02 20:05:33.162788+07"
"11.17.05","111705 ","11.17","Bukit","2024-03-02 20:05:33.162788+07","2024-03-02 20:05:33.162788+07"
"11.17.06","111706 ","11.17","Wih Pesam","2024-03-02 20:05:33.162788+07","2024-03-02 20:05:33.162788+07"
"11.17.07","111707 ","11.17","Timang gajah","2024-03-02 20:05:33.162788+07","2024-03-02 20:05:33.162788+07"
"11.17.08","111708 ","11.17","Bener Kelipah","2024-03-02 20:05:33.162788+07","2024-03-02 20:05:33.162788+07"
"11.17.09","111709 ","11.17","Mesidah","2024-03-02 20:05:33.162788+07","2024-03-02 20:05:33.162788+07"
"11.17.10","111710 ","11.17","Gajah Putih","2024-03-02 20:05:33.162788+07","2024-03-02 20:05:33.162788+07"
"11.18.01","111801 ","11.18","Meureudu","2024-03-02 20:05:33.162788+07","2024-03-02 20:05:33.162788+07"
"11.18.02","111802 ","11.18","Ulim","2024-03-02 20:05:33.162788+07","2024-03-02 20:05:33.162788+07"
"11.18.03","111803 ","11.18","Jangka Buaya","2024-03-02 20:05:33.162788+07","2024-03-02 20:05:33.162788+07"
"11.18.04","111804 ","11.18","Bandar Dua","2024-03-02 20:05:33.162788+07","2024-03-02 20:05:33.162788+07"
"11.18.05","111805 ","11.18","Meurah Dua","2024-03-02 20:05:33.162788+07","2024-03-02 20:05:33.162788+07"
"11.18.06","111806 ","11.18","Bandar Baru","2024-03-02 20:05:33.162788+07","2024-03-02 20:05:33.162788+07"
"11.18.07","111807 ","11.18","Panteraja","2024-03-02 20:05:33.162788+07","2024-03-02 20:05:33.162788+07"
"11.18.08","111808 ","11.18","Trienggadeng","2024-03-02 20:05:33.162788+07","2024-03-02 20:05:33.162788+07"
"11.71.01","117101 ","11.71","Baiturrahman","2024-03-02 20:05:33.162788+07","2024-03-02 20:05:33.162788+07"
"11.71.02","117102 ","11.71","Kuta Alam","2024-03-02 20:05:33.162788+07","2024-03-02 20:05:33.162788+07"
"11.71.03","117103 ","11.71","Meuraxa","2024-03-02 20:05:33.162788+07","2024-03-02 20:05:33.162788+07"
"11.71.04","117104 ","11.71","Syiah Kuala","2024-03-02 20:05:33.162788+07","2024-03-02 20:05:33.162788+07"
"11.71.05","117105 ","11.71","Lueng Bata","2024-03-02 20:05:33.162788+07","2024-03-02 20:05:33.162788+07"
"11.71.06","117106 ","11.71","Kuta Raja","2024-03-02 20:05:33.162788+07","2024-03-02 20:05:33.162788+07"
"11.71.07","117107 ","11.71","Banda Raya","2024-03-02 20:05:33.162788+07","2024-03-02 20:05:33.162788+07"
"11.71.08","117108 ","11.71","Jaya Baru","2024-03-02 20:05:33.162788+07","2024-03-02 20:05:33.162788+07"
"11.71.09","117109 ","11.71","Ulee Kareng","2024-03-02 20:05:33.162788+07","2024-03-02 20:05:33.162788+07"
"11.72.01","117201 ","11.72","Sukakarya","2024-03-02 20:05:33.162788+07","2024-03-02 20:05:33.162788+07"
"11.72.02","117202 ","11.72","Sukajaya","2024-03-02 20:05:33.162788+07","2024-03-02 20:05:33.162788+07"
"11.72.03","117203 ","11.72","Sukamakmue","2024-03-02 20:05:33.162788+07","2024-03-02 20:05:33.162788+07"
"11.73.01","117301 ","11.73","Muara Dua","2024-03-02 20:05:33.162788+07","2024-03-02 20:05:33.162788+07"
"11.73.02","117302 ","11.73","Banda Sakti","2024-03-02 20:05:33.162788+07","2024-03-02 20:05:33.162788+07"
"11.73.03","117303 ","11.73","Blang Mangat","2024-03-02 20:05:33.162788+07","2024-03-02 20:05:33.162788+07"
"11.73.04","117304 ","11.73","Muara Satu","2024-03-02 20:05:33.162788+07","2024-03-02 20:05:33.162788+07"
"11.74.01","117401 ","11.74","Langsa Timur","2024-03-02 20:05:33.162788+07","2024-03-02 20:05:33.162788+07"
"11.74.02","117402 ","11.74","Langsa Barat","2024-03-02 20:05:33.162788+07","2024-03-02 20:05:33.162788+07"
"11.74.03","117403 ","11.74","Langsa Kota","2024-03-02 20:05:33.162788+07","2024-03-02 20:05:33.162788+07"
"11.74.04","117404 ","11.74","Langsa Lama","2024-03-02 20:05:33.162788+07","2024-03-02 20:05:33.162788+07"
"11.74.05","117405 ","11.74","Langsa Baro","2024-03-02 20:05:33.162788+07","2024-03-02 20:05:33.162788+07"
"11.75.01","117501 ","11.75","Simpang Kiri","2024-03-02 20:05:33.162788+07","2024-03-02 20:05:33.162788+07"
"11.75.02","117502 ","11.75","Penanggalan","2024-03-02 20:05:33.162788+07","2024-03-02 20:05:33.162788+07"
"11.75.03","117503 ","11.75","Rundeng","2024-03-02 20:05:33.162788+07","2024-03-02 20:05:33.162788+07"
"11.75.04","117504 ","11.75","Sultan Daulat","2024-03-02 20:05:33.162788+07","2024-03-02 20:05:33.162788+07"
"11.75.05","117505 ","11.75","Longkib","2024-03-02 20:05:33.162788+07","2024-03-02 20:05:33.162788+07"
"12.01.01","120101 ","12.01","Barus","2024-03-02 20:05:33.162788+07","2024-03-02 20:05:33.162788+07"
"12.01.02","120102 ","12.01","Sorkam","2024-03-02 20:05:33.162788+07","2024-03-02 20:05:33.162788+07"
"12.01.03","120103 ","12.01","Pandan","2024-03-02 20:05:33.162788+07","2024-03-02 20:05:33.162788+07"
"12.01.04","120104 ","12.01","Pinangsori","2024-03-02 20:05:33.162788+07","2024-03-02 20:05:33.162788+07"
"12.01.05","120105 ","12.01","Manduamas","2024-03-02 20:05:33.162788+07","2024-03-02 20:05:33.162788+07"
"12.01.06","120106 ","12.01","Kolang","2024-03-02 20:05:33.162788+07","2024-03-02 20:05:33.162788+07"
"12.01.07","120107 ","12.01","Tapian Nauli","2024-03-02 20:05:33.162788+07","2024-03-02 20:05:33.162788+07"
"12.01.08","120108 ","12.01","Sibabangun","2024-03-02 20:05:33.162788+07","2024-03-02 20:05:33.162788+07"
"12.01.09","120109 ","12.01","Sosorgadong","2024-03-02 20:05:33.162788+07","2024-03-02 20:05:33.162788+07"
"12.01.10","120110 ","12.01","Sorkam Barat","2024-03-02 20:05:33.162788+07","2024-03-02 20:05:33.162788+07"
"12.01.11","120111 ","12.01","Sirandorung","2024-03-02 20:05:33.162788+07","2024-03-02 20:05:33.162788+07"
"12.01.12","120112 ","12.01","Andam Dewi","2024-03-02 20:05:33.162788+07","2024-03-02 20:05:33.162788+07"
"12.01.13","120113 ","12.01","Sitahuis","2024-03-02 20:05:33.162788+07","2024-03-02 20:05:33.162788+07"
"12.01.14","120114 ","12.01","Tukka","2024-03-02 20:05:33.162788+07","2024-03-02 20:05:33.162788+07"
"12.01.15","120115 ","12.01","Badiri","2024-03-02 20:05:33.162788+07","2024-03-02 20:05:33.162788+07"
"12.01.16","120116 ","12.01","Pasaribu Tobing","2024-03-02 20:05:33.162788+07","2024-03-02 20:05:33.162788+07"
"12.01.17","120117 ","12.01","Barus Utara","2024-03-02 20:05:33.162788+07","2024-03-02 20:05:33.162788+07"
"12.01.18","120118 ","12.01","Suka Bangun","2024-03-02 20:05:33.162788+07","2024-03-02 20:05:33.162788+07"
"12.01.19","120119 ","12.01","Lumut","2024-03-02 20:05:33.162788+07","2024-03-02 20:05:33.162788+07"
"12.01.20","120120 ","12.01","Sarudik","2024-03-02 20:05:33.162788+07","2024-03-02 20:05:33.162788+07"
"12.02.01","120201 ","12.02","Tarutung","2024-03-02 20:05:33.162788+07","2024-03-02 20:05:33.162788+07"
"12.02.02","120202 ","12.02","Siatas Barita","2024-03-02 20:05:33.162788+07","2024-03-02 20:05:33.162788+07"
"12.02.03","120203 ","12.02","Adian Koting","2024-03-02 20:05:33.162788+07","2024-03-02 20:05:33.162788+07"
"12.02.04","120204 ","12.02","Sipoholon","2024-03-02 20:05:33.162788+07","2024-03-02 20:05:33.162788+07"
"12.02.05","120205 ","12.02","Pahae Julu","2024-03-02 20:05:33.162788+07","2024-03-02 20:05:33.162788+07"
"12.02.06","120206 ","12.02","Pahae Jae","2024-03-02 20:05:33.162788+07","2024-03-02 20:05:33.162788+07"
"12.02.07","120207 ","12.02","Simangumban","2024-03-02 20:05:33.162788+07","2024-03-02 20:05:33.162788+07"
"12.02.08","120208 ","12.02","Purba Tua","2024-03-02 20:05:33.162788+07","2024-03-02 20:05:33.162788+07"
"12.02.09","120209 ","12.02","Siborong-Borong","2024-03-02 20:05:33.162788+07","2024-03-02 20:05:33.162788+07"
"12.02.10","120210 ","12.02","Pagaran","2024-03-02 20:05:33.162788+07","2024-03-02 20:05:33.162788+07"
"12.02.11","120211 ","12.02","Parmonangan","2024-03-02 20:05:33.162788+07","2024-03-02 20:05:33.162788+07"
"12.02.12","120212 ","12.02","Sipahutar","2024-03-02 20:05:33.162788+07","2024-03-02 20:05:33.162788+07"
"12.02.13","120213 ","12.02","Pangaribuan","2024-03-02 20:05:33.162788+07","2024-03-02 20:05:33.162788+07"
"12.02.14","120214 ","12.02","Garoga","2024-03-02 20:05:33.162788+07","2024-03-02 20:05:33.162788+07"
"12.02.15","120215 ","12.02","Muara","2024-03-02 20:05:33.162788+07","2024-03-02 20:05:33.162788+07"
"12.03.01","120301 ","12.03","Angkola Barat","2024-03-02 20:05:33.162788+07","2024-03-02 20:05:33.162788+07"
"12.03.02","120302 ","12.03","Batang Toru","2024-03-02 20:05:33.162788+07","2024-03-02 20:05:33.162788+07"
"12.03.03","120303 ","12.03","Angkola Timur","2024-03-02 20:05:33.162788+07","2024-03-02 20:05:33.162788+07"
"12.03.04","120304 ","12.03","Sipirok","2024-03-02 20:05:33.162788+07","2024-03-02 20:05:33.162788+07"
"12.03.05","120305 ","12.03","Saipar Dolok Hole","2024-03-02 20:05:33.162788+07","2024-03-02 20:05:33.162788+07"
"12.03.06","120306 ","12.03","Angkola Selatan","2024-03-02 20:05:33.162788+07","2024-03-02 20:05:33.162788+07"
"12.03.07","120307 ","12.03","Batang Angkola","2024-03-02 20:05:33.162788+07","2024-03-02 20:05:33.162788+07"
"12.03.14","120314 ","12.03","Arse","2024-03-02 20:05:33.162788+07","2024-03-02 20:05:33.162788+07"
"12.03.20","120320 ","12.03","Marancar","2024-03-02 20:05:33.162788+07","2024-03-02 20:05:33.162788+07"
"12.03.21","120321 ","12.03","Sayur Matinggi","2024-03-02 20:05:33.162788+07","2024-03-02 20:05:33.162788+07"
"12.03.22","120322 ","12.03","Aek Bilah","2024-03-02 20:05:33.162788+07","2024-03-02 20:05:33.162788+07"
"12.03.29","120329 ","12.03","Muara Batang Toru","2024-03-02 20:05:33.162788+07","2024-03-02 20:05:33.162788+07"
"12.03.30","120330 ","12.03","Tano Tombangan Angkola","2024-03-02 20:05:33.162788+07","2024-03-02 20:05:33.162788+07"
"12.03.31","120331 ","12.03","Angkola Sangkunur","2024-03-02 20:05:33.162788+07","2024-03-02 20:05:33.162788+07"
"12.03.32","120332 ","12.03","Angkola Muara Tais","2024-03-02 20:05:33.162788+07","2024-03-02 20:05:33.162788+07"
"12.04.05","120405 ","12.04","Hiliduho","2024-03-02 20:05:33.162788+07","2024-03-02 20:05:33.162788+07"
"12.04.06","120406 ","12.04","Gido","2024-03-02 20:05:33.162788+07","2024-03-02 20:05:33.162788+07"
"12.04.10","120410 ","12.04","Idanogawo","2024-03-02 20:05:33.162788+07","2024-03-02 20:05:33.162788+07"
"12.04.11","120411 ","12.04","Bawolato","2024-03-02 20:05:33.162788+07","2024-03-02 20:05:33.162788+07"
"12.04.20","120420 ","12.04","Hiliserangkai","2024-03-02 20:05:33.162788+07","2024-03-02 20:05:33.162788+07"
"12.04.21","120421 ","12.04","Botomuzoi","2024-03-02 20:05:33.162788+07","2024-03-02 20:05:33.162788+07"
"12.04.27","120427 ","12.04","Ulugawo","2024-03-02 20:05:33.162788+07","2024-03-02 20:05:33.162788+07"
"12.04.28","120428 ","12.04","Ma'u","2024-03-02 20:05:33.162788+07","2024-03-02 20:05:33.162788+07"
"12.04.29","120429 ","12.04","Somolo-molo","2024-03-02 20:05:33.162788+07","2024-03-02 20:05:33.162788+07"
"12.04.35","120435 ","12.04","Sogae'adu","2024-03-02 20:05:33.162788+07","2024-03-02 20:05:33.162788+07"
"12.05.01","120501 ","12.05","Bahorok","2024-03-02 20:05:33.162788+07","2024-03-02 20:05:33.162788+07"
"12.05.02","120502 ","12.05","Salapian","2024-03-02 20:05:33.162788+07","2024-03-02 20:05:33.162788+07"
"12.05.03","120503 ","12.05","Kuala","2024-03-02 20:05:33.162788+07","2024-03-02 20:05:33.162788+07"
"12.05.04","120504 ","12.05","Sei Bingei","2024-03-02 20:05:33.162788+07","2024-03-02 20:05:33.162788+07"
"12.05.05","120505 ","12.05","Binjai","2024-03-02 20:05:33.162788+07","2024-03-02 20:05:33.162788+07"
"12.05.06","120506 ","12.05","Selesai","2024-03-02 20:05:33.162788+07","2024-03-02 20:05:33.162788+07"
"12.05.07","120507 ","12.05","Stabat","2024-03-02 20:05:33.162788+07","2024-03-02 20:05:33.162788+07"
"12.05.08","120508 ","12.05","Wampu","2024-03-02 20:05:33.162788+07","2024-03-02 20:05:33.162788+07"
"12.05.09","120509 ","12.05","Secanggang","2024-03-02 20:05:33.162788+07","2024-03-02 20:05:33.162788+07"
"12.05.10","120510 ","12.05","Hinai","2024-03-02 20:05:33.162788+07","2024-03-02 20:05:33.162788+07"
"12.05.11","120511 ","12.05","Tanjung Pura","2024-03-02 20:05:33.162788+07","2024-03-02 20:05:33.162788+07"
"12.05.12","120512 ","12.05","Padang Tualang","2024-03-02 20:05:33.162788+07","2024-03-02 20:05:33.162788+07"
"12.05.13","120513 ","12.05","Gebang","2024-03-02 20:05:33.162788+07","2024-03-02 20:05:33.162788+07"
"12.05.14","120514 ","12.05","Babalan","2024-03-02 20:05:33.162788+07","2024-03-02 20:05:33.162788+07"
"12.05.15","120515 ","12.05","Pangkalan Susu","2024-03-02 20:05:33.162788+07","2024-03-02 20:05:33.162788+07"
"12.05.16","120516 ","12.05","Besitang","2024-03-02 20:05:33.162788+07","2024-03-02 20:05:33.162788+07"
"12.05.17","120517 ","12.05","Sei Lepan","2024-03-02 20:05:33.162788+07","2024-03-02 20:05:33.162788+07"
"12.05.18","120518 ","12.05","Berandan Barat","2024-03-02 20:05:33.162788+07","2024-03-02 20:05:33.162788+07"
"12.05.19","120519 ","12.05","Batang Serangan","2024-03-02 20:05:33.162788+07","2024-03-02 20:05:33.162788+07"
"12.05.20","120520 ","12.05","Sawit Seberang","2024-03-02 20:05:33.162788+07","2024-03-02 20:05:33.162788+07"
"12.05.21","120521 ","12.05","Sirapit","2024-03-02 20:05:33.162788+07","2024-03-02 20:05:33.162788+07"
"12.05.22","120522 ","12.05","Kutambaru","2024-03-02 20:05:33.162788+07","2024-03-02 20:05:33.162788+07"
"12.05.23","120523 ","12.05","Pematang Jaya","2024-03-02 20:05:33.162788+07","2024-03-02 20:05:33.162788+07"
"12.06.01","120601 ","12.06","Kabanjahe","2024-03-02 20:05:33.162788+07","2024-03-02 20:05:33.162788+07"
"12.06.02","120602 ","12.06","Berastagi","2024-03-02 20:05:33.162788+07","2024-03-02 20:05:33.162788+07"
"12.06.03","120603 ","12.06","Barusjahe","2024-03-02 20:05:33.162788+07","2024-03-02 20:05:33.162788+07"
"12.06.04","120604 ","12.06","Tigapanah","2024-03-02 20:05:33.162788+07","2024-03-02 20:05:33.162788+07"
"12.06.05","120605 ","12.06","Merek","2024-03-02 20:05:33.162788+07","2024-03-02 20:05:33.162788+07"
"12.06.06","120606 ","12.06","Munte","2024-03-02 20:05:33.162788+07","2024-03-02 20:05:33.162788+07"
"12.06.07","120607 ","12.06","Juhar","2024-03-02 20:05:33.162788+07","2024-03-02 20:05:33.162788+07"
"12.06.08","120608 ","12.06","Tigabinanga","2024-03-02 20:05:33.162788+07","2024-03-02 20:05:33.162788+07"
"12.06.09","120609 ","12.06","Laubaleng","2024-03-02 20:05:33.162788+07","2024-03-02 20:05:33.162788+07"
"12.06.10","120610 ","12.06","Mardingding","2024-03-02 20:05:33.162788+07","2024-03-02 20:05:33.162788+07"
"12.06.11","120611 ","12.06","Payung","2024-03-02 20:05:33.162788+07","2024-03-02 20:05:33.162788+07"
"12.06.12","120612 ","12.06","Simpang Empat","2024-03-02 20:05:33.162788+07","2024-03-02 20:05:33.162788+07"
"12.06.13","120613 ","12.06","Kutabuluh","2024-03-02 20:05:33.162788+07","2024-03-02 20:05:33.162788+07"
"12.06.14","120614 ","12.06","Dolat Rayat","2024-03-02 20:05:33.162788+07","2024-03-02 20:05:33.162788+07"
"12.06.15","120615 ","12.06","Merdeka","2024-03-02 20:05:33.162788+07","2024-03-02 20:05:33.162788+07"
"12.06.16","120616 ","12.06","Naman Teran","2024-03-02 20:05:33.162788+07","2024-03-02 20:05:33.162788+07"
"12.06.17","120617 ","12.06","Tiganderket","2024-03-02 20:05:33.162788+07","2024-03-02 20:05:33.162788+07"
"12.07.01","120701 ","12.07","Gunung Meriah","2024-03-02 20:05:33.162788+07","2024-03-02 20:05:33.162788+07"
"12.07.02","120702 ","12.07","Tanjung Morawa","2024-03-02 20:05:33.162788+07","2024-03-02 20:05:33.162788+07"
"12.07.03","120703 ","12.07","Sibolangit","2024-03-02 20:05:33.162788+07","2024-03-02 20:05:33.162788+07"
"12.07.04","120704 ","12.07","Kutalimbaru","2024-03-02 20:05:33.162788+07","2024-03-02 20:05:33.162788+07"
"12.07.05","120705 ","12.07","Pancur Batu","2024-03-02 20:05:33.162788+07","2024-03-02 20:05:33.162788+07"
"12.07.06","120706 ","12.07","Namorambe","2024-03-02 20:05:33.162788+07","2024-03-02 20:05:33.162788+07"
"12.07.07","120707 ","12.07","Sibiru-biru","2024-03-02 20:05:33.162788+07","2024-03-02 20:05:33.162788+07"
"12.07.08","120708 ","12.07","STM Hilir","2024-03-02 20:05:33.162788+07","2024-03-02 20:05:33.162788+07"
"12.07.09","120709 ","12.07","Bangun Purba","2024-03-02 20:05:33.162788+07","2024-03-02 20:05:33.162788+07"
"12.07.19","120719 ","12.07","Galang","2024-03-02 20:05:33.162788+07","2024-03-02 20:05:33.162788+07"
"12.07.20","120720 ","12.07","STM Hulu","2024-03-02 20:05:33.162788+07","2024-03-02 20:05:33.162788+07"
"12.07.21","120721 ","12.07","Patumbak","2024-03-02 20:05:33.162788+07","2024-03-02 20:05:33.162788+07"
"12.07.22","120722 ","12.07","Deli Tua","2024-03-02 20:05:33.162788+07","2024-03-02 20:05:33.162788+07"
"12.07.23","120723 ","12.07","Sunggal","2024-03-02 20:05:33.162788+07","2024-03-02 20:05:33.162788+07"
"12.07.24","120724 ","12.07","Hamparan Perak","2024-03-02 20:05:33.162788+07","2024-03-02 20:05:33.162788+07"
"12.07.25","120725 ","12.07","Labuhan Deli","2024-03-02 20:05:33.162788+07","2024-03-02 20:05:33.162788+07"
"12.07.26","120726 ","12.07","Percut Sei Tuan","2024-03-02 20:05:33.162788+07","2024-03-02 20:05:33.162788+07"
"12.07.27","120727 ","12.07","Batang Kuis","2024-03-02 20:05:33.162788+07","2024-03-02 20:05:33.162788+07"
"12.07.28","120728 ","12.07","Lubuk Pakam","2024-03-02 20:05:33.162788+07","2024-03-02 20:05:33.162788+07"
"12.07.31","120731 ","12.07","Pagar Merbau","2024-03-02 20:05:33.162788+07","2024-03-02 20:05:33.162788+07"
"12.07.32","120732 ","12.07","Pantai Labu","2024-03-02 20:05:33.162788+07","2024-03-02 20:05:33.162788+07"
"12.07.33","120733 ","12.07","Beringin","2024-03-02 20:05:33.162788+07","2024-03-02 20:05:33.162788+07"
"12.08.01","120801 ","12.08","Siantar","2024-03-02 20:05:33.162788+07","2024-03-02 20:05:33.162788+07"
"12.08.02","120802 ","12.08","Gunung Malela","2024-03-02 20:05:33.162788+07","2024-03-02 20:05:33.162788+07"
"12.08.03","120803 ","12.08","Gunung Maligas","2024-03-02 20:05:33.162788+07","2024-03-02 20:05:33.162788+07"
"12.08.04","120804 ","12.08","Panei","2024-03-02 20:05:33.162788+07","2024-03-02 20:05:33.162788+07"
"12.08.05","120805 ","12.08","Panombeian Pane","2024-03-02 20:05:33.162788+07","2024-03-02 20:05:33.162788+07"
"12.08.06","120806 ","12.08","Jorlang Hataran","2024-03-02 20:05:33.162788+07","2024-03-02 20:05:33.162788+07"
"12.08.07","120807 ","12.08","Raya Kahean","2024-03-02 20:05:33.162788+07","2024-03-02 20:05:33.162788+07"
"12.08.08","120808 ","12.08","Bosar Maligas","2024-03-02 20:05:33.162788+07","2024-03-02 20:05:33.162788+07"
"12.08.09","120809 ","12.08","Sidamanik","2024-03-02 20:05:33.162788+07","2024-03-02 20:05:33.162788+07"
"12.08.10","120810 ","12.08","Pematang Sidamanik","2024-03-02 20:05:33.162788+07","2024-03-02 20:05:33.162788+07"
"12.08.11","120811 ","12.08","Tanah Jawa","2024-03-02 20:05:33.162788+07","2024-03-02 20:05:33.162788+07"
"12.08.12","120812 ","12.08","Hatonduhan","2024-03-02 20:05:33.162788+07","2024-03-02 20:05:33.162788+07"
"12.08.13","120813 ","12.08","Dolok Panribuan","2024-03-02 20:05:33.162788+07","2024-03-02 20:05:33.162788+07"
"12.08.14","120814 ","12.08","Purba","2024-03-02 20:05:33.162788+07","2024-03-02 20:05:33.162788+07"
"12.08.15","120815 ","12.08","Haranggaol Horison","2024-03-02 20:05:33.162788+07","2024-03-02 20:05:33.162788+07"
"12.08.16","120816 ","12.08","Girsang Sipangan Bolon","2024-03-02 20:05:33.162788+07","2024-03-02 20:05:33.162788+07"
"12.08.17","120817 ","12.08","Dolok Batu Nanggar","2024-03-02 20:05:33.162788+07","2024-03-02 20:05:33.162788+07"
"12.08.18","120818 ","12.08","Huta Bayu Raja","2024-03-02 20:05:33.162788+07","2024-03-02 20:05:33.162788+07"
"12.08.19","120819 ","12.08","Jawa Maraja Bah Jambi","2024-03-02 20:05:33.162788+07","2024-03-02 20:05:33.162788+07"
"12.08.20","120820 ","12.08","Dolok Pardamean","2024-03-02 20:05:33.162788+07","2024-03-02 20:05:33.162788+07"
"12.08.21","120821 ","12.08","Pematang Bandar","2024-03-02 20:05:33.162788+07","2024-03-02 20:05:33.162788+07"
"12.08.22","120822 ","12.08","Bandar Huluan","2024-03-02 20:05:33.162788+07","2024-03-02 20:05:33.162788+07"
"12.08.23","120823 ","12.08","Bandar","2024-03-02 20:05:33.162788+07","2024-03-02 20:05:33.162788+07"
"12.08.24","120824 ","12.08","Bandar Masilam","2024-03-02 20:05:33.162788+07","2024-03-02 20:05:33.162788+07"
"12.08.25","120825 ","12.08","Silimakuta","2024-03-02 20:05:33.162788+07","2024-03-02 20:05:33.162788+07"
"12.08.26","120826 ","12.08","Dolok Silau","2024-03-02 20:05:33.162788+07","2024-03-02 20:05:33.162788+07"
"12.08.27","120827 ","12.08","Silou Kahean","2024-03-02 20:05:33.162788+07","2024-03-02 20:05:33.162788+07"
"12.08.28","120828 ","12.08","Tapian Dolok","2024-03-02 20:05:33.162788+07","2024-03-02 20:05:33.162788+07"
"12.08.29","120829 ","12.08","Raya","2024-03-02 20:05:33.162788+07","2024-03-02 20:05:33.162788+07"
"12.08.30","120830 ","12.08","Ujung Padang","2024-03-02 20:05:33.162788+07","2024-03-02 20:05:33.162788+07"
"12.08.31","120831 ","12.08","Pamatang Silima Huta","2024-03-02 20:05:33.162788+07","2024-03-02 20:05:33.162788+07"
"12.08.32","120832 ","12.08","Dolog Masagal","2024-03-02 20:05:33.162788+07","2024-03-02 20:05:33.162788+07"
"12.09.08","120908 ","12.09","Meranti","2024-03-02 20:05:33.162788+07","2024-03-02 20:05:33.162788+07"
"12.09.09","120909 ","12.09","Air Joman","2024-03-02 20:05:33.162788+07","2024-03-02 20:05:33.162788+07"
"12.09.10","120910 ","12.09","Tanjung Balai","2024-03-02 20:05:33.162788+07","2024-03-02 20:05:33.162788+07"
"12.09.11","120911 ","12.09","Sei Kepayang","2024-03-02 20:05:33.162788+07","2024-03-02 20:05:33.162788+07"
"12.09.12","120912 ","12.09","Simpang Empat","2024-03-02 20:05:33.162788+07","2024-03-02 20:05:33.162788+07"
"12.09.13","120913 ","12.09","Air Batu","2024-03-02 20:05:33.162788+07","2024-03-02 20:05:33.162788+07"
"12.09.14","120914 ","12.09","Pulau Rakyat","2024-03-02 20:05:33.162788+07","2024-03-02 20:05:33.162788+07"
"12.09.15","120915 ","12.09","Bandar Pulau","2024-03-02 20:05:33.162788+07","2024-03-02 20:05:33.162788+07"
"12.09.16","120916 ","12.09","Buntu Pane","2024-03-02 20:05:33.162788+07","2024-03-02 20:05:33.162788+07"
"12.09.17","120917 ","12.09","Bandar Pasir Mandoge","2024-03-02 20:05:33.162788+07","2024-03-02 20:05:33.162788+07"
"12.09.18","120918 ","12.09","Aek Kuasan","2024-03-02 20:05:33.162788+07","2024-03-02 20:05:33.162788+07"
"12.09.19","120919 ","12.09","Kota Kisaran Barat","2024-03-02 20:05:33.162788+07","2024-03-02 20:05:33.162788+07"
"12.09.20","120920 ","12.09","Kota Kisaran Timur","2024-03-02 20:05:33.162788+07","2024-03-02 20:05:33.162788+07"
"12.09.21","120921 ","12.09","Aek Songsongan","2024-03-02 20:05:33.162788+07","2024-03-02 20:05:33.162788+07"
"12.09.22","120922 ","12.09","Rahunig","2024-03-02 20:05:33.162788+07","2024-03-02 20:05:33.162788+07"
"12.09.23","120923 ","12.09","Sei Dadap","2024-03-02 20:05:33.162788+07","2024-03-02 20:05:33.162788+07"
"12.09.24","120924 ","12.09","Sei Kepayang Barat","2024-03-02 20:05:33.162788+07","2024-03-02 20:05:33.162788+07"
"12.09.25","120925 ","12.09","Sei Kepayang Timur","2024-03-02 20:05:33.162788+07","2024-03-02 20:05:33.162788+07"
"12.09.26","120926 ","12.09","Tinggi Raja","2024-03-02 20:05:33.162788+07","2024-03-02 20:05:33.162788+07"
"12.09.27","120927 ","12.09","Setia Janji","2024-03-02 20:05:33.162788+07","2024-03-02 20:05:33.162788+07"
"12.09.28","120928 ","12.09","Silau Laut","2024-03-02 20:05:33.162788+07","2024-03-02 20:05:33.162788+07"
"12.09.29","120929 ","12.09","Rawang Panca Arga","2024-03-02 20:05:33.162788+07","2024-03-02 20:05:33.162788+07"
"12.09.30","120930 ","12.09","Pulo Bandring","2024-03-02 20:05:33.162788+07","2024-03-02 20:05:33.162788+07"
"12.09.31","120931 ","12.09","Teluk Dalam","2024-03-02 20:05:33.162788+07","2024-03-02 20:05:33.162788+07"
"12.09.32","120932 ","12.09","Aek Ledong","2024-03-02 20:05:33.162788+07","2024-03-02 20:05:33.162788+07"
"12.10.01","121001 ","12.10","Rantau Utara","2024-03-02 20:05:33.162788+07","2024-03-02 20:05:33.162788+07"
"12.10.02","121002 ","12.10","Rantau Selatan","2024-03-02 20:05:33.162788+07","2024-03-02 20:05:33.162788+07"
"12.10.07","121007 ","12.10","Bilah Barat","2024-03-02 20:05:33.162788+07","2024-03-02 20:05:33.162788+07"
"12.10.08","121008 ","12.10","Bilah Hilir","2024-03-02 20:05:33.162788+07","2024-03-02 20:05:33.162788+07"
"12.10.09","121009 ","12.10","Bilah Hulu","2024-03-02 20:05:33.162788+07","2024-03-02 20:05:33.162788+07"
"12.10.14","121014 ","12.10","Pangkatan","2024-03-02 20:05:33.162788+07","2024-03-02 20:05:33.162788+07"
"12.10.18","121018 ","12.10","Panai Tengah","2024-03-02 20:05:33.162788+07","2024-03-02 20:05:33.162788+07"
"12.10.19","121019 ","12.10","Panai Hilir","2024-03-02 20:05:33.162788+07","2024-03-02 20:05:33.162788+07"
"12.10.20","121020 ","12.10","Panai Hulu","2024-03-02 20:05:33.162788+07","2024-03-02 20:05:33.162788+07"
"12.11.01","121101 ","12.11","Sidikalang","2024-03-02 20:05:33.162788+07","2024-03-02 20:05:33.162788+07"
"12.11.02","121102 ","12.11","Sumbul","2024-03-02 20:05:33.162788+07","2024-03-02 20:05:33.162788+07"
"12.11.03","121103 ","12.11","Tigalingga","2024-03-02 20:05:33.162788+07","2024-03-02 20:05:33.162788+07"
"12.11.04","121104 ","12.11","Siempat Nempu","2024-03-02 20:05:33.162788+07","2024-03-02 20:05:33.162788+07"
"12.11.05","121105 ","12.11","Silima Pungga Pungga","2024-03-02 20:05:33.162788+07","2024-03-02 20:05:33.162788+07"
"12.11.06","121106 ","12.11","Tanah Pinem","2024-03-02 20:05:33.162788+07","2024-03-02 20:05:33.162788+07"
"12.11.07","121107 ","12.11","Siempat Nempu Hulu","2024-03-02 20:05:33.162788+07","2024-03-02 20:05:33.162788+07"
"12.11.08","121108 ","12.11","Siempat Nempu Hilir","2024-03-02 20:05:33.162788+07","2024-03-02 20:05:33.162788+07"
"12.11.09","121109 ","12.11","Pegagan Hilir","2024-03-02 20:05:33.162788+07","2024-03-02 20:05:33.162788+07"
"12.11.10","121110 ","12.11","Parbuluan","2024-03-02 20:05:33.162788+07","2024-03-02 20:05:33.162788+07"
"12.11.11","121111 ","12.11","Lae Parira","2024-03-02 20:05:33.162788+07","2024-03-02 20:05:33.162788+07"
"12.11.12","121112 ","12.11","Gunung Sitember","2024-03-02 20:05:33.162788+07","2024-03-02 20:05:33.162788+07"
"12.11.13","121113 ","12.11","Berampu","2024-03-02 20:05:33.162788+07","2024-03-02 20:05:33.162788+07"
"12.11.14","121114 ","12.11","Silahisabungan","2024-03-02 20:05:33.162788+07","2024-03-02 20:05:33.162788+07"
"12.11.15","121115 ","12.11","Sitinjo","2024-03-02 20:05:33.162788+07","2024-03-02 20:05:33.162788+07"
"12.12.01","121201 ","12.12","Balige","2024-03-02 20:05:33.162788+07","2024-03-02 20:05:33.162788+07"
"12.12.02","121202 ","12.12","Laguboti","2024-03-02 20:05:33.162788+07","2024-03-02 20:05:33.162788+07"
"12.12.03","121203 ","12.12","Silaen","2024-03-02 20:05:33.162788+07","2024-03-02 20:05:33.162788+07"
"12.12.04","121204 ","12.12","Habinsaran","2024-03-02 20:05:33.162788+07","2024-03-02 20:05:33.162788+07"
"12.12.05","121205 ","12.12","Pintu Pohan Meranti","2024-03-02 20:05:33.162788+07","2024-03-02 20:05:33.162788+07"
"12.12.06","121206 ","12.12","Borbor","2024-03-02 20:05:33.162788+07","2024-03-02 20:05:33.162788+07"
"12.12.07","121207 ","12.12","Porsea","2024-03-02 20:05:33.162788+07","2024-03-02 20:05:33.162788+07"
"12.12.08","121208 ","12.12","Ajibata","2024-03-02 20:05:33.162788+07","2024-03-02 20:05:33.162788+07"
"12.12.09","121209 ","12.12","Lumban Julu","2024-03-02 20:05:33.162788+07","2024-03-02 20:05:33.162788+07"
"12.12.10","121210 ","12.12","Uluan","2024-03-02 20:05:33.162788+07","2024-03-02 20:05:33.162788+07"
"12.12.19","121219 ","12.12","Sigumpar","2024-03-02 20:05:33.162788+07","2024-03-02 20:05:33.162788+07"
"12.12.20","121220 ","12.12","Siantar Narumonda","2024-03-02 20:05:33.162788+07","2024-03-02 20:05:33.162788+07"
"12.12.21","121221 ","12.12","Nassau","2024-03-02 20:05:33.162788+07","2024-03-02 20:05:33.162788+07"
"12.12.22","121222 ","12.12","Tampahan","2024-03-02 20:05:33.162788+07","2024-03-02 20:05:33.162788+07"
"12.12.23","121223 ","12.12","Bonatua Lunasi","2024-03-02 20:05:33.162788+07","2024-03-02 20:05:33.162788+07"
"12.12.24","121224 ","12.12","Parmaksian","2024-03-02 20:05:33.162788+07","2024-03-02 20:05:33.162788+07"
"12.13.01","121301 ","12.13","Panyabungan","2024-03-02 20:05:33.162788+07","2024-03-02 20:05:33.162788+07"
"12.13.02","121302 ","12.13","Panyabungan Utara","2024-03-02 20:05:33.162788+07","2024-03-02 20:05:33.162788+07"
"12.13.03","121303 ","12.13","Panyabungan Timur","2024-03-02 20:05:33.162788+07","2024-03-02 20:05:33.162788+07"
"12.13.04","121304 ","12.13","Panyabungan Selatan","2024-03-02 20:05:33.162788+07","2024-03-02 20:05:33.162788+07"
"12.13.05","121305 ","12.13","Panyabungan Barat","2024-03-02 20:05:33.162788+07","2024-03-02 20:05:33.162788+07"
"12.13.06","121306 ","12.13","Siabu","2024-03-02 20:05:33.162788+07","2024-03-02 20:05:33.162788+07"
"12.13.07","121307 ","12.13","Bukit Malintang","2024-03-02 20:05:33.162788+07","2024-03-02 20:05:33.162788+07"
"12.13.08","121308 ","12.13","Kotanopan","2024-03-02 20:05:33.162788+07","2024-03-02 20:05:33.162788+07"
"12.13.09","121309 ","12.13","Lembah Sorik Marapi","2024-03-02 20:05:33.162788+07","2024-03-02 20:05:33.162788+07"
"12.13.10","121310 ","12.13","Tambangan","2024-03-02 20:05:33.162788+07","2024-03-02 20:05:33.162788+07"
"12.13.11","121311 ","12.13","Ulu Pungkut","2024-03-02 20:05:33.162788+07","2024-03-02 20:05:33.162788+07"
"12.13.12","121312 ","12.13","Muara Sipongi","2024-03-02 20:05:33.162788+07","2024-03-02 20:05:33.162788+07"
"12.13.13","121313 ","12.13","Batang Natal","2024-03-02 20:05:33.162788+07","2024-03-02 20:05:33.162788+07"
"12.13.14","121314 ","12.13","Lingga Bayu","2024-03-02 20:05:33.162788+07","2024-03-02 20:05:33.162788+07"
"12.13.15","121315 ","12.13","Batahan","2024-03-02 20:05:33.162788+07","2024-03-02 20:05:33.162788+07"
"12.13.16","121316 ","12.13","Natal","2024-03-02 20:05:33.162788+07","2024-03-02 20:05:33.162788+07"
"12.13.17","121317 ","12.13","Muara Batang Gadis","2024-03-02 20:05:33.162788+07","2024-03-02 20:05:33.162788+07"
"12.13.18","121318 ","12.13","Ranto Baek","2024-03-02 20:05:33.162788+07","2024-03-02 20:05:33.162788+07"
"12.13.19","121319 ","12.13","Huta Bargot","2024-03-02 20:05:33.162788+07","2024-03-02 20:05:33.162788+07"
"12.13.20","121320 ","12.13","Puncak Sorik Marapi","2024-03-02 20:05:33.162788+07","2024-03-02 20:05:33.162788+07"
"12.13.21","121321 ","12.13","Pakantan","2024-03-02 20:05:33.162788+07","2024-03-02 20:05:33.162788+07"
"12.13.22","121322 ","12.13","Sinunukan","2024-03-02 20:05:33.162788+07","2024-03-02 20:05:33.162788+07"
"12.13.23","121323 ","12.13","Naga Juang","2024-03-02 20:05:33.162788+07","2024-03-02 20:05:33.162788+07"
"12.14.01","121401 ","12.14","Lolomatua","2024-03-02 20:05:33.162788+07","2024-03-02 20:05:33.162788+07"
"12.14.02","121402 ","12.14","Gomo","2024-03-02 20:05:33.162788+07","2024-03-02 20:05:33.162788+07"
"12.14.03","121403 ","12.14","Lahusa","2024-03-02 20:05:33.162788+07","2024-03-02 20:05:33.162788+07"
"12.14.04","121404 ","12.14","Hibala","2024-03-02 20:05:33.162788+07","2024-03-02 20:05:33.162788+07"
"12.14.05","121405 ","12.14","Pulau-Pulau Batu","2024-03-02 20:05:33.162788+07","2024-03-02 20:05:33.162788+07"
"12.14.06","121406 ","12.14","Teluk Dalam","2024-03-02 20:05:33.162788+07","2024-03-02 20:05:33.162788+07"
"12.14.07","121407 ","12.14","Amandraya","2024-03-02 20:05:33.162788+07","2024-03-02 20:05:33.162788+07"
"12.14.08","121408 ","12.14","Lolowau","2024-03-02 20:05:33.162788+07","2024-03-02 20:05:33.162788+07"
"12.14.09","121409 ","12.14","Susua","2024-03-02 20:05:33.162788+07","2024-03-02 20:05:33.162788+07"
"12.14.10","121410 ","12.14","Maniamolo","2024-03-02 20:05:33.162788+07","2024-03-02 20:05:33.162788+07"
"12.14.11","121411 ","12.14","Hilimegai","2024-03-02 20:05:33.162788+07","2024-03-02 20:05:33.162788+07"
"12.14.12","121412 ","12.14","Toma","2024-03-02 20:05:33.162788+07","2024-03-02 20:05:33.162788+07"
"12.14.13","121413 ","12.14","Mazino","2024-03-02 20:05:33.162788+07","2024-03-02 20:05:33.162788+07"
"12.14.14","121414 ","12.14","Umbunasi","2024-03-02 20:05:33.162788+07","2024-03-02 20:05:33.162788+07"
"12.14.15","121415 ","12.14","Aramo","2024-03-02 20:05:33.162788+07","2024-03-02 20:05:33.162788+07"
"12.14.16","121416 ","12.14","Pulau-Pulau Batu Timur","2024-03-02 20:05:33.162788+07","2024-03-02 20:05:33.162788+07"
"12.14.17","121417 ","12.14","Mazo","2024-03-02 20:05:33.162788+07","2024-03-02 20:05:33.162788+07"
"12.14.18","121418 ","12.14","Fanayama","2024-03-02 20:05:33.162788+07","2024-03-02 20:05:33.162788+07"
"12.14.19","121419 ","12.14","Ulunoyo","2024-03-02 20:05:33.162788+07","2024-03-02 20:05:33.162788+07"
"12.14.20","121420 ","12.14","Huruna","2024-03-02 20:05:33.162788+07","2024-03-02 20:05:33.162788+07"
"12.14.21","121421 ","12.14","O'o'u","2024-03-02 20:05:33.162788+07","2024-03-02 20:05:33.162788+07"
"12.14.22","121422 ","12.14","Onohazumba","2024-03-02 20:05:33.162788+07","2024-03-02 20:05:33.162788+07"
"12.14.23","121423 ","12.14","Hilisalawa'ahe","2024-03-02 20:05:33.162788+07","2024-03-02 20:05:33.162788+07"
"12.14.24","121424 ","12.14","Ulususua","2024-03-02 20:05:33.162788+07","2024-03-02 20:05:33.162788+07"
"12.14.25","121425 ","12.14","Sidua'ori","2024-03-02 20:05:33.162788+07","2024-03-02 20:05:33.162788+07"
"12.14.26","121426 ","12.14","Somambawa","2024-03-02 20:05:33.162788+07","2024-03-02 20:05:33.162788+07"
"12.14.27","121427 ","12.14","Boronadu","2024-03-02 20:05:33.162788+07","2024-03-02 20:05:33.162788+07"
"12.14.28","121428 ","12.14","Simuk","2024-03-02 20:05:33.162788+07","2024-03-02 20:05:33.162788+07"
"12.14.29","121429 ","12.14","Pulau-Pulau Batu Barat","2024-03-02 20:05:33.162788+07","2024-03-02 20:05:33.162788+07"
"12.14.30","121430 ","12.14","Pulau-Pulau Batu Utara","2024-03-02 20:05:33.162788+07","2024-03-02 20:05:33.162788+07"
"12.14.31","121431 ","12.14","Tanah Masa","2024-03-02 20:05:33.162788+07","2024-03-02 20:05:33.162788+07"
"12.14.32","121432 ","12.14","Luahagundre Maniamolo","2024-03-02 20:05:33.162788+07","2024-03-02 20:05:33.162788+07"
"12.14.33","121433 ","12.14","Onolalu","2024-03-02 20:05:33.162788+07","2024-03-02 20:05:33.162788+07"
"12.14.34","121434 ","12.14","Ulu Idanotae","2024-03-02 20:05:33.162788+07","2024-03-02 20:05:33.162788+07"
"12.14.35","121435 ","12.14","Idanotae","2024-03-02 20:05:33.162788+07","2024-03-02 20:05:33.162788+07"
"12.15.01","121501 ","12.15","Sitelu Tali Urang Jehe","2024-03-02 20:05:33.162788+07","2024-03-02 20:05:33.162788+07"
"12.15.02","121502 ","12.15","Kerajaan","2024-03-02 20:05:33.162788+07","2024-03-02 20:05:33.162788+07"
"12.15.03","121503 ","12.15","Salak","2024-03-02 20:05:33.162788+07","2024-03-02 20:05:33.162788+07"
"12.15.04","121504 ","12.15","Sitelu Tali Urang Julu","2024-03-02 20:05:33.162788+07","2024-03-02 20:05:33.162788+07"
"12.15.05","121505 ","12.15","Pergetteng Getteng Sengkut","2024-03-02 20:05:33.162788+07","2024-03-02 20:05:33.162788+07"
"12.15.06","121506 ","12.15","Pagindar","2024-03-02 20:05:33.162788+07","2024-03-02 20:05:33.162788+07"
"12.15.07","121507 ","12.15","Tinada","2024-03-02 20:05:33.162788+07","2024-03-02 20:05:33.162788+07"
"12.15.08","121508 ","12.15","Siempat Rube","2024-03-02 20:05:33.162788+07","2024-03-02 20:05:33.162788+07"
"12.16.01","121601 ","12.16","Parlilitan","2024-03-02 20:05:33.162788+07","2024-03-02 20:05:33.162788+07"
"12.16.02","121602 ","12.16","Pollung","2024-03-02 20:05:33.162788+07","2024-03-02 20:05:33.162788+07"
"12.16.03","121603 ","12.16","Baktiraja","2024-03-02 20:05:33.162788+07","2024-03-02 20:05:33.162788+07"
"12.16.04","121604 ","12.16","Paranginan","2024-03-02 20:05:33.162788+07","2024-03-02 20:05:33.162788+07"
"12.16.05","121605 ","12.16","Lintong Nihuta","2024-03-02 20:05:33.162788+07","2024-03-02 20:05:33.162788+07"
"12.16.06","121606 ","12.16","Dolok Sanggul","2024-03-02 20:05:33.162788+07","2024-03-02 20:05:33.162788+07"
"12.16.07","121607 ","12.16","Sijamapolang","2024-03-02 20:05:33.162788+07","2024-03-02 20:05:33.162788+07"
"12.16.08","121608 ","12.16","Onan Ganjang","2024-03-02 20:05:33.162788+07","2024-03-02 20:05:33.162788+07"
"12.16.09","121609 ","12.16","Pakkat","2024-03-02 20:05:33.162788+07","2024-03-02 20:05:33.162788+07"
"12.16.10","121610 ","12.16","Tarabintang","2024-03-02 20:05:33.162788+07","2024-03-02 20:05:33.162788+07"
"12.17.01","121701 ","12.17","Simanindo","2024-03-02 20:05:33.162788+07","2024-03-02 20:05:33.162788+07"
"12.17.02","121702 ","12.17","Onan Runggu","2024-03-02 20:05:33.162788+07","2024-03-02 20:05:33.162788+07"
"12.17.03","121703 ","12.17","Nainggolan","2024-03-02 20:05:33.162788+07","2024-03-02 20:05:33.162788+07"
"12.17.04","121704 ","12.17","Palipi","2024-03-02 20:05:33.162788+07","2024-03-02 20:05:33.162788+07"
"12.17.05","121705 ","12.17","Harian","2024-03-02 20:05:33.162788+07","2024-03-02 20:05:33.162788+07"
"12.17.06","121706 ","12.17","Sianjar Mula Mula","2024-03-02 20:05:33.162788+07","2024-03-02 20:05:33.162788+07"
"12.17.07","121707 ","12.17","Ronggur Nihuta","2024-03-02 20:05:33.162788+07","2024-03-02 20:05:33.162788+07"
"12.17.08","121708 ","12.17","Pangururan","2024-03-02 20:05:33.162788+07","2024-03-02 20:05:33.162788+07"
"12.17.09","121709 ","12.17","Sitio-tio","2024-03-02 20:05:33.162788+07","2024-03-02 20:05:33.162788+07"
"12.18.01","121801 ","12.18","Pantai Cermin","2024-03-02 20:05:33.162788+07","2024-03-02 20:05:33.162788+07"
"12.18.02","121802 ","12.18","Perbaungan","2024-03-02 20:05:33.162788+07","2024-03-02 20:05:33.162788+07"
"12.18.03","121803 ","12.18","Teluk Mengkudu","2024-03-02 20:05:33.162788+07","2024-03-02 20:05:33.162788+07"
"12.18.04","121804 ","12.18","Sei Rampah","2024-03-02 20:05:33.162788+07","2024-03-02 20:05:33.162788+07"
"12.18.05","121805 ","12.18","Tanjung Beringin","2024-03-02 20:05:33.162788+07","2024-03-02 20:05:33.162788+07"
"12.18.06","121806 ","12.18","Bandar Khalipah","2024-03-02 20:05:33.162788+07","2024-03-02 20:05:33.162788+07"
"12.18.07","121807 ","12.18","Dolok Merawan","2024-03-02 20:05:33.162788+07","2024-03-02 20:05:33.162788+07"
"12.18.08","121808 ","12.18","Sipispis","2024-03-02 20:05:33.162788+07","2024-03-02 20:05:33.162788+07"
"12.18.09","121809 ","12.18","Dolok Masihul","2024-03-02 20:05:33.162788+07","2024-03-02 20:05:33.162788+07"
"12.18.10","121810 ","12.18","Kotarih","2024-03-02 20:05:33.162788+07","2024-03-02 20:05:33.162788+07"
"12.18.11","121811 ","12.18","Silinda","2024-03-02 20:05:33.162788+07","2024-03-02 20:05:33.162788+07"
"12.18.12","121812 ","12.18","Serba Jadi","2024-03-02 20:05:33.162788+07","2024-03-02 20:05:33.162788+07"
"12.18.13","121813 ","12.18","Tebing Tinggi","2024-03-02 20:05:33.162788+07","2024-03-02 20:05:33.162788+07"
"12.18.14","121814 ","12.18","Pegajahan","2024-03-02 20:05:33.162788+07","2024-03-02 20:05:33.162788+07"
"12.18.15","121815 ","12.18","Sei Bamban","2024-03-02 20:05:33.162788+07","2024-03-02 20:05:33.162788+07"
"12.18.16","121816 ","12.18","Tebing Syahbandar","2024-03-02 20:05:33.162788+07","2024-03-02 20:05:33.162788+07"
"12.18.17","121817 ","12.18","Bintang Bayu","2024-03-02 20:05:33.162788+07","2024-03-02 20:05:33.162788+07"
"12.19.01","121901 ","12.19","Medang Deras","2024-03-02 20:05:33.162788+07","2024-03-02 20:05:33.162788+07"
"12.19.02","121902 ","12.19","Sei Suka","2024-03-02 20:05:33.162788+07","2024-03-02 20:05:33.162788+07"
"12.19.03","121903 ","12.19","Air Putih","2024-03-02 20:05:33.162788+07","2024-03-02 20:05:33.162788+07"
"12.19.04","121904 ","12.19","Lima Puluh","2024-03-02 20:05:33.162788+07","2024-03-02 20:05:33.162788+07"
"12.19.05","121905 ","12.19","Talawi","2024-03-02 20:05:33.162788+07","2024-03-02 20:05:33.162788+07"
"12.19.06","121906 ","12.19","Tanjung Tiram","2024-03-02 20:05:33.162788+07","2024-03-02 20:05:33.162788+07"
"12.19.07","121907 ","12.19","Sei Balai","2024-03-02 20:05:33.162788+07","2024-03-02 20:05:33.162788+07"
"12.19.08","121908 ","12.19","Laut Tador","2024-03-02 20:05:33.162788+07","2024-03-02 20:05:33.162788+07"
"12.19.09","121909 ","12.19","Lima Puluh Pesisir","2024-03-02 20:05:33.162788+07","2024-03-02 20:05:33.162788+07"
"12.19.10","121910 ","12.19","Datuk Lima Puluh","2024-03-02 20:05:33.162788+07","2024-03-02 20:05:33.162788+07"
"12.19.11","121911 ","12.19","Datuk Tanah Datar","2024-03-02 20:05:33.162788+07","2024-03-02 20:05:33.162788+07"
"12.19.12","121912 ","12.19","Nibung Hangus","2024-03-02 20:05:33.162788+07","2024-03-02 20:05:33.162788+07"
"12.20.01","122001 ","12.20","Dolok Sigompulon","2024-03-02 20:05:33.162788+07","2024-03-02 20:05:33.162788+07"
"12.20.02","122002 ","12.20","Dolok","2024-03-02 20:05:33.162788+07","2024-03-02 20:05:33.162788+07"
"12.20.03","122003 ","12.20","Halongonan","2024-03-02 20:05:33.162788+07","2024-03-02 20:05:33.162788+07"
"12.20.04","122004 ","12.20","Padang Bolak","2024-03-02 20:05:33.162788+07","2024-03-02 20:05:33.162788+07"
"12.20.05","122005 ","12.20","Padang Bolak Julu","2024-03-02 20:05:33.162788+07","2024-03-02 20:05:33.162788+07"
"12.20.06","122006 ","12.20","Portibi","2024-03-02 20:05:33.162788+07","2024-03-02 20:05:33.162788+07"
"12.20.07","122007 ","12.20","Batang Onang","2024-03-02 20:05:33.162788+07","2024-03-02 20:05:33.162788+07"
"12.20.08","122008 ","12.20","Simangambat","2024-03-02 20:05:33.162788+07","2024-03-02 20:05:33.162788+07"
"12.20.09","122009 ","12.20","Hulu Sihapas","2024-03-02 20:05:33.162788+07","2024-03-02 20:05:33.162788+07"
"12.20.10","122010 ","12.20","Padang Bolak Tenggara","2024-03-02 20:05:33.162788+07","2024-03-02 20:05:33.162788+07"
"12.20.11","122011 ","12.20","Halongonan Timur","2024-03-02 20:05:33.162788+07","2024-03-02 20:05:33.162788+07"
"12.20.12","122012 ","12.20","Ujung Batu","2024-03-02 20:05:33.162788+07","2024-03-02 20:05:33.162788+07"
"12.21.01","122101 ","12.21","Sosopan","2024-03-02 20:05:33.162788+07","2024-03-02 20:05:33.162788+07"
"12.21.02","122102 ","12.21","Barumun Tengah","2024-03-02 20:05:33.162788+07","2024-03-02 20:05:33.162788+07"
"12.21.03","122103 ","12.21","Huristak","2024-03-02 20:05:33.162788+07","2024-03-02 20:05:33.162788+07"
"12.21.04","122104 ","12.21","Lubuk Barumun","2024-03-02 20:05:33.162788+07","2024-03-02 20:05:33.162788+07"
"12.21.05","122105 ","12.21","Huta Raja Tinggi","2024-03-02 20:05:33.162788+07","2024-03-02 20:05:33.162788+07"
"12.21.06","122106 ","12.21","Ulu Barumun","2024-03-02 20:05:33.162788+07","2024-03-02 20:05:33.162788+07"
"12.21.07","122107 ","12.21","Barumun","2024-03-02 20:05:33.162788+07","2024-03-02 20:05:33.162788+07"
"12.21.08","122108 ","12.21","Sosa","2024-03-02 20:05:33.162788+07","2024-03-02 20:05:33.162788+07"
"12.21.09","122109 ","12.21","Batang Lubu Sutam","2024-03-02 20:05:33.162788+07","2024-03-02 20:05:33.162788+07"
"12.21.10","122110 ","12.21","Barumun Selatan","2024-03-02 20:05:33.162788+07","2024-03-02 20:05:33.162788+07"
"12.21.11","122111 ","12.21","Aek Nabara Barumun","2024-03-02 20:05:33.162788+07","2024-03-02 20:05:33.162788+07"
"12.21.12","122112 ","12.21","Sihapas Barumun","2024-03-02 20:05:33.162788+07","2024-03-02 20:05:33.162788+07"
"12.21.13","122113 ","12.21","Barumun Baru","2024-03-02 20:05:33.162788+07","2024-03-02 20:05:33.162788+07"
"12.21.14","122114 ","12.21","Ulu Sosa","2024-03-02 20:05:33.162788+07","2024-03-02 20:05:33.162788+07"
"12.21.15","122115 ","12.21","Sosa Julu","2024-03-02 20:05:33.162788+07","2024-03-02 20:05:33.162788+07"
"12.21.16","122116 ","12.21","Barumun Barat","2024-03-02 20:05:33.162788+07","2024-03-02 20:05:33.162788+07"
"12.21.17","122117 ","12.21","Sosa Timur","2024-03-02 20:05:33.162788+07","2024-03-02 20:05:33.162788+07"
"12.22.01","122201 ","12.22","Kotapinang","2024-03-02 20:05:33.162788+07","2024-03-02 20:05:33.162788+07"
"12.22.02","122202 ","12.22","Kampung Rakyat","2024-03-02 20:05:33.162788+07","2024-03-02 20:05:33.162788+07"
"12.22.03","122203 ","12.22","Torgamba","2024-03-02 20:05:33.162788+07","2024-03-02 20:05:33.162788+07"
"12.22.04","122204 ","12.22","Sungai Kanan","2024-03-02 20:05:33.162788+07","2024-03-02 20:05:33.162788+07"
"12.22.05","122205 ","12.22","Silangkitang","2024-03-02 20:05:33.162788+07","2024-03-02 20:05:33.162788+07"
"12.23.01","122301 ","12.23","Kualuh Hulu","2024-03-02 20:05:33.162788+07","2024-03-02 20:05:33.162788+07"
"12.23.02","122302 ","12.23","Kualuh Leidong","2024-03-02 20:05:33.162788+07","2024-03-02 20:05:33.162788+07"
"12.23.03","122303 ","12.23","Kualuh Hilir","2024-03-02 20:05:33.162788+07","2024-03-02 20:05:33.162788+07"
"12.23.04","122304 ","12.23","Aek Kuo","2024-03-02 20:05:33.162788+07","2024-03-02 20:05:33.162788+07"
"12.23.05","122305 ","12.23","Marbau","2024-03-02 20:05:33.162788+07","2024-03-02 20:05:33.162788+07"
"12.23.06","122306 ","12.23","Na IX - X","2024-03-02 20:05:33.162788+07","2024-03-02 20:05:33.162788+07"
"12.23.07","122307 ","12.23","Aek Natas","2024-03-02 20:05:33.162788+07","2024-03-02 20:05:33.162788+07"
"12.23.08","122308 ","12.23","Kualuh Selatan","2024-03-02 20:05:33.162788+07","2024-03-02 20:05:33.162788+07"
"12.24.01","122401 ","12.24","Lotu","2024-03-02 20:05:33.162788+07","2024-03-02 20:05:33.162788+07"
"12.24.02","122402 ","12.24","Sawo","2024-03-02 20:05:33.162788+07","2024-03-02 20:05:33.162788+07"
"12.24.03","122403 ","12.24","Tuhemberua","2024-03-02 20:05:33.162788+07","2024-03-02 20:05:33.162788+07"
"12.24.04","122404 ","12.24","Sitolu Ori","2024-03-02 20:05:33.162788+07","2024-03-02 20:05:33.162788+07"
"12.24.05","122405 ","12.24","Namohalu Esiwa","2024-03-02 20:05:33.162788+07","2024-03-02 20:05:33.162788+07"
"12.24.06","122406 ","12.24","Alasa Talumuzoi","2024-03-02 20:05:33.162788+07","2024-03-02 20:05:33.162788+07"
"12.24.07","122407 ","12.24","Alasa","2024-03-02 20:05:33.162788+07","2024-03-02 20:05:33.162788+07"
"12.24.08","122408 ","12.24","Tugala Oyo","2024-03-02 20:05:33.162788+07","2024-03-02 20:05:33.162788+07"
"12.24.09","122409 ","12.24","Afulu","2024-03-02 20:05:33.162788+07","2024-03-02 20:05:33.162788+07"
"12.24.10","122410 ","12.24","Lahewa","2024-03-02 20:05:33.162788+07","2024-03-02 20:05:33.162788+07"
"12.24.11","122411 ","12.24","Lahewa Timur","2024-03-02 20:05:33.162788+07","2024-03-02 20:05:33.162788+07"
"12.25.01","122501 ","12.25","Lahomi","2024-03-02 20:05:33.162788+07","2024-03-02 20:05:33.162788+07"
"12.25.02","122502 ","12.25","Sirombu","2024-03-02 20:05:33.162788+07","2024-03-02 20:05:33.162788+07"
"12.25.03","122503 ","12.25","Mandrehe Barat","2024-03-02 20:05:33.162788+07","2024-03-02 20:05:33.162788+07"
"12.25.04","122504 ","12.25","Moro'o","2024-03-02 20:05:33.162788+07","2024-03-02 20:05:33.162788+07"
"12.25.05","122505 ","12.25","Mandrehe","2024-03-02 20:05:33.162788+07","2024-03-02 20:05:33.162788+07"
"12.25.06","122506 ","12.25","Mandrehe Utara","2024-03-02 20:05:33.162788+07","2024-03-02 20:05:33.162788+07"
"12.25.07","122507 ","12.25","Lolofitu Moi","2024-03-02 20:05:33.162788+07","2024-03-02 20:05:33.162788+07"
"12.25.08","122508 ","12.25","Ulu Moro'o","2024-03-02 20:05:33.162788+07","2024-03-02 20:05:33.162788+07"
"12.71.01","127101 ","12.71","Medan Kota","2024-03-02 20:05:33.162788+07","2024-03-02 20:05:33.162788+07"
"12.71.02","127102 ","12.71","Medan Sunggal","2024-03-02 20:05:33.162788+07","2024-03-02 20:05:33.162788+07"
"12.71.03","127103 ","12.71","Medan Helvetia","2024-03-02 20:05:33.162788+07","2024-03-02 20:05:33.162788+07"
"12.71.04","127104 ","12.71","Medan Denai","2024-03-02 20:05:33.162788+07","2024-03-02 20:05:33.162788+07"
"12.71.05","127105 ","12.71","Medan Barat","2024-03-02 20:05:33.162788+07","2024-03-02 20:05:33.162788+07"
"12.71.06","127106 ","12.71","Medan Deli","2024-03-02 20:05:33.162788+07","2024-03-02 20:05:33.162788+07"
"12.71.07","127107 ","12.71","Medan Tuntungan","2024-03-02 20:05:33.162788+07","2024-03-02 20:05:33.162788+07"
"12.71.08","127108 ","12.71","Medan Belawan","2024-03-02 20:05:33.162788+07","2024-03-02 20:05:33.162788+07"
"12.71.09","127109 ","12.71","Medan Amplas","2024-03-02 20:05:33.162788+07","2024-03-02 20:05:33.162788+07"
"12.71.10","127110 ","12.71","Medan Area","2024-03-02 20:05:33.162788+07","2024-03-02 20:05:33.162788+07"
"12.71.11","127111 ","12.71","Medan Johor","2024-03-02 20:05:33.162788+07","2024-03-02 20:05:33.162788+07"
"12.71.12","127112 ","12.71","Medan Marelan","2024-03-02 20:05:33.162788+07","2024-03-02 20:05:33.162788+07"
"12.71.13","127113 ","12.71","Medan Labuhan","2024-03-02 20:05:33.162788+07","2024-03-02 20:05:33.162788+07"
"12.71.14","127114 ","12.71","Medan Tembung","2024-03-02 20:05:33.162788+07","2024-03-02 20:05:33.162788+07"
"12.71.15","127115 ","12.71","Medan Maimun","2024-03-02 20:05:33.162788+07","2024-03-02 20:05:33.162788+07"
"12.71.16","127116 ","12.71","Medan Polonia","2024-03-02 20:05:33.162788+07","2024-03-02 20:05:33.162788+07"
"12.71.17","127117 ","12.71","Medan Baru","2024-03-02 20:05:33.162788+07","2024-03-02 20:05:33.162788+07"
"12.71.18","127118 ","12.71","Medan Perjuangan","2024-03-02 20:05:33.162788+07","2024-03-02 20:05:33.162788+07"
"12.71.19","127119 ","12.71","Medan Petisah","2024-03-02 20:05:33.162788+07","2024-03-02 20:05:33.162788+07"
"12.71.20","127120 ","12.71","Medan Timur","2024-03-02 20:05:33.162788+07","2024-03-02 20:05:33.162788+07"
"12.71.21","127121 ","12.71","Medan Selayang","2024-03-02 20:05:33.162788+07","2024-03-02 20:05:33.162788+07"
"12.72.01","127201 ","12.72","Siantar Timur","2024-03-02 20:05:33.162788+07","2024-03-02 20:05:33.162788+07"
"12.72.02","127202 ","12.72","Siantar Barat","2024-03-02 20:05:33.162788+07","2024-03-02 20:05:33.162788+07"
"12.72.03","127203 ","12.72","Siantar Utara","2024-03-02 20:05:33.162788+07","2024-03-02 20:05:33.162788+07"
"12.72.04","127204 ","12.72","Siantar Selatan","2024-03-02 20:05:33.162788+07","2024-03-02 20:05:33.162788+07"
"12.72.05","127205 ","12.72","Siantar Marihat","2024-03-02 20:05:33.162788+07","2024-03-02 20:05:33.162788+07"
"12.72.06","127206 ","12.72","Siantar Martoba","2024-03-02 20:05:33.162788+07","2024-03-02 20:05:33.162788+07"
"12.72.07","127207 ","12.72","Siantar Sitalasari","2024-03-02 20:05:33.162788+07","2024-03-02 20:05:33.162788+07"
"12.72.08","127208 ","12.72","Siantar Marimbun","2024-03-02 20:05:33.162788+07","2024-03-02 20:05:33.162788+07"
"12.73.01","127301 ","12.73","Sibolga Utara","2024-03-02 20:05:33.162788+07","2024-03-02 20:05:33.162788+07"
"12.73.02","127302 ","12.73","Sibolga Kota","2024-03-02 20:05:33.162788+07","2024-03-02 20:05:33.162788+07"
"12.73.03","127303 ","12.73","Sibolga Selatan","2024-03-02 20:05:33.162788+07","2024-03-02 20:05:33.162788+07"
"12.73.04","127304 ","12.73","Sibolga Sambas","2024-03-02 20:05:33.162788+07","2024-03-02 20:05:33.162788+07"
"12.74.01","127401 ","12.74","Tanjung Balai Selatan","2024-03-02 20:05:33.162788+07","2024-03-02 20:05:33.162788+07"
"12.74.02","127402 ","12.74","Tanjung Balai Utara","2024-03-02 20:05:33.162788+07","2024-03-02 20:05:33.162788+07"
"12.74.03","127403 ","12.74","Sei Tualang Raso","2024-03-02 20:05:33.162788+07","2024-03-02 20:05:33.162788+07"
"12.74.04","127404 ","12.74","Teluk Nibung","2024-03-02 20:05:33.162788+07","2024-03-02 20:05:33.162788+07"
"12.74.05","127405 ","12.74","Datuk Bandar","2024-03-02 20:05:33.162788+07","2024-03-02 20:05:33.162788+07"
"12.74.06","127406 ","12.74","Datuk Bandar Timur","2024-03-02 20:05:33.162788+07","2024-03-02 20:05:33.162788+07"
"12.75.01","127501 ","12.75","Binjai Utara","2024-03-02 20:05:33.162788+07","2024-03-02 20:05:33.162788+07"
"12.75.02","127502 ","12.75","Binjai Kota","2024-03-02 20:05:33.162788+07","2024-03-02 20:05:33.162788+07"
"12.75.03","127503 ","12.75","Binjai Barat","2024-03-02 20:05:33.162788+07","2024-03-02 20:05:33.162788+07"
"12.75.04","127504 ","12.75","Binjai Timur","2024-03-02 20:05:33.162788+07","2024-03-02 20:05:33.162788+07"
"12.75.05","127505 ","12.75","Binjai Selatan","2024-03-02 20:05:33.162788+07","2024-03-02 20:05:33.162788+07"
"12.76.01","127601 ","12.76","Padang Hulu","2024-03-02 20:05:33.162788+07","2024-03-02 20:05:33.162788+07"
"12.76.02","127602 ","12.76","Rambutan","2024-03-02 20:05:33.162788+07","2024-03-02 20:05:33.162788+07"
"12.76.03","127603 ","12.76","Padang Hilir","2024-03-02 20:05:33.162788+07","2024-03-02 20:05:33.162788+07"
"12.76.04","127604 ","12.76","Bajenis","2024-03-02 20:05:33.162788+07","2024-03-02 20:05:33.162788+07"
"12.76.05","127605 ","12.76","Tebing Tinggi Kota","2024-03-02 20:05:33.162788+07","2024-03-02 20:05:33.162788+07"
"12.77.01","127701 ","12.77","Padangsidimpuan Utara","2024-03-02 20:05:33.162788+07","2024-03-02 20:05:33.162788+07"
"12.77.02","127702 ","12.77","Padangsidimpuan Selatan","2024-03-02 20:05:33.162788+07","2024-03-02 20:05:33.162788+07"
"12.77.03","127703 ","12.77","Padangsidimpuan Batunadua","2024-03-02 20:05:33.162788+07","2024-03-02 20:05:33.162788+07"
"12.77.04","127704 ","12.77","Padangsidimpuan Hutaimbaru","2024-03-02 20:05:33.162788+07","2024-03-02 20:05:33.162788+07"
"12.77.05","127705 ","12.77","Padangsidimpuan Tenggara","2024-03-02 20:05:33.162788+07","2024-03-02 20:05:33.162788+07"
"12.77.06","127706 ","12.77","Padangsidimpuan Angkola Julu","2024-03-02 20:05:33.162788+07","2024-03-02 20:05:33.162788+07"
"12.78.01","127801 ","12.78","Gunungsitoli","2024-03-02 20:05:33.162788+07","2024-03-02 20:05:33.162788+07"
"12.78.02","127802 ","12.78","Gunungsitoli Selatan","2024-03-02 20:05:33.162788+07","2024-03-02 20:05:33.162788+07"
"12.78.03","127803 ","12.78","Gunungsitoli Utara","2024-03-02 20:05:33.162788+07","2024-03-02 20:05:33.162788+07"
"12.78.04","127804 ","12.78","Gunungsitoli Idanoi","2024-03-02 20:05:33.162788+07","2024-03-02 20:05:33.162788+07"
"12.78.05","127805 ","12.78","Gunungsitoli Alo'oa","2024-03-02 20:05:33.162788+07","2024-03-02 20:05:33.162788+07"
"12.78.06","127806 ","12.78","Gunungsitoli Barat","2024-03-02 20:05:33.162788+07","2024-03-02 20:05:33.162788+07"
"13.01.01","130101 ","13.01","Pancung Soal","2024-03-02 20:05:33.162788+07","2024-03-02 20:05:33.162788+07"
"13.01.02","130102 ","13.01","Ranah Pesisir","2024-03-02 20:05:33.162788+07","2024-03-02 20:05:33.162788+07"
"13.01.03","130103 ","13.01","Lengayang","2024-03-02 20:05:33.162788+07","2024-03-02 20:05:33.162788+07"
"13.01.04","130104 ","13.01","Batang Kapas","2024-03-02 20:05:33.162788+07","2024-03-02 20:05:33.162788+07"
"13.01.05","130105 ","13.01","IV Jurai","2024-03-02 20:05:33.162788+07","2024-03-02 20:05:33.162788+07"
"13.01.06","130106 ","13.01","Bayang","2024-03-02 20:05:33.162788+07","2024-03-02 20:05:33.162788+07"
"13.01.07","130107 ","13.01","Koto XI Tarusan","2024-03-02 20:05:33.162788+07","2024-03-02 20:05:33.162788+07"
"13.01.08","130108 ","13.01","Sutera","2024-03-02 20:05:33.162788+07","2024-03-02 20:05:33.162788+07"
"13.01.09","130109 ","13.01","Linggo Sari Baganti","2024-03-02 20:05:33.162788+07","2024-03-02 20:05:33.162788+07"
"13.01.10","130110 ","13.01","Lunang","2024-03-02 20:05:33.162788+07","2024-03-02 20:05:33.162788+07"
"13.01.11","130111 ","13.01","Basa Ampek Balai Tapan","2024-03-02 20:05:33.162788+07","2024-03-02 20:05:33.162788+07"
"13.01.12","130112 ","13.01","IV Nagari Bayang Utara","2024-03-02 20:05:33.162788+07","2024-03-02 20:05:33.162788+07"
"13.01.13","130113 ","13.01","Airpura","2024-03-02 20:05:33.162788+07","2024-03-02 20:05:33.162788+07"
"13.01.14","130114 ","13.01","Ranah Ampek Hulu Tapan","2024-03-02 20:05:33.162788+07","2024-03-02 20:05:33.162788+07"
"13.01.15","130115 ","13.01","Silaut","2024-03-02 20:05:33.162788+07","2024-03-02 20:05:33.162788+07"
"13.02.03","130203 ","13.02","Pantai Cermin","2024-03-02 20:05:33.162788+07","2024-03-02 20:05:33.162788+07"
"13.02.04","130204 ","13.02","Lembah Gumanti","2024-03-02 20:05:33.162788+07","2024-03-02 20:05:33.162788+07"
"13.02.05","130205 ","13.02","Payung Sekaki","2024-03-02 20:05:33.162788+07","2024-03-02 20:05:33.162788+07"
"13.02.06","130206 ","13.02","Lembang Jaya","2024-03-02 20:05:33.162788+07","2024-03-02 20:05:33.162788+07"
"13.02.07","130207 ","13.02","Gunung Talang","2024-03-02 20:05:33.162788+07","2024-03-02 20:05:33.162788+07"
"13.02.08","130208 ","13.02","Bukit Sundi","2024-03-02 20:05:33.162788+07","2024-03-02 20:05:33.162788+07"
"13.02.09","130209 ","13.02","IX Koto Sungai Lasi","2024-03-02 20:05:33.162788+07","2024-03-02 20:05:33.162788+07"
"13.02.10","130210 ","13.02","Kubung","2024-03-02 20:05:33.162788+07","2024-03-02 20:05:33.162788+07"
"13.02.11","130211 ","13.02","X Koto Singkarak","2024-03-02 20:05:33.162788+07","2024-03-02 20:05:33.162788+07"
"13.02.12","130212 ","13.02","X Koto Diatas","2024-03-02 20:05:33.162788+07","2024-03-02 20:05:33.162788+07"
"13.02.13","130213 ","13.02","Junjung Sirih","2024-03-02 20:05:33.162788+07","2024-03-02 20:05:33.162788+07"
"13.02.17","130217 ","13.02","Hiliran Gumanti","2024-03-02 20:05:33.162788+07","2024-03-02 20:05:33.162788+07"
"13.02.18","130218 ","13.02","Tigo Lurah","2024-03-02 20:05:33.162788+07","2024-03-02 20:05:33.162788+07"
"13.02.19","130219 ","13.02","Danau Kembar","2024-03-02 20:05:33.162788+07","2024-03-02 20:05:33.162788+07"
"13.03.03","130303 ","13.03","Tanjung Gadang","2024-03-02 20:05:33.162788+07","2024-03-02 20:05:33.162788+07"
"13.03.04","130304 ","13.03","Sijunjung","2024-03-02 20:05:33.162788+07","2024-03-02 20:05:33.162788+07"
"13.03.05","130305 ","13.03","IV Nagari","2024-03-02 20:05:33.162788+07","2024-03-02 20:05:33.162788+07"
"13.03.06","130306 ","13.03","Kamang Baru","2024-03-02 20:05:33.162788+07","2024-03-02 20:05:33.162788+07"
"13.03.07","130307 ","13.03","Lubuak Tarok","2024-03-02 20:05:33.162788+07","2024-03-02 20:05:33.162788+07"
"13.03.08","130308 ","13.03","Koto VII","2024-03-02 20:05:33.162788+07","2024-03-02 20:05:33.162788+07"
"13.03.09","130309 ","13.03","Sumpur Kudus","2024-03-02 20:05:33.162788+07","2024-03-02 20:05:33.162788+07"
"13.03.10","130310 ","13.03","Kupitan","2024-03-02 20:05:33.162788+07","2024-03-02 20:05:33.162788+07"
"13.04.01","130401 ","13.04","X Koto","2024-03-02 20:05:33.162788+07","2024-03-02 20:05:33.162788+07"
"13.04.02","130402 ","13.04","Batipuh","2024-03-02 20:05:33.162788+07","2024-03-02 20:05:33.162788+07"
"13.04.03","130403 ","13.04","Rambatan","2024-03-02 20:05:33.162788+07","2024-03-02 20:05:33.162788+07"
"13.04.04","130404 ","13.04","Lima Kaum","2024-03-02 20:05:33.162788+07","2024-03-02 20:05:33.162788+07"
"13.04.05","130405 ","13.04","Tanjung Emas","2024-03-02 20:05:33.162788+07","2024-03-02 20:05:33.162788+07"
"13.04.06","130406 ","13.04","Lintau Buo","2024-03-02 20:05:33.162788+07","2024-03-02 20:05:33.162788+07"
"13.04.07","130407 ","13.04","Sungayang","2024-03-02 20:05:33.162788+07","2024-03-02 20:05:33.162788+07"
"13.04.08","130408 ","13.04","Sungai Tarab","2024-03-02 20:05:33.162788+07","2024-03-02 20:05:33.162788+07"
"13.04.09","130409 ","13.04","Pariangan","2024-03-02 20:05:33.162788+07","2024-03-02 20:05:33.162788+07"
"13.04.10","130410 ","13.04","Salimpaung","2024-03-02 20:05:33.162788+07","2024-03-02 20:05:33.162788+07"
"13.04.11","130411 ","13.04","Padang Ganting","2024-03-02 20:05:33.162788+07","2024-03-02 20:05:33.162788+07"
"13.04.12","130412 ","13.04","Tanjuang Baru","2024-03-02 20:05:33.162788+07","2024-03-02 20:05:33.162788+07"
"13.04.13","130413 ","13.04","Lintau Buo Utara","2024-03-02 20:05:33.162788+07","2024-03-02 20:05:33.162788+07"
"13.04.14","130414 ","13.04","Batipuah Selatan","2024-03-02 20:05:33.162788+07","2024-03-02 20:05:33.162788+07"
"13.05.01","130501 ","13.05","Lubuk Alung","2024-03-02 20:05:33.162788+07","2024-03-02 20:05:33.162788+07"
"13.05.02","130502 ","13.05","Batang Anai","2024-03-02 20:05:33.162788+07","2024-03-02 20:05:33.162788+07"
"13.05.03","130503 ","13.05","Nan Sabaris","2024-03-02 20:05:33.162788+07","2024-03-02 20:05:33.162788+07"
"13.05.04","130504 ","13.05","2 x 11 Enam Lingkuang","2024-03-02 20:05:33.162788+07","2024-03-02 20:05:33.162788+07"
"13.05.05","130505 ","13.05","VII Koto Sungai Sarik","2024-03-02 20:05:33.162788+07","2024-03-02 20:05:33.162788+07"
"13.05.06","130506 ","13.05","V Koto Kampung Dalam","2024-03-02 20:05:33.162788+07","2024-03-02 20:05:33.162788+07"
"13.05.07","130507 ","13.05","Sungai Garingging","2024-03-02 20:05:33.162788+07","2024-03-02 20:05:33.162788+07"
"13.05.08","130508 ","13.05","Sungai Limau","2024-03-02 20:05:33.162788+07","2024-03-02 20:05:33.162788+07"
"13.05.09","130509 ","13.05","IV Koto Aur Malintang","2024-03-02 20:05:33.162788+07","2024-03-02 20:05:33.162788+07"
"13.05.10","130510 ","13.05","Ulakan Tapakih","2024-03-02 20:05:33.162788+07","2024-03-02 20:05:33.162788+07"
"13.05.11","130511 ","13.05","Sintuak Toboh Gadang","2024-03-02 20:05:33.162788+07","2024-03-02 20:05:33.162788+07"
"13.05.12","130512 ","13.05","Padang Sago","2024-03-02 20:05:33.162788+07","2024-03-02 20:05:33.162788+07"
"13.05.13","130513 ","13.05","Batang Gasan","2024-03-02 20:05:33.162788+07","2024-03-02 20:05:33.162788+07"
"13.05.14","130514 ","13.05","V Koto Timur","2024-03-02 20:05:33.162788+07","2024-03-02 20:05:33.162788+07"
"13.05.15","130515 ","13.05","2 x 11 Kayu Tanam","2024-03-02 20:05:33.162788+07","2024-03-02 20:05:33.162788+07"
"13.05.16","130516 ","13.05","Patamuan","2024-03-02 20:05:33.162788+07","2024-03-02 20:05:33.162788+07"
"13.05.17","130517 ","13.05","Enam Lingkung","2024-03-02 20:05:33.162788+07","2024-03-02 20:05:33.162788+07"
"13.06.01","130601 ","13.06","Tanjung Mutiara","2024-03-02 20:05:33.162788+07","2024-03-02 20:05:33.162788+07"
"13.06.02","130602 ","13.06","Lubuk Basung","2024-03-02 20:05:33.162788+07","2024-03-02 20:05:33.162788+07"
"13.06.03","130603 ","13.06","Tanjung Raya","2024-03-02 20:05:33.162788+07","2024-03-02 20:05:33.162788+07"
"13.06.04","130604 ","13.06","Matur","2024-03-02 20:05:33.162788+07","2024-03-02 20:05:33.162788+07"
"13.06.05","130605 ","13.06","IV Koto","2024-03-02 20:05:33.162788+07","2024-03-02 20:05:33.162788+07"
"13.06.06","130606 ","13.06","Banuhampu","2024-03-02 20:05:33.162788+07","2024-03-02 20:05:33.162788+07"
"13.06.07","130607 ","13.06","Ampek Angkek","2024-03-02 20:05:33.162788+07","2024-03-02 20:05:33.162788+07"
"13.06.08","130608 ","13.06","Baso","2024-03-02 20:05:33.162788+07","2024-03-02 20:05:33.162788+07"
"13.06.09","130609 ","13.06","Tilatang Kamang","2024-03-02 20:05:33.162788+07","2024-03-02 20:05:33.162788+07"
"13.06.10","130610 ","13.06","Palupuh","2024-03-02 20:05:33.162788+07","2024-03-02 20:05:33.162788+07"
"13.06.11","130611 ","13.06","Pelembayan","2024-03-02 20:05:33.162788+07","2024-03-02 20:05:33.162788+07"
"13.06.12","130612 ","13.06","Sungai Pua","2024-03-02 20:05:33.162788+07","2024-03-02 20:05:33.162788+07"
"13.06.13","130613 ","13.06","Ampek Nagari","2024-03-02 20:05:33.162788+07","2024-03-02 20:05:33.162788+07"
"13.06.14","130614 ","13.06","Candung","2024-03-02 20:05:33.162788+07","2024-03-02 20:05:33.162788+07"
"13.06.15","130615 ","13.06","Kamang Magek","2024-03-02 20:05:33.162788+07","2024-03-02 20:05:33.162788+07"
"13.06.16","130616 ","13.06","Malalak","2024-03-02 20:05:33.162788+07","2024-03-02 20:05:33.162788+07"
"13.07.01","130701 ","13.07","Suliki","2024-03-02 20:05:33.162788+07","2024-03-02 20:05:33.162788+07"
"13.07.02","130702 ","13.07","Guguak","2024-03-02 20:05:33.162788+07","2024-03-02 20:05:33.162788+07"
"13.07.03","130703 ","13.07","Payakumbuh","2024-03-02 20:05:33.162788+07","2024-03-02 20:05:33.162788+07"
"13.07.04","130704 ","13.07","Luak","2024-03-02 20:05:33.162788+07","2024-03-02 20:05:33.162788+07"
"13.07.05","130705 ","13.07","Harau","2024-03-02 20:05:33.162788+07","2024-03-02 20:05:33.162788+07"
"13.07.06","130706 ","13.07","Pangkalan Koto Baru","2024-03-02 20:05:33.162788+07","2024-03-02 20:05:33.162788+07"
"13.07.07","130707 ","13.07","Kapur IX","2024-03-02 20:05:33.162788+07","2024-03-02 20:05:33.162788+07"
"13.07.08","130708 ","13.07","Gunuang Omeh","2024-03-02 20:05:33.162788+07","2024-03-02 20:05:33.162788+07"
"13.07.09","130709 ","13.07","Lareh Sago Halaban","2024-03-02 20:05:33.162788+07","2024-03-02 20:05:33.162788+07"
"13.07.10","130710 ","13.07","Situjuah Limo Nagari","2024-03-02 20:05:33.162788+07","2024-03-02 20:05:33.162788+07"
"13.07.11","130711 ","13.07","Mungka","2024-03-02 20:05:33.162788+07","2024-03-02 20:05:33.162788+07"
"13.07.12","130712 ","13.07","Bukik Barisan","2024-03-02 20:05:33.162788+07","2024-03-02 20:05:33.162788+07"
"13.07.13","130713 ","13.07","Akabiluru","2024-03-02 20:05:33.162788+07","2024-03-02 20:05:33.162788+07"
"13.08.04","130804 ","13.08","Bonjol","2024-03-02 20:05:33.162788+07","2024-03-02 20:05:33.162788+07"
"13.08.05","130805 ","13.08","Lubuk Sikaping","2024-03-02 20:05:33.162788+07","2024-03-02 20:05:33.162788+07"
"13.08.07","130807 ","13.08","Panti","2024-03-02 20:05:33.162788+07","2024-03-02 20:05:33.162788+07"
"13.08.08","130808 ","13.08","Mapat Tunggul","2024-03-02 20:05:33.162788+07","2024-03-02 20:05:33.162788+07"
"13.08.12","130812 ","13.08","Duo Koto","2024-03-02 20:05:33.162788+07","2024-03-02 20:05:33.162788+07"
"13.08.13","130813 ","13.08","Tigo Nagari","2024-03-02 20:05:33.162788+07","2024-03-02 20:05:33.162788+07"
"13.08.14","130814 ","13.08","Rao","2024-03-02 20:05:33.162788+07","2024-03-02 20:05:33.162788+07"
"13.08.15","130815 ","13.08","Mapat Tunggul Selatan","2024-03-02 20:05:33.162788+07","2024-03-02 20:05:33.162788+07"
"13.08.16","130816 ","13.08","Simpang Alahan Mati","2024-03-02 20:05:33.162788+07","2024-03-02 20:05:33.162788+07"
"13.08.17","130817 ","13.08","Padang Gelugur","2024-03-02 20:05:33.162788+07","2024-03-02 20:05:33.162788+07"
"13.08.18","130818 ","13.08","Rao Utara","2024-03-02 20:05:33.162788+07","2024-03-02 20:05:33.162788+07"
"13.08.19","130819 ","13.08","Rao Selatan","2024-03-02 20:05:33.162788+07","2024-03-02 20:05:33.162788+07"
"13.09.01","130901 ","13.09","Pagai Utara","2024-03-02 20:05:33.162788+07","2024-03-02 20:05:33.162788+07"
"13.09.02","130902 ","13.09","Sipora Selatan","2024-03-02 20:05:33.162788+07","2024-03-02 20:05:33.162788+07"
"13.09.03","130903 ","13.09","Siberut Selatan","2024-03-02 20:05:33.162788+07","2024-03-02 20:05:33.162788+07"
"13.09.04","130904 ","13.09","Siberut Utara","2024-03-02 20:05:33.162788+07","2024-03-02 20:05:33.162788+07"
"13.09.05","130905 ","13.09","Siberut Barat","2024-03-02 20:05:33.162788+07","2024-03-02 20:05:33.162788+07"
"13.09.06","130906 ","13.09","Siberut Barat Daya","2024-03-02 20:05:33.162788+07","2024-03-02 20:05:33.162788+07"
"13.09.07","130907 ","13.09","Siberut Tengah","2024-03-02 20:05:33.162788+07","2024-03-02 20:05:33.162788+07"
"13.09.08","130908 ","13.09","Sipora Utara","2024-03-02 20:05:33.162788+07","2024-03-02 20:05:33.162788+07"
"13.09.09","130909 ","13.09","Sikakap","2024-03-02 20:05:33.162788+07","2024-03-02 20:05:33.162788+07"
"13.09.10","130910 ","13.09","Pagai Selatan","2024-03-02 20:05:33.162788+07","2024-03-02 20:05:33.162788+07"
"13.10.01","131001 ","13.10","Koto Baru","2024-03-02 20:05:33.162788+07","2024-03-02 20:05:33.162788+07"
"13.10.02","131002 ","13.10","Pulau Punjung","2024-03-02 20:05:33.162788+07","2024-03-02 20:05:33.162788+07"
"13.10.03","131003 ","13.10","Sungai Rumbai","2024-03-02 20:05:33.162788+07","2024-03-02 20:05:33.162788+07"
"13.10.04","131004 ","13.10","Sitiung","2024-03-02 20:05:33.162788+07","2024-03-02 20:05:33.162788+07"
"13.10.05","131005 ","13.10","Sembilan Koto","2024-03-02 20:05:33.162788+07","2024-03-02 20:05:33.162788+07"
"13.10.06","131006 ","13.10","Timpeh","2024-03-02 20:05:33.162788+07","2024-03-02 20:05:33.162788+07"
"13.10.07","131007 ","13.10","Koto Salak","2024-03-02 20:05:33.162788+07","2024-03-02 20:05:33.162788+07"
"13.10.08","131008 ","13.10","Tiumang","2024-03-02 20:05:33.162788+07","2024-03-02 20:05:33.162788+07"
"13.10.09","131009 ","13.10","Padang Laweh","2024-03-02 20:05:33.162788+07","2024-03-02 20:05:33.162788+07"
"13.10.10","131010 ","13.10","Asam Jujuhan","2024-03-02 20:05:33.162788+07","2024-03-02 20:05:33.162788+07"
"13.10.11","131011 ","13.10","Koto Besar","2024-03-02 20:05:33.162788+07","2024-03-02 20:05:33.162788+07"
"13.11.01","131101 ","13.11","Sangir","2024-03-02 20:05:33.162788+07","2024-03-02 20:05:33.162788+07"
"13.11.02","131102 ","13.11","Sungai Pagu","2024-03-02 20:05:33.162788+07","2024-03-02 20:05:33.162788+07"
"13.11.03","131103 ","13.11","Koto Parik Gadang Diateh","2024-03-02 20:05:33.162788+07","2024-03-02 20:05:33.162788+07"
"13.11.04","131104 ","13.11","Sangir Jujuan","2024-03-02 20:05:33.162788+07","2024-03-02 20:05:33.162788+07"
"13.11.05","131105 ","13.11","Sangir Batang Hari","2024-03-02 20:05:33.162788+07","2024-03-02 20:05:33.162788+07"
"13.11.06","131106 ","13.11","Pauh Duo","2024-03-02 20:05:33.162788+07","2024-03-02 20:05:33.162788+07"
"13.11.07","131107 ","13.11","Sangir Balai Janggo","2024-03-02 20:05:33.162788+07","2024-03-02 20:05:33.162788+07"
"13.12.01","131201 ","13.12","Sungaiberemas","2024-03-02 20:05:33.162788+07","2024-03-02 20:05:33.162788+07"
"13.12.02","131202 ","13.12","Lembah Melintang","2024-03-02 20:05:33.162788+07","2024-03-02 20:05:33.162788+07"
"13.12.03","131203 ","13.12","Pasaman","2024-03-02 20:05:33.162788+07","2024-03-02 20:05:33.162788+07"
"13.12.04","131204 ","13.12","Talamau","2024-03-02 20:05:33.162788+07","2024-03-02 20:05:33.162788+07"
"13.12.05","131205 ","13.12","Kinali","2024-03-02 20:05:33.162788+07","2024-03-02 20:05:33.162788+07"
"13.12.06","131206 ","13.12","Gunungtuleh","2024-03-02 20:05:33.162788+07","2024-03-02 20:05:33.162788+07"
"13.12.07","131207 ","13.12","Ranah Batahan","2024-03-02 20:05:33.162788+07","2024-03-02 20:05:33.162788+07"
"13.12.08","131208 ","13.12","Koto Balingka","2024-03-02 20:05:33.162788+07","2024-03-02 20:05:33.162788+07"
"13.12.09","131209 ","13.12","Sungaiaur","2024-03-02 20:05:33.162788+07","2024-03-02 20:05:33.162788+07"
"13.12.10","131210 ","13.12","Luhak Nan Duo","2024-03-02 20:05:33.162788+07","2024-03-02 20:05:33.162788+07"
"13.12.11","131211 ","13.12","Sasak Ranah Pesisir","2024-03-02 20:05:33.162788+07","2024-03-02 20:05:33.162788+07"
"13.71.01","137101 ","13.71","Padang Selatan","2024-03-02 20:05:33.162788+07","2024-03-02 20:05:33.162788+07"
"13.71.02","137102 ","13.71","Padang Timur","2024-03-02 20:05:33.162788+07","2024-03-02 20:05:33.162788+07"
"13.71.03","137103 ","13.71","Padang Barat","2024-03-02 20:05:33.162788+07","2024-03-02 20:05:33.162788+07"
"13.71.04","137104 ","13.71","Padang Utara","2024-03-02 20:05:33.162788+07","2024-03-02 20:05:33.162788+07"
"13.71.05","137105 ","13.71","Bungus Teluk Kabung","2024-03-02 20:05:33.162788+07","2024-03-02 20:05:33.162788+07"
"13.71.06","137106 ","13.71","Lubuk Begalung","2024-03-02 20:05:33.162788+07","2024-03-02 20:05:33.162788+07"
"13.71.07","137107 ","13.71","Lubuk Kilangan","2024-03-02 20:05:33.162788+07","2024-03-02 20:05:33.162788+07"
"13.71.08","137108 ","13.71","Pauh","2024-03-02 20:05:33.162788+07","2024-03-02 20:05:33.162788+07"
"13.71.09","137109 ","13.71","Kuranji","2024-03-02 20:05:33.162788+07","2024-03-02 20:05:33.162788+07"
"13.71.10","137110 ","13.71","Nanggalo","2024-03-02 20:05:33.162788+07","2024-03-02 20:05:33.162788+07"
"13.71.11","137111 ","13.71","Koto Tangah","2024-03-02 20:05:33.162788+07","2024-03-02 20:05:33.162788+07"
"13.72.01","137201 ","13.72","Lubuk Sikarah","2024-03-02 20:05:33.162788+07","2024-03-02 20:05:33.162788+07"
"13.72.02","137202 ","13.72","Tanjung Harapan","2024-03-02 20:05:33.162788+07","2024-03-02 20:05:33.162788+07"
"13.73.01","137301 ","13.73","Lembah Segar","2024-03-02 20:05:33.162788+07","2024-03-02 20:05:33.162788+07"
"13.73.02","137302 ","13.73","Barangin","2024-03-02 20:05:33.162788+07","2024-03-02 20:05:33.162788+07"
"13.73.03","137303 ","13.73","Silungkang","2024-03-02 20:05:33.162788+07","2024-03-02 20:05:33.162788+07"
"13.73.04","137304 ","13.73","Talawi","2024-03-02 20:05:33.162788+07","2024-03-02 20:05:33.162788+07"
"13.74.01","137401 ","13.74","Padang Panjang Timur","2024-03-02 20:05:33.162788+07","2024-03-02 20:05:33.162788+07"
"13.74.02","137402 ","13.74","Padang Panjang Barat","2024-03-02 20:05:33.162788+07","2024-03-02 20:05:33.162788+07"
"13.75.01","137501 ","13.75","Guguak Panjang","2024-03-02 20:05:33.162788+07","2024-03-02 20:05:33.162788+07"
"13.75.02","137502 ","13.75","Mandiangin K. Selayan","2024-03-02 20:05:33.162788+07","2024-03-02 20:05:33.162788+07"
"13.75.03","137503 ","13.75","Aur Birugo Tigo Baleh","2024-03-02 20:05:33.162788+07","2024-03-02 20:05:33.162788+07"
"13.76.01","137601 ","13.76","Payakumbuh Barat","2024-03-02 20:05:33.162788+07","2024-03-02 20:05:33.162788+07"
"13.76.02","137602 ","13.76","Payakumbuh Utara","2024-03-02 20:05:33.162788+07","2024-03-02 20:05:33.162788+07"
"13.76.03","137603 ","13.76","Payakumbuh Timur","2024-03-02 20:05:33.162788+07","2024-03-02 20:05:33.162788+07"
"13.76.04","137604 ","13.76","Lamposi Tigo Nagori","2024-03-02 20:05:33.162788+07","2024-03-02 20:05:33.162788+07"
"13.76.05","137605 ","13.76","Payakumbuh Selatan","2024-03-02 20:05:33.162788+07","2024-03-02 20:05:33.162788+07"
"13.77.01","137701 ","13.77","Pariaman Tengah","2024-03-02 20:05:33.162788+07","2024-03-02 20:05:33.162788+07"
"13.77.02","137702 ","13.77","Pariaman Utara","2024-03-02 20:05:33.162788+07","2024-03-02 20:05:33.162788+07"
"13.77.03","137703 ","13.77","Pariaman Selatan","2024-03-02 20:05:33.162788+07","2024-03-02 20:05:33.162788+07"
"13.77.04","137704 ","13.77","Pariaman Timur","2024-03-02 20:05:33.162788+07","2024-03-02 20:05:33.162788+07"
"14.01.01","140101 ","14.01","Bangkinang Kota","2024-03-02 20:05:33.162788+07","2024-03-02 20:05:33.162788+07"
"14.01.02","140102 ","14.01","Kampar","2024-03-02 20:05:33.162788+07","2024-03-02 20:05:33.162788+07"
"14.01.03","140103 ","14.01","Tambang","2024-03-02 20:05:33.162788+07","2024-03-02 20:05:33.162788+07"
"14.01.04","140104 ","14.01","XIII Koto Kampar","2024-03-02 20:05:33.162788+07","2024-03-02 20:05:33.162788+07"
"14.01.05","140105 ","14.01","Kuok","2024-03-02 20:05:33.162788+07","2024-03-02 20:05:33.162788+07"
"14.01.06","140106 ","14.01","Siak Hulu","2024-03-02 20:05:33.162788+07","2024-03-02 20:05:33.162788+07"
"14.01.07","140107 ","14.01","Kampar Kiri","2024-03-02 20:05:33.162788+07","2024-03-02 20:05:33.162788+07"
"14.01.08","140108 ","14.01","Kampar Kiri Hilir","2024-03-02 20:05:33.162788+07","2024-03-02 20:05:33.162788+07"
"14.01.09","140109 ","14.01","Kampar Kiri Hulu","2024-03-02 20:05:33.162788+07","2024-03-02 20:05:33.162788+07"
"14.01.10","140110 ","14.01","Tapung","2024-03-02 20:05:33.162788+07","2024-03-02 20:05:33.162788+07"
"14.01.11","140111 ","14.01","Tapung Hilir","2024-03-02 20:05:33.162788+07","2024-03-02 20:05:33.162788+07"
"14.01.12","140112 ","14.01","Tapung Hulu","2024-03-02 20:05:33.162788+07","2024-03-02 20:05:33.162788+07"
"14.01.13","140113 ","14.01","Salo","2024-03-02 20:05:33.162788+07","2024-03-02 20:05:33.162788+07"
"14.01.14","140114 ","14.01","Rumbio Jaya","2024-03-02 20:05:33.162788+07","2024-03-02 20:05:33.162788+07"
"14.01.15","140115 ","14.01","Bangkinang","2024-03-02 20:05:33.162788+07","2024-03-02 20:05:33.162788+07"
"14.01.16","140116 ","14.01","Perhentian Raja","2024-03-02 20:05:33.162788+07","2024-03-02 20:05:33.162788+07"
"14.01.17","140117 ","14.01","Kampa","2024-03-02 20:05:33.162788+07","2024-03-02 20:05:33.162788+07"
"14.01.18","140118 ","14.01","Kampar Utara","2024-03-02 20:05:33.162788+07","2024-03-02 20:05:33.162788+07"
"14.01.19","140119 ","14.01","Kampar Kiri Tengah","2024-03-02 20:05:33.162788+07","2024-03-02 20:05:33.162788+07"
"14.01.20","140120 ","14.01","Gunung Sahilan","2024-03-02 20:05:33.162788+07","2024-03-02 20:05:33.162788+07"
"14.01.21","140121 ","14.01","Koto Kampar Hulu","2024-03-02 20:05:33.162788+07","2024-03-02 20:05:33.162788+07"
"14.02.01","140201 ","14.02","Rengat","2024-03-02 20:05:33.162788+07","2024-03-02 20:05:33.162788+07"
"14.02.02","140202 ","14.02","Rengat Barat","2024-03-02 20:05:33.162788+07","2024-03-02 20:05:33.162788+07"
"14.02.03","140203 ","14.02","Kelayang","2024-03-02 20:05:33.162788+07","2024-03-02 20:05:33.162788+07"
"14.02.04","140204 ","14.02","Pasir Penyu","2024-03-02 20:05:33.162788+07","2024-03-02 20:05:33.162788+07"
"14.02.05","140205 ","14.02","Peranap","2024-03-02 20:05:33.162788+07","2024-03-02 20:05:33.162788+07"
"14.02.06","140206 ","14.02","Siberida","2024-03-02 20:05:33.162788+07","2024-03-02 20:05:33.162788+07"
"14.02.07","140207 ","14.02","Batang Cenaku","2024-03-02 20:05:33.162788+07","2024-03-02 20:05:33.162788+07"
"14.02.08","140208 ","14.02","Batang Gangsal","2024-03-02 20:05:33.162788+07","2024-03-02 20:05:33.162788+07"
"14.02.09","140209 ","14.02","Lirik","2024-03-02 20:05:33.162788+07","2024-03-02 20:05:33.162788+07"
"14.02.10","140210 ","14.02","Kuala Cenaku","2024-03-02 20:05:33.162788+07","2024-03-02 20:05:33.162788+07"
"14.02.11","140211 ","14.02","Sungai Lala","2024-03-02 20:05:33.162788+07","2024-03-02 20:05:33.162788+07"
"14.02.12","140212 ","14.02","Lubuk Batu Jaya","2024-03-02 20:05:33.162788+07","2024-03-02 20:05:33.162788+07"
"14.02.13","140213 ","14.02","Rakit Kulim","2024-03-02 20:05:33.162788+07","2024-03-02 20:05:33.162788+07"
"14.02.14","140214 ","14.02","Batang Peranap","2024-03-02 20:05:33.162788+07","2024-03-02 20:05:33.162788+07"
"14.03.01","140301 ","14.03","Bengkalis","2024-03-02 20:05:33.162788+07","2024-03-02 20:05:33.162788+07"
"14.03.02","140302 ","14.03","Bantan","2024-03-02 20:05:33.162788+07","2024-03-02 20:05:33.162788+07"
"14.03.03","140303 ","14.03","Bukit Batu","2024-03-02 20:05:33.162788+07","2024-03-02 20:05:33.162788+07"
"14.03.09","140309 ","14.03","Mandau","2024-03-02 20:05:33.162788+07","2024-03-02 20:05:33.162788+07"
"14.03.10","140310 ","14.03","Rupat","2024-03-02 20:05:33.162788+07","2024-03-02 20:05:33.162788+07"
"14.03.11","140311 ","14.03","Rupat Utara","2024-03-02 20:05:33.162788+07","2024-03-02 20:05:33.162788+07"
"14.03.12","140312 ","14.03","Siak Kecil","2024-03-02 20:05:33.162788+07","2024-03-02 20:05:33.162788+07"
"14.03.13","140313 ","14.03","Pinggir","2024-03-02 20:05:33.162788+07","2024-03-02 20:05:33.162788+07"
"14.03.14","140314 ","14.03","Bandar Laksamana","2024-03-02 20:05:33.162788+07","2024-03-02 20:05:33.162788+07"
"14.03.15","140315 ","14.03","Talang Muandau","2024-03-02 20:05:33.162788+07","2024-03-02 20:05:33.162788+07"
"14.03.16","140316 ","14.03","Bathin Solapan","2024-03-02 20:05:33.162788+07","2024-03-02 20:05:33.162788+07"
"14.04.01","140401 ","14.04","Reteh","2024-03-02 20:05:33.162788+07","2024-03-02 20:05:33.162788+07"
"14.04.02","140402 ","14.04","Enok","2024-03-02 20:05:33.162788+07","2024-03-02 20:05:33.162788+07"
"14.04.03","140403 ","14.04","Kuala Indragiri","2024-03-02 20:05:33.162788+07","2024-03-02 20:05:33.162788+07"
"14.04.04","140404 ","14.04","Tembilahan","2024-03-02 20:05:33.162788+07","2024-03-02 20:05:33.162788+07"
"14.04.05","140405 ","14.04","Tempuling","2024-03-02 20:05:33.162788+07","2024-03-02 20:05:33.162788+07"
"14.04.06","140406 ","14.04","Gaung Anak Serka","2024-03-02 20:05:33.162788+07","2024-03-02 20:05:33.162788+07"
"14.04.07","140407 ","14.04","Mandah","2024-03-02 20:05:33.162788+07","2024-03-02 20:05:33.162788+07"
"14.04.08","140408 ","14.04","Kateman","2024-03-02 20:05:33.162788+07","2024-03-02 20:05:33.162788+07"
"14.04.09","140409 ","14.04","Keritang","2024-03-02 20:05:33.162788+07","2024-03-02 20:05:33.162788+07"
"14.04.10","140410 ","14.04","Tanah Merah","2024-03-02 20:05:33.162788+07","2024-03-02 20:05:33.162788+07"
"14.04.11","140411 ","14.04","Batang Tuaka","2024-03-02 20:05:33.162788+07","2024-03-02 20:05:33.162788+07"
"14.04.12","140412 ","14.04","Gaung","2024-03-02 20:05:33.162788+07","2024-03-02 20:05:33.162788+07"
"14.04.13","140413 ","14.04","Tembilahan Hulu","2024-03-02 20:05:33.162788+07","2024-03-02 20:05:33.162788+07"
"14.04.14","140414 ","14.04","Kemuning","2024-03-02 20:05:33.162788+07","2024-03-02 20:05:33.162788+07"
"14.04.15","140415 ","14.04","Pelangiran","2024-03-02 20:05:33.162788+07","2024-03-02 20:05:33.162788+07"
"14.04.16","140416 ","14.04","Teluk Belengkong","2024-03-02 20:05:33.162788+07","2024-03-02 20:05:33.162788+07"
"14.04.17","140417 ","14.04","Pulau Burung","2024-03-02 20:05:33.162788+07","2024-03-02 20:05:33.162788+07"
"14.04.18","140418 ","14.04","Concong","2024-03-02 20:05:33.162788+07","2024-03-02 20:05:33.162788+07"
"14.04.19","140419 ","14.04","Kempas","2024-03-02 20:05:33.162788+07","2024-03-02 20:05:33.162788+07"
"14.04.20","140420 ","14.04","Sungai Batang","2024-03-02 20:05:33.162788+07","2024-03-02 20:05:33.162788+07"
"14.05.01","140501 ","14.05","Ukui","2024-03-02 20:05:33.162788+07","2024-03-02 20:05:33.162788+07"
"14.05.02","140502 ","14.05","Pangkalan Kerinci","2024-03-02 20:05:33.162788+07","2024-03-02 20:05:33.162788+07"
"14.05.03","140503 ","14.05","Pangkalan Kuras","2024-03-02 20:05:33.162788+07","2024-03-02 20:05:33.162788+07"
"14.05.04","140504 ","14.05","Pangkalan Lesung","2024-03-02 20:05:33.162788+07","2024-03-02 20:05:33.162788+07"
"14.05.05","140505 ","14.05","Langgam","2024-03-02 20:05:33.162788+07","2024-03-02 20:05:33.162788+07"
"14.05.06","140506 ","14.05","Pelalawan","2024-03-02 20:05:33.162788+07","2024-03-02 20:05:33.162788+07"
"14.05.07","140507 ","14.05","Kerumutan","2024-03-02 20:05:33.162788+07","2024-03-02 20:05:33.162788+07"
"14.05.08","140508 ","14.05","Bunut","2024-03-02 20:05:33.162788+07","2024-03-02 20:05:33.162788+07"
"14.05.09","140509 ","14.05","Teluk Meranti","2024-03-02 20:05:33.162788+07","2024-03-02 20:05:33.162788+07"
"14.05.10","140510 ","14.05","Kuala Kampar","2024-03-02 20:05:33.162788+07","2024-03-02 20:05:33.162788+07"
"14.05.11","140511 ","14.05","Bandar Sei Kijang","2024-03-02 20:05:33.162788+07","2024-03-02 20:05:33.162788+07"
"14.05.12","140512 ","14.05","Bandar Petalangan","2024-03-02 20:05:33.162788+07","2024-03-02 20:05:33.162788+07"
"14.06.01","140601 ","14.06","Ujung Batu","2024-03-02 20:05:33.162788+07","2024-03-02 20:05:33.162788+07"
"14.06.02","140602 ","14.06","Rokan IV Koto","2024-03-02 20:05:33.162788+07","2024-03-02 20:05:33.162788+07"
"14.06.03","140603 ","14.06","Rambah","2024-03-02 20:05:33.162788+07","2024-03-02 20:05:33.162788+07"
"14.06.04","140604 ","14.06","Tambusai","2024-03-02 20:05:33.162788+07","2024-03-02 20:05:33.162788+07"
"14.06.05","140605 ","14.06","Kepenuhan","2024-03-02 20:05:33.162788+07","2024-03-02 20:05:33.162788+07"
"14.06.06","140606 ","14.06","Kunto Darussalam","2024-03-02 20:05:33.162788+07","2024-03-02 20:05:33.162788+07"
"14.06.07","140607 ","14.06","Rambah Samo","2024-03-02 20:05:33.162788+07","2024-03-02 20:05:33.162788+07"
"14.06.08","140608 ","14.06","Rambah Hilir","2024-03-02 20:05:33.162788+07","2024-03-02 20:05:33.162788+07"
"14.06.09","140609 ","14.06","Tambusai Utara","2024-03-02 20:05:33.162788+07","2024-03-02 20:05:33.162788+07"
"14.06.10","140610 ","14.06","Bangun Purba","2024-03-02 20:05:33.162788+07","2024-03-02 20:05:33.162788+07"
"14.06.11","140611 ","14.06","Tandun","2024-03-02 20:05:33.162788+07","2024-03-02 20:05:33.162788+07"
"14.06.12","140612 ","14.06","Kabun","2024-03-02 20:05:33.162788+07","2024-03-02 20:05:33.162788+07"
"14.06.13","140613 ","14.06","Bonai Darussalam","2024-03-02 20:05:33.162788+07","2024-03-02 20:05:33.162788+07"
"14.06.14","140614 ","14.06","Pagaran Tapah Darussalam","2024-03-02 20:05:33.162788+07","2024-03-02 20:05:33.162788+07"
"14.06.15","140615 ","14.06","Kepenuhan Hulu","2024-03-02 20:05:33.162788+07","2024-03-02 20:05:33.162788+07"
"14.06.16","140616 ","14.06","Pendalian IV Koto","2024-03-02 20:05:33.162788+07","2024-03-02 20:05:33.162788+07"
"14.07.01","140701 ","14.07","Kubu","2024-03-02 20:05:33.162788+07","2024-03-02 20:05:33.162788+07"
"14.07.02","140702 ","14.07","Bangko","2024-03-02 20:05:33.162788+07","2024-03-02 20:05:33.162788+07"
"14.07.03","140703 ","14.07","Tanah Putih","2024-03-02 20:05:33.162788+07","2024-03-02 20:05:33.162788+07"
"14.07.04","140704 ","14.07","Rimba Melintang","2024-03-02 20:05:33.162788+07","2024-03-02 20:05:33.162788+07"
"14.07.05","140705 ","14.07","Bagan Sinembah","2024-03-02 20:05:33.162788+07","2024-03-02 20:05:33.162788+07"
"14.07.06","140706 ","14.07","Pasir Limau Kapas","2024-03-02 20:05:33.162788+07","2024-03-02 20:05:33.162788+07"
"14.07.07","140707 ","14.07","Sinaboi","2024-03-02 20:05:33.162788+07","2024-03-02 20:05:33.162788+07"
"14.07.08","140708 ","14.07","Pujud","2024-03-02 20:05:33.162788+07","2024-03-02 20:05:33.162788+07"
"14.07.09","140709 ","14.07","Tanah Putih Tanjung Melawan","2024-03-02 20:05:33.162788+07","2024-03-02 20:05:33.162788+07"
"14.07.10","140710 ","14.07","Bangko Pusako","2024-03-02 20:05:33.162788+07","2024-03-02 20:05:33.162788+07"
"14.07.11","140711 ","14.07","Simpang Kanan","2024-03-02 20:05:33.162788+07","2024-03-02 20:05:33.162788+07"
"14.07.12","140712 ","14.07","Batu Hampar","2024-03-02 20:05:33.162788+07","2024-03-02 20:05:33.162788+07"
"14.07.13","140713 ","14.07","Rantau Kopar","2024-03-02 20:05:33.162788+07","2024-03-02 20:05:33.162788+07"
"14.07.14","140714 ","14.07","Pekaitan","2024-03-02 20:05:33.162788+07","2024-03-02 20:05:33.162788+07"
"14.07.15","140715 ","14.07","Kubu Babussalam","2024-03-02 20:05:33.162788+07","2024-03-02 20:05:33.162788+07"
"14.07.16","140716 ","14.07","Tanjung Medan","2024-03-02 20:05:33.162788+07","2024-03-02 20:05:33.162788+07"
"14.07.17","140717 ","14.07","Bagan Sinembah Raya","2024-03-02 20:05:33.162788+07","2024-03-02 20:05:33.162788+07"
"14.07.18","140718 ","14.07","Balai Jaya","2024-03-02 20:05:33.162788+07","2024-03-02 20:05:33.162788+07"
"14.08.01","140801 ","14.08","Siak","2024-03-02 20:05:33.162788+07","2024-03-02 20:05:33.162788+07"
"14.08.02","140802 ","14.08","Sungai Apit","2024-03-02 20:05:33.162788+07","2024-03-02 20:05:33.162788+07"
"14.08.03","140803 ","14.08","Minas","2024-03-02 20:05:33.162788+07","2024-03-02 20:05:33.162788+07"
"14.08.04","140804 ","14.08","Tualang","2024-03-02 20:05:33.162788+07","2024-03-02 20:05:33.162788+07"
"14.08.05","140805 ","14.08","Sungai Mandau","2024-03-02 20:05:33.162788+07","2024-03-02 20:05:33.162788+07"
"14.08.06","140806 ","14.08","Dayun","2024-03-02 20:05:33.162788+07","2024-03-02 20:05:33.162788+07"
"14.08.07","140807 ","14.08","Kerinci Kanan","2024-03-02 20:05:33.162788+07","2024-03-02 20:05:33.162788+07"
"14.08.08","140808 ","14.08","Bunga Raya","2024-03-02 20:05:33.162788+07","2024-03-02 20:05:33.162788+07"
"14.08.09","140809 ","14.08","Koto Gasib","2024-03-02 20:05:33.162788+07","2024-03-02 20:05:33.162788+07"
"14.08.10","140810 ","14.08","Kandis","2024-03-02 20:05:33.162788+07","2024-03-02 20:05:33.162788+07"
"14.08.11","140811 ","14.08","Lubuk Dalam","2024-03-02 20:05:33.162788+07","2024-03-02 20:05:33.162788+07"
"14.08.12","140812 ","14.08","Sabak Auh","2024-03-02 20:05:33.162788+07","2024-03-02 20:05:33.162788+07"
"14.08.13","140813 ","14.08","Mempura","2024-03-02 20:05:33.162788+07","2024-03-02 20:05:33.162788+07"
"14.08.14","140814 ","14.08","Pusako","2024-03-02 20:05:33.162788+07","2024-03-02 20:05:33.162788+07"
"14.09.01","140901 ","14.09","Kuantan Mudik","2024-03-02 20:05:33.162788+07","2024-03-02 20:05:33.162788+07"
"14.09.02","140902 ","14.09","Kuantan Tengah","2024-03-02 20:05:33.162788+07","2024-03-02 20:05:33.162788+07"
"14.09.03","140903 ","14.09","Singingi","2024-03-02 20:05:33.162788+07","2024-03-02 20:05:33.162788+07"
"14.09.04","140904 ","14.09","Kuantan Hilir","2024-03-02 20:05:33.162788+07","2024-03-02 20:05:33.162788+07"
"14.09.05","140905 ","14.09","Cerenti","2024-03-02 20:05:33.162788+07","2024-03-02 20:05:33.162788+07"
"14.09.06","140906 ","14.09","Benai","2024-03-02 20:05:33.162788+07","2024-03-02 20:05:33.162788+07"
"14.09.07","140907 ","14.09","Gunungtoar","2024-03-02 20:05:33.162788+07","2024-03-02 20:05:33.162788+07"
"14.09.08","140908 ","14.09","Singingi Hilir","2024-03-02 20:05:33.162788+07","2024-03-02 20:05:33.162788+07"
"14.09.09","140909 ","14.09","Pangean","2024-03-02 20:05:33.162788+07","2024-03-02 20:05:33.162788+07"
"14.09.10","140910 ","14.09","Logas Tanah Darat","2024-03-02 20:05:33.162788+07","2024-03-02 20:05:33.162788+07"
"14.09.11","140911 ","14.09","Inuman","2024-03-02 20:05:33.162788+07","2024-03-02 20:05:33.162788+07"
"14.09.12","140912 ","14.09","Hulu Kuantan","2024-03-02 20:05:33.162788+07","2024-03-02 20:05:33.162788+07"
"14.09.13","140913 ","14.09","Kuantan Hilir Seberang","2024-03-02 20:05:33.162788+07","2024-03-02 20:05:33.162788+07"
"14.09.14","140914 ","14.09","Sentajo Raya","2024-03-02 20:05:33.162788+07","2024-03-02 20:05:33.162788+07"
"14.09.15","140915 ","14.09","Pucuk Rantau","2024-03-02 20:05:33.162788+07","2024-03-02 20:05:33.162788+07"
"14.10.01","141001 ","14.10","Tebing Tinggi","2024-03-02 20:05:33.162788+07","2024-03-02 20:05:33.162788+07"
"14.10.02","141002 ","14.10","Rangsang Barat","2024-03-02 20:05:33.162788+07","2024-03-02 20:05:33.162788+07"
"14.10.03","141003 ","14.10","Rangsang","2024-03-02 20:05:33.162788+07","2024-03-02 20:05:33.162788+07"
"14.10.04","141004 ","14.10","Tebing Tinggi Barat","2024-03-02 20:05:33.162788+07","2024-03-02 20:05:33.162788+07"
"14.10.05","141005 ","14.10","Merbau","2024-03-02 20:05:33.162788+07","2024-03-02 20:05:33.162788+07"
"14.10.06","141006 ","14.10","Pulaumerbau","2024-03-02 20:05:33.162788+07","2024-03-02 20:05:33.162788+07"
"14.10.07","141007 ","14.10","Tebing Tinggi Timur","2024-03-02 20:05:33.162788+07","2024-03-02 20:05:33.162788+07"
"14.10.08","141008 ","14.10","Tasik Putri Puyu","2024-03-02 20:05:33.162788+07","2024-03-02 20:05:33.162788+07"
"14.10.09","141009 ","14.10","Rangsang Pesisir","2024-03-02 20:05:33.162788+07","2024-03-02 20:05:33.162788+07"
"14.71.01","147101 ","14.71","Sukajadi","2024-03-02 20:05:33.162788+07","2024-03-02 20:05:33.162788+07"
"14.71.02","147102 ","14.71","Pekanbaru Kota","2024-03-02 20:05:33.162788+07","2024-03-02 20:05:33.162788+07"
"14.71.03","147103 ","14.71","Sail","2024-03-02 20:05:33.162788+07","2024-03-02 20:05:33.162788+07"
"14.71.04","147104 ","14.71","Lima Puluh","2024-03-02 20:05:33.162788+07","2024-03-02 20:05:33.162788+07"
"14.71.05","147105 ","14.71","Senapelan","2024-03-02 20:05:33.162788+07","2024-03-02 20:05:33.162788+07"
"14.71.06","147106 ","14.71","Rumbai Barat","2024-03-02 20:05:33.162788+07","2024-03-02 20:05:33.162788+07"
"14.71.07","147107 ","14.71","Bukit Raya","2024-03-02 20:05:33.162788+07","2024-03-02 20:05:33.162788+07"
"14.71.08","147108 ","14.71","Binawidya","2024-03-02 20:05:33.162788+07","2024-03-02 20:05:33.162788+07"
"14.71.09","147109 ","14.71","Marpoyan Damai","2024-03-02 20:05:33.162788+07","2024-03-02 20:05:33.162788+07"
"14.71.10","147110 ","14.71","Tenayan Raya","2024-03-02 20:05:33.162788+07","2024-03-02 20:05:33.162788+07"
"14.71.11","147111 ","14.71","Payung Sekaki","2024-03-02 20:05:33.162788+07","2024-03-02 20:05:33.162788+07"
"14.71.12","147112 ","14.71","Rumbai","2024-03-02 20:05:33.162788+07","2024-03-02 20:05:33.162788+07"
"14.71.13","147113 ","14.71","Tuahmadani","2024-03-02 20:05:33.162788+07","2024-03-02 20:05:33.162788+07"
"14.71.14","147114 ","14.71","Kulim","2024-03-02 20:05:33.162788+07","2024-03-02 20:05:33.162788+07"
"14.71.15","147115 ","14.71","Rumbai Timur","2024-03-02 20:05:33.162788+07","2024-03-02 20:05:33.162788+07"
"14.72.01","147201 ","14.72","Dumai Barat","2024-03-02 20:05:33.162788+07","2024-03-02 20:05:33.162788+07"
"14.72.02","147202 ","14.72","Dumai Timur","2024-03-02 20:05:33.162788+07","2024-03-02 20:05:33.162788+07"
"14.72.03","147203 ","14.72","Bukit Kapur","2024-03-02 20:05:33.162788+07","2024-03-02 20:05:33.162788+07"
"14.72.04","147204 ","14.72","Sungai Sembilan","2024-03-02 20:05:33.162788+07","2024-03-02 20:05:33.162788+07"
"14.72.05","147205 ","14.72","Medang Kampai","2024-03-02 20:05:33.162788+07","2024-03-02 20:05:33.162788+07"
"14.72.06","147206 ","14.72","Dumai Kota","2024-03-02 20:05:33.162788+07","2024-03-02 20:05:33.162788+07"
"14.72.07","147207 ","14.72","Dumai Selatan","2024-03-02 20:05:33.162788+07","2024-03-02 20:05:33.162788+07"
"15.01.01","150101 ","15.01","Gunung Raya","2024-03-02 20:05:33.162788+07","2024-03-02 20:05:33.162788+07"
"15.01.02","150102 ","15.01","Danau Kerinci","2024-03-02 20:05:33.162788+07","2024-03-02 20:05:33.162788+07"
"15.01.04","150104 ","15.01","Sitinjau Laut","2024-03-02 20:05:33.162788+07","2024-03-02 20:05:33.162788+07"
"15.01.05","150105 ","15.01","Air Hangat","2024-03-02 20:05:33.162788+07","2024-03-02 20:05:33.162788+07"
"15.01.06","150106 ","15.01","Gunung Kerinci","2024-03-02 20:05:33.162788+07","2024-03-02 20:05:33.162788+07"
"15.01.07","150107 ","15.01","Batang Merangin","2024-03-02 20:05:33.162788+07","2024-03-02 20:05:33.162788+07"
"15.01.08","150108 ","15.01","Keliling Danau","2024-03-02 20:05:33.162788+07","2024-03-02 20:05:33.162788+07"
"15.01.09","150109 ","15.01","Kayu Aro","2024-03-02 20:05:33.162788+07","2024-03-02 20:05:33.162788+07"
"15.01.11","150111 ","15.01","Air Hangat Timur","2024-03-02 20:05:33.162788+07","2024-03-02 20:05:33.162788+07"
"15.01.15","150115 ","15.01","Gunung Tujuh","2024-03-02 20:05:33.162788+07","2024-03-02 20:05:33.162788+07"
"15.01.16","150116 ","15.01","Siulak","2024-03-02 20:05:33.162788+07","2024-03-02 20:05:33.162788+07"
"15.01.17","150117 ","15.01","Depati Tujuh","2024-03-02 20:05:33.162788+07","2024-03-02 20:05:33.162788+07"
"15.01.18","150118 ","15.01","Siulak Mukai","2024-03-02 20:05:33.162788+07","2024-03-02 20:05:33.162788+07"
"15.01.19","150119 ","15.01","Kayu Aro Barat","2024-03-02 20:05:33.162788+07","2024-03-02 20:05:33.162788+07"
"15.01.20","150120 ","15.01","Bukitkerman","2024-03-02 20:05:33.162788+07","2024-03-02 20:05:33.162788+07"
"15.01.21","150121 ","15.01","Air Hangat Barat","2024-03-02 20:05:33.162788+07","2024-03-02 20:05:33.162788+07"
"15.01.22","150122 ","15.01","Tanah Cogok","2024-03-02 20:05:33.162788+07","2024-03-02 20:05:33.162788+07"
"15.01.23","150123 ","15.01","Danau Kerinci Barat","2024-03-02 20:05:33.162788+07","2024-03-02 20:05:33.162788+07"
"15.02.01","150201 ","15.02","Jangkat","2024-03-02 20:05:33.162788+07","2024-03-02 20:05:33.162788+07"
"15.02.02","150202 ","15.02","Bangko","2024-03-02 20:05:33.162788+07","2024-03-02 20:05:33.162788+07"
"15.02.03","150203 ","15.02","Muara Siau","2024-03-02 20:05:33.162788+07","2024-03-02 20:05:33.162788+07"
"15.02.04","150204 ","15.02","Sungai Manau","2024-03-02 20:05:33.162788+07","2024-03-02 20:05:33.162788+07"
"15.02.05","150205 ","15.02","Tabir","2024-03-02 20:05:33.162788+07","2024-03-02 20:05:33.162788+07"
"15.02.06","150206 ","15.02","Pamenang","2024-03-02 20:05:33.162788+07","2024-03-02 20:05:33.162788+07"
"15.02.07","150207 ","15.02","Tabir Ulu","2024-03-02 20:05:33.162788+07","2024-03-02 20:05:33.162788+07"
"15.02.08","150208 ","15.02","Tabir Selatan","2024-03-02 20:05:33.162788+07","2024-03-02 20:05:33.162788+07"
"15.02.09","150209 ","15.02","Lembah Masurai","2024-03-02 20:05:33.162788+07","2024-03-02 20:05:33.162788+07"
"15.02.10","150210 ","15.02","Bangko Barat","2024-03-02 20:05:33.162788+07","2024-03-02 20:05:33.162788+07"
"15.02.11","150211 ","15.02","Nalo Tatan","2024-03-02 20:05:33.162788+07","2024-03-02 20:05:33.162788+07"
"15.02.12","150212 ","15.02","Batang Masumai","2024-03-02 20:05:33.162788+07","2024-03-02 20:05:33.162788+07"
"15.02.13","150213 ","15.02","Pamenang Barat","2024-03-02 20:05:33.162788+07","2024-03-02 20:05:33.162788+07"
"15.02.14","150214 ","15.02","Tabir Ilir","2024-03-02 20:05:33.162788+07","2024-03-02 20:05:33.162788+07"
"15.02.15","150215 ","15.02","Tabir Timur","2024-03-02 20:05:33.162788+07","2024-03-02 20:05:33.162788+07"
"15.02.16","150216 ","15.02","Renah Pembarap","2024-03-02 20:05:33.162788+07","2024-03-02 20:05:33.162788+07"
"15.02.17","150217 ","15.02","Pangkalan Jambu","2024-03-02 20:05:33.162788+07","2024-03-02 20:05:33.162788+07"
"15.02.18","150218 ","15.02","Jangkat Timur","2024-03-02 20:05:33.162788+07","2024-03-02 20:05:33.162788+07"
"15.02.19","150219 ","15.02","Renah Pamenang","2024-03-02 20:05:33.162788+07","2024-03-02 20:05:33.162788+07"
"15.02.20","150220 ","15.02","Pamenang Selatan","2024-03-02 20:05:33.162788+07","2024-03-02 20:05:33.162788+07"
"15.02.21","150221 ","15.02","Margo Tabir","2024-03-02 20:05:33.162788+07","2024-03-02 20:05:33.162788+07"
"15.02.22","150222 ","15.02","Tabir Lintas","2024-03-02 20:05:33.162788+07","2024-03-02 20:05:33.162788+07"
"15.02.23","150223 ","15.02","Tabir Barat","2024-03-02 20:05:33.162788+07","2024-03-02 20:05:33.162788+07"
"15.02.24","150224 ","15.02","Tiang Pumpung","2024-03-02 20:05:33.162788+07","2024-03-02 20:05:33.162788+07"
"15.03.01","150301 ","15.03","Batang Asai","2024-03-02 20:05:33.162788+07","2024-03-02 20:05:33.162788+07"
"15.03.02","150302 ","15.03","Limun","2024-03-02 20:05:33.162788+07","2024-03-02 20:05:33.162788+07"
"15.03.03","150303 ","15.03","Sarolangun","2024-03-02 20:05:33.162788+07","2024-03-02 20:05:33.162788+07"
"15.03.04","150304 ","15.03","Pauh","2024-03-02 20:05:33.162788+07","2024-03-02 20:05:33.162788+07"
"15.03.05","150305 ","15.03","Pelawan","2024-03-02 20:05:33.162788+07","2024-03-02 20:05:33.162788+07"
"15.03.06","150306 ","15.03","Mandiangin","2024-03-02 20:05:33.162788+07","2024-03-02 20:05:33.162788+07"
"15.03.07","150307 ","15.03","Air Hitam","2024-03-02 20:05:33.162788+07","2024-03-02 20:05:33.162788+07"
"15.03.08","150308 ","15.03","Bathin VIII","2024-03-02 20:05:33.162788+07","2024-03-02 20:05:33.162788+07"
"15.03.09","150309 ","15.03","Singkut","2024-03-02 20:05:33.162788+07","2024-03-02 20:05:33.162788+07"
"15.03.10","150310 ","15.03","Cermin Nan Gedang","2024-03-02 20:05:33.162788+07","2024-03-02 20:05:33.162788+07"
"15.03.11","150311 ","15.03","Mandiangin Timur","2024-03-02 20:05:33.162788+07","2024-03-02 20:05:33.162788+07"
"15.04.01","150401 ","15.04","Mersam","2024-03-02 20:05:33.162788+07","2024-03-02 20:05:33.162788+07"
"15.04.02","150402 ","15.04","Muara Tembesi","2024-03-02 20:05:33.162788+07","2024-03-02 20:05:33.162788+07"
"15.04.03","150403 ","15.04","Muara Bulian","2024-03-02 20:05:33.162788+07","2024-03-02 20:05:33.162788+07"
"15.04.04","150404 ","15.04","Batin XXIV","2024-03-02 20:05:33.162788+07","2024-03-02 20:05:33.162788+07"
"15.04.05","150405 ","15.04","Pemayung","2024-03-02 20:05:33.162788+07","2024-03-02 20:05:33.162788+07"
"15.04.06","150406 ","15.04","Maro Sebo Ulu","2024-03-02 20:05:33.162788+07","2024-03-02 20:05:33.162788+07"
"15.04.07","150407 ","15.04","Bajubang","2024-03-02 20:05:33.162788+07","2024-03-02 20:05:33.162788+07"
"15.04.08","150408 ","15.04","Maro Sebo Ilir","2024-03-02 20:05:33.162788+07","2024-03-02 20:05:33.162788+07"
"15.05.01","150501 ","15.05","Jambi Luar Kota","2024-03-02 20:05:33.162788+07","2024-03-02 20:05:33.162788+07"
"15.05.02","150502 ","15.05","Sekernan","2024-03-02 20:05:33.162788+07","2024-03-02 20:05:33.162788+07"
"15.05.03","150503 ","15.05","Kumpeh","2024-03-02 20:05:33.162788+07","2024-03-02 20:05:33.162788+07"
"15.05.04","150504 ","15.05","Maro Sebo","2024-03-02 20:05:33.162788+07","2024-03-02 20:05:33.162788+07"
"15.05.05","150505 ","15.05","Mestong","2024-03-02 20:05:33.162788+07","2024-03-02 20:05:33.162788+07"
"15.05.06","150506 ","15.05","Kumpeh Ulu","2024-03-02 20:05:33.162788+07","2024-03-02 20:05:33.162788+07"
"15.05.07","150507 ","15.05","Sungai Bahar","2024-03-02 20:05:33.162788+07","2024-03-02 20:05:33.162788+07"
"15.05.08","150508 ","15.05","Sungai Gelam","2024-03-02 20:05:33.162788+07","2024-03-02 20:05:33.162788+07"
"15.05.09","150509 ","15.05","Bahar Utara","2024-03-02 20:05:33.162788+07","2024-03-02 20:05:33.162788+07"
"15.05.10","150510 ","15.05","Bahar Selatan","2024-03-02 20:05:33.162788+07","2024-03-02 20:05:33.162788+07"
"15.05.11","150511 ","15.05","Taman Rajo","2024-03-02 20:05:33.162788+07","2024-03-02 20:05:33.162788+07"
"15.06.01","150601 ","15.06","Tungkal Ulu","2024-03-02 20:05:33.162788+07","2024-03-02 20:05:33.162788+07"
"15.06.02","150602 ","15.06","Tungkal Ilir","2024-03-02 20:05:33.162788+07","2024-03-02 20:05:33.162788+07"
"15.06.03","150603 ","15.06","Pengabuan","2024-03-02 20:05:33.162788+07","2024-03-02 20:05:33.162788+07"
"15.06.04","150604 ","15.06","Betara","2024-03-02 20:05:33.162788+07","2024-03-02 20:05:33.162788+07"
"15.06.05","150605 ","15.06","Merlung","2024-03-02 20:05:33.162788+07","2024-03-02 20:05:33.162788+07"
"15.06.06","150606 ","15.06","Tebing Tinggi","2024-03-02 20:05:33.162788+07","2024-03-02 20:05:33.162788+07"
"15.06.07","150607 ","15.06","Batang Asam","2024-03-02 20:05:33.162788+07","2024-03-02 20:05:33.162788+07"
"15.06.08","150608 ","15.06","Renah Mendaluh","2024-03-02 20:05:33.162788+07","2024-03-02 20:05:33.162788+07"
"15.06.09","150609 ","15.06","Muara Papalik","2024-03-02 20:05:33.162788+07","2024-03-02 20:05:33.162788+07"
"15.06.10","150610 ","15.06","Seberang Kota","2024-03-02 20:05:33.162788+07","2024-03-02 20:05:33.162788+07"
"15.06.11","150611 ","15.06","Bram Itam","2024-03-02 20:05:33.162788+07","2024-03-02 20:05:33.162788+07"
"15.06.12","150612 ","15.06","Kuala Betara","2024-03-02 20:05:33.162788+07","2024-03-02 20:05:33.162788+07"
"15.06.13","150613 ","15.06","Senyerang","2024-03-02 20:05:33.162788+07","2024-03-02 20:05:33.162788+07"
"15.07.01","150701 ","15.07","Muara Sabak Timur","2024-03-02 20:05:33.162788+07","2024-03-02 20:05:33.162788+07"
"15.07.02","150702 ","15.07","Nipah Panjang","2024-03-02 20:05:33.162788+07","2024-03-02 20:05:33.162788+07"
"15.07.03","150703 ","15.07","Mendahara","2024-03-02 20:05:33.162788+07","2024-03-02 20:05:33.162788+07"
"15.07.04","150704 ","15.07","Rantau Rasau","2024-03-02 20:05:33.162788+07","2024-03-02 20:05:33.162788+07"
"15.07.05","150705 ","15.07","S a d u","2024-03-02 20:05:33.162788+07","2024-03-02 20:05:33.162788+07"
"15.07.06","150706 ","15.07","Dendang","2024-03-02 20:05:33.162788+07","2024-03-02 20:05:33.162788+07"
"15.07.07","150707 ","15.07","Muara Sabak Barat","2024-03-02 20:05:33.162788+07","2024-03-02 20:05:33.162788+07"
"15.07.08","150708 ","15.07","Kuala Jambi","2024-03-02 20:05:33.162788+07","2024-03-02 20:05:33.162788+07"
"15.07.09","150709 ","15.07","Mendahara Ulu","2024-03-02 20:05:33.162788+07","2024-03-02 20:05:33.162788+07"
"15.07.10","150710 ","15.07","Geragai","2024-03-02 20:05:33.162788+07","2024-03-02 20:05:33.162788+07"
"15.07.11","150711 ","15.07","Berbak","2024-03-02 20:05:33.162788+07","2024-03-02 20:05:33.162788+07"
"15.08.01","150801 ","15.08","Tanah Tumbuh","2024-03-02 20:05:33.162788+07","2024-03-02 20:05:33.162788+07"
"15.08.02","150802 ","15.08","Rantau Pandan","2024-03-02 20:05:33.162788+07","2024-03-02 20:05:33.162788+07"
"15.08.03","150803 ","15.08","Pasar Muaro Bungo","2024-03-02 20:05:33.162788+07","2024-03-02 20:05:33.162788+07"
"15.08.04","150804 ","15.08","Jujuhan","2024-03-02 20:05:33.162788+07","2024-03-02 20:05:33.162788+07"
"15.08.05","150805 ","15.08","Tanah Sepenggal","2024-03-02 20:05:33.162788+07","2024-03-02 20:05:33.162788+07"
"15.08.06","150806 ","15.08","Pelepat","2024-03-02 20:05:33.162788+07","2024-03-02 20:05:33.162788+07"
"15.08.07","150807 ","15.08","Limbur Lubuk Mengkuang","2024-03-02 20:05:33.162788+07","2024-03-02 20:05:33.162788+07"
"15.08.08","150808 ","15.08","Muko-muko Bathin VII","2024-03-02 20:05:33.162788+07","2024-03-02 20:05:33.162788+07"
"15.08.09","150809 ","15.08","Pelepat Ilir","2024-03-02 20:05:33.162788+07","2024-03-02 20:05:33.162788+07"
"15.08.10","150810 ","15.08","Batin II Babeko","2024-03-02 20:05:33.162788+07","2024-03-02 20:05:33.162788+07"
"15.08.11","150811 ","15.08","Bathin III","2024-03-02 20:05:33.162788+07","2024-03-02 20:05:33.162788+07"
"15.08.12","150812 ","15.08","Bungo Dani","2024-03-02 20:05:33.162788+07","2024-03-02 20:05:33.162788+07"
"15.08.13","150813 ","15.08","Rimbo Tengah","2024-03-02 20:05:33.162788+07","2024-03-02 20:05:33.162788+07"
"15.08.14","150814 ","15.08","Bathin III Ulu","2024-03-02 20:05:33.162788+07","2024-03-02 20:05:33.162788+07"
"15.08.15","150815 ","15.08","Bathin II Pelayang","2024-03-02 20:05:33.162788+07","2024-03-02 20:05:33.162788+07"
"15.08.16","150816 ","15.08","Jujuhan Ilir","2024-03-02 20:05:33.162788+07","2024-03-02 20:05:33.162788+07"
"15.08.17","150817 ","15.08","Tanah Sepenggal Lintas","2024-03-02 20:05:33.162788+07","2024-03-02 20:05:33.162788+07"
"15.09.01","150901 ","15.09","Tebo Tengah","2024-03-02 20:05:33.162788+07","2024-03-02 20:05:33.162788+07"
"15.09.02","150902 ","15.09","Tebo Ilir","2024-03-02 20:05:33.162788+07","2024-03-02 20:05:33.162788+07"
"15.09.03","150903 ","15.09","Tebo Ulu","2024-03-02 20:05:33.162788+07","2024-03-02 20:05:33.162788+07"
"15.09.04","150904 ","15.09","Rimbo Bujang","2024-03-02 20:05:33.162788+07","2024-03-02 20:05:33.162788+07"
"15.09.05","150905 ","15.09","Sumay","2024-03-02 20:05:33.162788+07","2024-03-02 20:05:33.162788+07"
"15.09.06","150906 ","15.09","VII Koto","2024-03-02 20:05:33.162788+07","2024-03-02 20:05:33.162788+07"
"15.09.07","150907 ","15.09","Rimbo Ulu","2024-03-02 20:05:33.162788+07","2024-03-02 20:05:33.162788+07"
"15.09.08","150908 ","15.09","Rimbo Ilir","2024-03-02 20:05:33.162788+07","2024-03-02 20:05:33.162788+07"
"15.09.09","150909 ","15.09","Tengah Ilir","2024-03-02 20:05:33.162788+07","2024-03-02 20:05:33.162788+07"
"15.09.10","150910 ","15.09","Serai Serumpun","2024-03-02 20:05:33.162788+07","2024-03-02 20:05:33.162788+07"
"15.09.11","150911 ","15.09","VII Koto Ilir","2024-03-02 20:05:33.162788+07","2024-03-02 20:05:33.162788+07"
"15.09.12","150912 ","15.09","Muara Tabir","2024-03-02 20:05:33.162788+07","2024-03-02 20:05:33.162788+07"
"15.71.01","157101 ","15.71","Telanaipura","2024-03-02 20:05:33.162788+07","2024-03-02 20:05:33.162788+07"
"15.71.02","157102 ","15.71","Jambi Selatan","2024-03-02 20:05:33.162788+07","2024-03-02 20:05:33.162788+07"
"15.71.03","157103 ","15.71","Jambi Timur","2024-03-02 20:05:33.162788+07","2024-03-02 20:05:33.162788+07"
"15.71.04","157104 ","15.71","Pasar Jambi","2024-03-02 20:05:33.162788+07","2024-03-02 20:05:33.162788+07"
"15.71.05","157105 ","15.71","Pelayangan","2024-03-02 20:05:33.162788+07","2024-03-02 20:05:33.162788+07"
"15.71.06","157106 ","15.71","Danau Teluk","2024-03-02 20:05:33.162788+07","2024-03-02 20:05:33.162788+07"
"15.71.07","157107 ","15.71","Kota Baru","2024-03-02 20:05:33.162788+07","2024-03-02 20:05:33.162788+07"
"15.71.08","157108 ","15.71","Jelutung","2024-03-02 20:05:33.162788+07","2024-03-02 20:05:33.162788+07"
"15.71.09","157109 ","15.71","Alam Barajo","2024-03-02 20:05:33.162788+07","2024-03-02 20:05:33.162788+07"
"15.71.10","157110 ","15.71","Danau Sipin","2024-03-02 20:05:33.162788+07","2024-03-02 20:05:33.162788+07"
"15.71.11","157111 ","15.71","Paal Merah","2024-03-02 20:05:33.162788+07","2024-03-02 20:05:33.162788+07"
"15.72.01","157201 ","15.72","Sungai Penuh","2024-03-02 20:05:33.162788+07","2024-03-02 20:05:33.162788+07"
"15.72.02","157202 ","15.72","Pesisir Bukit","2024-03-02 20:05:33.162788+07","2024-03-02 20:05:33.162788+07"
"15.72.03","157203 ","15.72","Hamparan Rawang","2024-03-02 20:05:33.162788+07","2024-03-02 20:05:33.162788+07"
"15.72.04","157204 ","15.72","Tanah Kampung","2024-03-02 20:05:33.162788+07","2024-03-02 20:05:33.162788+07"
"15.72.05","157205 ","15.72","Kumun Debai","2024-03-02 20:05:33.162788+07","2024-03-02 20:05:33.162788+07"
"15.72.06","157206 ","15.72","Pondok Tinggi","2024-03-02 20:05:33.162788+07","2024-03-02 20:05:33.162788+07"
"15.72.07","157207 ","15.72","Koto Baru","2024-03-02 20:05:33.162788+07","2024-03-02 20:05:33.162788+07"
"15.72.08","157208 ","15.72","Sungai Bungkal","2024-03-02 20:05:33.162788+07","2024-03-02 20:05:33.162788+07"
"16.01.07","160107 ","16.01","Sosoh Buay Rayap","2024-03-02 20:05:33.162788+07","2024-03-02 20:05:33.162788+07"
"16.01.08","160108 ","16.01","Pengandonan","2024-03-02 20:05:33.162788+07","2024-03-02 20:05:33.162788+07"
"16.01.09","160109 ","16.01","Peninjauan","2024-03-02 20:05:33.162788+07","2024-03-02 20:05:33.162788+07"
"16.01.13","160113 ","16.01","Baturaja Barat","2024-03-02 20:05:33.162788+07","2024-03-02 20:05:33.162788+07"
"16.01.14","160114 ","16.01","Baturaja Timur","2024-03-02 20:05:33.162788+07","2024-03-02 20:05:33.162788+07"
"16.01.20","160120 ","16.01","Ulu Ogan","2024-03-02 20:05:33.162788+07","2024-03-02 20:05:33.162788+07"
"16.01.21","160121 ","16.01","Semidang Aji","2024-03-02 20:05:33.162788+07","2024-03-02 20:05:33.162788+07"
"16.01.22","160122 ","16.01","Lubuk Batang","2024-03-02 20:05:33.162788+07","2024-03-02 20:05:33.162788+07"
"16.01.28","160128 ","16.01","Lengkiti","2024-03-02 20:05:33.162788+07","2024-03-02 20:05:33.162788+07"
"16.01.29","160129 ","16.01","Sinar Peninjauan","2024-03-02 20:05:33.162788+07","2024-03-02 20:05:33.162788+07"
"16.01.30","160130 ","16.01","Lubuk Raja","2024-03-02 20:05:33.162788+07","2024-03-02 20:05:33.162788+07"
"16.01.31","160131 ","16.01","Muara Jaya","2024-03-02 20:05:33.162788+07","2024-03-02 20:05:33.162788+07"
"16.01.32","160132 ","16.01","Kedaton Peninjauan Raya","2024-03-02 20:05:33.162788+07","2024-03-02 20:05:33.162788+07"
"16.02.02","160202 ","16.02","Tanjung Lubuk","2024-03-02 20:05:33.162788+07","2024-03-02 20:05:33.162788+07"
"16.02.03","160203 ","16.02","Pedamaran","2024-03-02 20:05:33.162788+07","2024-03-02 20:05:33.162788+07"
"16.02.04","160204 ","16.02","Mesuji","2024-03-02 20:05:33.162788+07","2024-03-02 20:05:33.162788+07"
"16.02.05","160205 ","16.02","Kayu Agung","2024-03-02 20:05:33.162788+07","2024-03-02 20:05:33.162788+07"
"16.02.08","160208 ","16.02","Sirah Pulau Padang","2024-03-02 20:05:33.162788+07","2024-03-02 20:05:33.162788+07"
"16.02.11","160211 ","16.02","Tulung Selapan","2024-03-02 20:05:33.162788+07","2024-03-02 20:05:33.162788+07"
"16.02.12","160212 ","16.02","Pampangan","2024-03-02 20:05:33.162788+07","2024-03-02 20:05:33.162788+07"
"16.02.13","160213 ","16.02","Lempuing","2024-03-02 20:05:33.162788+07","2024-03-02 20:05:33.162788+07"
"16.02.14","160214 ","16.02","Air Sugihan","2024-03-02 20:05:33.162788+07","2024-03-02 20:05:33.162788+07"
"16.02.15","160215 ","16.02","Sungai Menang","2024-03-02 20:05:33.162788+07","2024-03-02 20:05:33.162788+07"
"16.02.17","160217 ","16.02","Jejawi","2024-03-02 20:05:33.162788+07","2024-03-02 20:05:33.162788+07"
"16.02.18","160218 ","16.02","Cengal","2024-03-02 20:05:33.162788+07","2024-03-02 20:05:33.162788+07"
"16.02.19","160219 ","16.02","Pangkalan Lampam","2024-03-02 20:05:33.162788+07","2024-03-02 20:05:33.162788+07"
"16.02.20","160220 ","16.02","Mesuji Makmur","2024-03-02 20:05:33.162788+07","2024-03-02 20:05:33.162788+07"
"16.02.21","160221 ","16.02","Mesuji Raya","2024-03-02 20:05:33.162788+07","2024-03-02 20:05:33.162788+07"
"16.02.22","160222 ","16.02","Lempuing Jaya","2024-03-02 20:05:33.162788+07","2024-03-02 20:05:33.162788+07"
"16.02.23","160223 ","16.02","Teluk Gelam","2024-03-02 20:05:33.162788+07","2024-03-02 20:05:33.162788+07"
"16.02.24","160224 ","16.02","Pedamaran Timur","2024-03-02 20:05:33.162788+07","2024-03-02 20:05:33.162788+07"
"16.03.01","160301 ","16.03","Tanjung Agung","2024-03-02 20:05:33.162788+07","2024-03-02 20:05:33.162788+07"
"16.03.02","160302 ","16.03","Muara Enim","2024-03-02 20:05:33.162788+07","2024-03-02 20:05:33.162788+07"
"16.03.03","160303 ","16.03","Rambang Niru","2024-03-02 20:05:33.162788+07","2024-03-02 20:05:33.162788+07"
"16.03.04","160304 ","16.03","Gunung Megang","2024-03-02 20:05:33.162788+07","2024-03-02 20:05:33.162788+07"
"16.03.06","160306 ","16.03","Gelumbang","2024-03-02 20:05:33.162788+07","2024-03-02 20:05:33.162788+07"
"16.03.07","160307 ","16.03","Lawang Kidul","2024-03-02 20:05:33.162788+07","2024-03-02 20:05:33.162788+07"
"16.03.08","160308 ","16.03","Semende Darat Laut","2024-03-02 20:05:33.162788+07","2024-03-02 20:05:33.162788+07"
"16.03.09","160309 ","16.03","Semende Darat Tengah","2024-03-02 20:05:33.162788+07","2024-03-02 20:05:33.162788+07"
"16.03.10","160310 ","16.03","Semende Darat Ulu","2024-03-02 20:05:33.162788+07","2024-03-02 20:05:33.162788+07"
"16.03.11","160311 ","16.03","Ujan Mas","2024-03-02 20:05:33.162788+07","2024-03-02 20:05:33.162788+07"
"16.03.14","160314 ","16.03","Lubai","2024-03-02 20:05:33.162788+07","2024-03-02 20:05:33.162788+07"
"16.03.15","160315 ","16.03","Rambang","2024-03-02 20:05:33.162788+07","2024-03-02 20:05:33.162788+07"
"16.03.16","160316 ","16.03","Sungai Rotan","2024-03-02 20:05:33.162788+07","2024-03-02 20:05:33.162788+07"
"16.03.17","160317 ","16.03","Lembak","2024-03-02 20:05:33.162788+07","2024-03-02 20:05:33.162788+07"
"16.03.19","160319 ","16.03","Benakat","2024-03-02 20:05:33.162788+07","2024-03-02 20:05:33.162788+07"
"16.03.21","160321 ","16.03","Kelekar","2024-03-02 20:05:33.162788+07","2024-03-02 20:05:33.162788+07"
"16.03.22","160322 ","16.03","Muara Belida","2024-03-02 20:05:33.162788+07","2024-03-02 20:05:33.162788+07"
"16.03.23","160323 ","16.03","Belimbing","2024-03-02 20:05:33.162788+07","2024-03-02 20:05:33.162788+07"
"16.03.24","160324 ","16.03","Belida Darat","2024-03-02 20:05:33.162788+07","2024-03-02 20:05:33.162788+07"
"16.03.25","160325 ","16.03","Lubai Ulu","2024-03-02 20:05:33.162788+07","2024-03-02 20:05:33.162788+07"
"16.03.26","160326 ","16.03","Empat Petulai Dangku","2024-03-02 20:05:33.162788+07","2024-03-02 20:05:33.162788+07"
"16.03.27","160327 ","16.03","Panang Enim","2024-03-02 20:05:33.162788+07","2024-03-02 20:05:33.162788+07"
"16.04.01","160401 ","16.04","Tanjungsakti Pumu","2024-03-02 20:05:33.162788+07","2024-03-02 20:05:33.162788+07"
"16.04.06","160406 ","16.04","Jarai","2024-03-02 20:05:33.162788+07","2024-03-02 20:05:33.162788+07"
"16.04.07","160407 ","16.04","Kota Agung","2024-03-02 20:05:33.162788+07","2024-03-02 20:05:33.162788+07"
"16.04.08","160408 ","16.04","Pulaupinang","2024-03-02 20:05:33.162788+07","2024-03-02 20:05:33.162788+07"
"16.04.09","160409 ","16.04","Merapi Barat","2024-03-02 20:05:33.162788+07","2024-03-02 20:05:33.162788+07"
"16.04.10","160410 ","16.04","Lahat","2024-03-02 20:05:33.162788+07","2024-03-02 20:05:33.162788+07"
"16.04.12","160412 ","16.04","Pajar Bulan","2024-03-02 20:05:33.162788+07","2024-03-02 20:05:33.162788+07"
"16.04.15","160415 ","16.04","Mulak Ulu","2024-03-02 20:05:33.162788+07","2024-03-02 20:05:33.162788+07"
"16.04.16","160416 ","16.04","Kikim Selatan","2024-03-02 20:05:33.162788+07","2024-03-02 20:05:33.162788+07"
"16.04.17","160417 ","16.04","Kikim Timur","2024-03-02 20:05:33.162788+07","2024-03-02 20:05:33.162788+07"
"16.04.18","160418 ","16.04","Kikim Tengah","2024-03-02 20:05:33.162788+07","2024-03-02 20:05:33.162788+07"
"16.04.19","160419 ","16.04","Kikim Barat","2024-03-02 20:05:33.162788+07","2024-03-02 20:05:33.162788+07"
"16.04.20","160420 ","16.04","Pseksu","2024-03-02 20:05:33.162788+07","2024-03-02 20:05:33.162788+07"
"16.04.21","160421 ","16.04","Gumay Talang","2024-03-02 20:05:33.162788+07","2024-03-02 20:05:33.162788+07"
"16.04.22","160422 ","16.04","Pagar Gunung","2024-03-02 20:05:33.162788+07","2024-03-02 20:05:33.162788+07"
"16.04.23","160423 ","16.04","Merapi Timur","2024-03-02 20:05:33.162788+07","2024-03-02 20:05:33.162788+07"
"16.04.24","160424 ","16.04","Tanjung Sakti Pumi","2024-03-02 20:05:33.162788+07","2024-03-02 20:05:33.162788+07"
"16.04.25","160425 ","16.04","Gumay Ulu","2024-03-02 20:05:33.162788+07","2024-03-02 20:05:33.162788+07"
"16.04.26","160426 ","16.04","Merapi Selatan","2024-03-02 20:05:33.162788+07","2024-03-02 20:05:33.162788+07"
"16.04.27","160427 ","16.04","Tanjungtebat","2024-03-02 20:05:33.162788+07","2024-03-02 20:05:33.162788+07"
"16.04.28","160428 ","16.04","Muarapayang","2024-03-02 20:05:33.162788+07","2024-03-02 20:05:33.162788+07"
"16.04.29","160429 ","16.04","Sukamerindu","2024-03-02 20:05:33.162788+07","2024-03-02 20:05:33.162788+07"
"16.04.30","160430 ","16.04","Mulak Sebingkai","2024-03-02 20:05:33.162788+07","2024-03-02 20:05:33.162788+07"
"16.04.31","160431 ","16.04","Lahat Selatan","2024-03-02 20:05:33.162788+07","2024-03-02 20:05:33.162788+07"
"16.05.01","160501 ","16.05","Tugumulyo","2024-03-02 20:05:33.162788+07","2024-03-02 20:05:33.162788+07"
"16.05.02","160502 ","16.05","Muara Lakitan","2024-03-02 20:05:33.162788+07","2024-03-02 20:05:33.162788+07"
"16.05.03","160503 ","16.05","Muara Kelingi","2024-03-02 20:05:33.162788+07","2024-03-02 20:05:33.162788+07"
"16.05.08","160508 ","16.05","Jayaloka","2024-03-02 20:05:33.162788+07","2024-03-02 20:05:33.162788+07"
"16.05.09","160509 ","16.05","Muara Beliti","2024-03-02 20:05:33.162788+07","2024-03-02 20:05:33.162788+07"
"16.05.10","160510 ","16.05","STL Ulu Terawas","2024-03-02 20:05:33.162788+07","2024-03-02 20:05:33.162788+07"
"16.05.11","160511 ","16.05","Selangit","2024-03-02 20:05:33.162788+07","2024-03-02 20:05:33.162788+07"
"16.05.12","160512 ","16.05","Megang Sakti","2024-03-02 20:05:33.162788+07","2024-03-02 20:05:33.162788+07"
"16.05.13","160513 ","16.05","Purwodadi","2024-03-02 20:05:33.162788+07","2024-03-02 20:05:33.162788+07"
"16.05.14","160514 ","16.05","BTS. Ulu","2024-03-02 20:05:33.162788+07","2024-03-02 20:05:33.162788+07"
"16.05.18","160518 ","16.05","Tiang Pumpung Kepungut","2024-03-02 20:05:33.162788+07","2024-03-02 20:05:33.162788+07"
"16.05.19","160519 ","16.05","Sumber Harta","2024-03-02 20:05:33.162788+07","2024-03-02 20:05:33.162788+07"
"16.05.20","160520 ","16.05","Tuah Negeri","2024-03-02 20:05:33.162788+07","2024-03-02 20:05:33.162788+07"
"16.05.21","160521 ","16.05","Suka Karya","2024-03-02 20:05:33.162788+07","2024-03-02 20:05:33.162788+07"
"16.06.01","160601 ","16.06","Sekayu","2024-03-02 20:05:33.162788+07","2024-03-02 20:05:33.162788+07"
"16.06.02","160602 ","16.06","Lais","2024-03-02 20:05:33.162788+07","2024-03-02 20:05:33.162788+07"
"16.06.03","160603 ","16.06","Sungai Keruh","2024-03-02 20:05:33.162788+07","2024-03-02 20:05:33.162788+07"
"16.06.04","160604 ","16.06","Batang Hari Leko","2024-03-02 20:05:33.162788+07","2024-03-02 20:05:33.162788+07"
"16.06.05","160605 ","16.06","Sanga Desa","2024-03-02 20:05:33.162788+07","2024-03-02 20:05:33.162788+07"
"16.06.06","160606 ","16.06","Babat Toman","2024-03-02 20:05:33.162788+07","2024-03-02 20:05:33.162788+07"
"16.06.07","160607 ","16.06","Sungai Lilin","2024-03-02 20:05:33.162788+07","2024-03-02 20:05:33.162788+07"
"16.06.08","160608 ","16.06","Keluang","2024-03-02 20:05:33.162788+07","2024-03-02 20:05:33.162788+07"
"16.06.09","160609 ","16.06","Bayung Lencir","2024-03-02 20:05:33.162788+07","2024-03-02 20:05:33.162788+07"
"16.06.10","160610 ","16.06","Plakat Tinggi","2024-03-02 20:05:33.162788+07","2024-03-02 20:05:33.162788+07"
"16.06.11","160611 ","16.06","Lalan","2024-03-02 20:05:33.162788+07","2024-03-02 20:05:33.162788+07"
"16.06.12","160612 ","16.06","Tungkal Jaya","2024-03-02 20:05:33.162788+07","2024-03-02 20:05:33.162788+07"
"16.06.13","160613 ","16.06","Lawang Wetan","2024-03-02 20:05:33.162788+07","2024-03-02 20:05:33.162788+07"
"16.06.14","160614 ","16.06","Babat Supat","2024-03-02 20:05:33.162788+07","2024-03-02 20:05:33.162788+07"
"16.06.15","160615 ","16.06","Jirak Jaya","2024-03-02 20:05:33.162788+07","2024-03-02 20:05:33.162788+07"
"16.07.01","160701 ","16.07","Banyuasin I","2024-03-02 20:05:33.162788+07","2024-03-02 20:05:33.162788+07"
"16.07.02","160702 ","16.07","Banyuasin II","2024-03-02 20:05:33.162788+07","2024-03-02 20:05:33.162788+07"
"16.07.03","160703 ","16.07","Banyuasin III","2024-03-02 20:05:33.162788+07","2024-03-02 20:05:33.162788+07"
"16.07.04","160704 ","16.07","Pulau Rimau","2024-03-02 20:05:33.162788+07","2024-03-02 20:05:33.162788+07"
"16.07.05","160705 ","16.07","Betung","2024-03-02 20:05:33.162788+07","2024-03-02 20:05:33.162788+07"
"16.07.06","160706 ","16.07","Rambutan","2024-03-02 20:05:33.162788+07","2024-03-02 20:05:33.162788+07"
"16.07.07","160707 ","16.07","Muara Padang","2024-03-02 20:05:33.162788+07","2024-03-02 20:05:33.162788+07"
"16.07.08","160708 ","16.07","Muara Telang","2024-03-02 20:05:33.162788+07","2024-03-02 20:05:33.162788+07"
"16.07.09","160709 ","16.07","Makarti Jaya","2024-03-02 20:05:33.162788+07","2024-03-02 20:05:33.162788+07"
"16.07.10","160710 ","16.07","Talang Kelapa","2024-03-02 20:05:33.162788+07","2024-03-02 20:05:33.162788+07"
"16.07.11","160711 ","16.07","Rantau Bayur","2024-03-02 20:05:33.162788+07","2024-03-02 20:05:33.162788+07"
"16.07.12","160712 ","16.07","Tanjung Lago","2024-03-02 20:05:33.162788+07","2024-03-02 20:05:33.162788+07"
"16.07.13","160713 ","16.07","Muara Sugihan","2024-03-02 20:05:33.162788+07","2024-03-02 20:05:33.162788+07"
"16.07.14","160714 ","16.07","Air Salek","2024-03-02 20:05:33.162788+07","2024-03-02 20:05:33.162788+07"
"16.07.15","160715 ","16.07","Tungkal Ilir","2024-03-02 20:05:33.162788+07","2024-03-02 20:05:33.162788+07"
"16.07.16","160716 ","16.07","Suak Tapeh","2024-03-02 20:05:33.162788+07","2024-03-02 20:05:33.162788+07"
"16.07.17","160717 ","16.07","Sembawa","2024-03-02 20:05:33.162788+07","2024-03-02 20:05:33.162788+07"
"16.07.18","160718 ","16.07","Sumber Marga Telang","2024-03-02 20:05:33.162788+07","2024-03-02 20:05:33.162788+07"
"16.07.19","160719 ","16.07","Air Kumbang","2024-03-02 20:05:33.162788+07","2024-03-02 20:05:33.162788+07"
"16.07.20","160720 ","16.07","Karangagung Ilir","2024-03-02 20:05:33.162788+07","2024-03-02 20:05:33.162788+07"
"16.07.21","160721 ","16.07","Selat Panuguan","2024-03-02 20:05:33.162788+07","2024-03-02 20:05:33.162788+07"
"16.08.01","160801 ","16.08","Martapura","2024-03-02 20:05:33.162788+07","2024-03-02 20:05:33.162788+07"
"16.08.02","160802 ","16.08","Buay Madang","2024-03-02 20:05:33.162788+07","2024-03-02 20:05:33.162788+07"
"16.08.03","160803 ","16.08","Belitang","2024-03-02 20:05:33.162788+07","2024-03-02 20:05:33.162788+07"
"16.08.04","160804 ","16.08","Cempaka","2024-03-02 20:05:33.162788+07","2024-03-02 20:05:33.162788+07"
"16.08.05","160805 ","16.08","Buay Pemuka Peliung","2024-03-02 20:05:33.162788+07","2024-03-02 20:05:33.162788+07"
"16.08.06","160806 ","16.08","Madang Suku II","2024-03-02 20:05:33.162788+07","2024-03-02 20:05:33.162788+07"
"16.08.07","160807 ","16.08","Madang Suku I","2024-03-02 20:05:33.162788+07","2024-03-02 20:05:33.162788+07"
"16.08.08","160808 ","16.08","Semendawai Suku III","2024-03-02 20:05:33.162788+07","2024-03-02 20:05:33.162788+07"
"16.08.09","160809 ","16.08","Belitang II","2024-03-02 20:05:33.162788+07","2024-03-02 20:05:33.162788+07"
"16.08.10","160810 ","16.08","Belitang III","2024-03-02 20:05:33.162788+07","2024-03-02 20:05:33.162788+07"
"16.08.11","160811 ","16.08","Bunga Mayang","2024-03-02 20:05:33.162788+07","2024-03-02 20:05:33.162788+07"
"16.08.12","160812 ","16.08","Buay Madang Timur","2024-03-02 20:05:33.162788+07","2024-03-02 20:05:33.162788+07"
"16.08.13","160813 ","16.08","Madang Suku III","2024-03-02 20:05:33.162788+07","2024-03-02 20:05:33.162788+07"
"16.08.14","160814 ","16.08","Semendawai Barat","2024-03-02 20:05:33.162788+07","2024-03-02 20:05:33.162788+07"
"16.08.15","160815 ","16.08","Semendawai Timur","2024-03-02 20:05:33.162788+07","2024-03-02 20:05:33.162788+07"
"16.08.16","160816 ","16.08","Jayapura","2024-03-02 20:05:33.162788+07","2024-03-02 20:05:33.162788+07"
"16.08.17","160817 ","16.08","Belitang Jaya","2024-03-02 20:05:33.162788+07","2024-03-02 20:05:33.162788+07"
"16.08.18","160818 ","16.08","Belitang Madang Raya","2024-03-02 20:05:33.162788+07","2024-03-02 20:05:33.162788+07"
"16.08.19","160819 ","16.08","Belitang Mulya","2024-03-02 20:05:33.162788+07","2024-03-02 20:05:33.162788+07"
"16.08.20","160820 ","16.08","Buay Pemuka Bangsa Raja","2024-03-02 20:05:33.162788+07","2024-03-02 20:05:33.162788+07"
"16.09.01","160901 ","16.09","Muara Dua","2024-03-02 20:05:33.162788+07","2024-03-02 20:05:33.162788+07"
"16.09.02","160902 ","16.09","Pulau Beringin","2024-03-02 20:05:33.162788+07","2024-03-02 20:05:33.162788+07"
"16.09.03","160903 ","16.09","Banding Agung","2024-03-02 20:05:33.162788+07","2024-03-02 20:05:33.162788+07"
"16.09.04","160904 ","16.09","Muara Dua Kisam","2024-03-02 20:05:33.162788+07","2024-03-02 20:05:33.162788+07"
"16.09.05","160905 ","16.09","Simpang","2024-03-02 20:05:33.162788+07","2024-03-02 20:05:33.162788+07"
"16.09.06","160906 ","16.09","Buay Sandang Aji","2024-03-02 20:05:33.162788+07","2024-03-02 20:05:33.162788+07"
"16.09.07","160907 ","16.09","Buay Runjung","2024-03-02 20:05:33.162788+07","2024-03-02 20:05:33.162788+07"
"16.09.08","160908 ","16.09","Mekakau Ilir","2024-03-02 20:05:33.162788+07","2024-03-02 20:05:33.162788+07"
"16.09.09","160909 ","16.09","Buay Pemaca","2024-03-02 20:05:33.162788+07","2024-03-02 20:05:33.162788+07"
"16.09.10","160910 ","16.09","Kisam Tinggi","2024-03-02 20:05:33.162788+07","2024-03-02 20:05:33.162788+07"
"16.09.11","160911 ","16.09","Kisam Ilir","2024-03-02 20:05:33.162788+07","2024-03-02 20:05:33.162788+07"
"16.09.12","160912 ","16.09","Buay Pematang Ribu Ranau Tengah","2024-03-02 20:05:33.162788+07","2024-03-02 20:05:33.162788+07"
"16.09.13","160913 ","16.09","Warkuk Ranau Selatan","2024-03-02 20:05:33.162788+07","2024-03-02 20:05:33.162788+07"
"16.09.14","160914 ","16.09","Runjung Agung","2024-03-02 20:05:33.162788+07","2024-03-02 20:05:33.162788+07"
"16.09.15","160915 ","16.09","Sungai Are","2024-03-02 20:05:33.162788+07","2024-03-02 20:05:33.162788+07"
"16.09.16","160916 ","16.09","Sindang Danau","2024-03-02 20:05:33.162788+07","2024-03-02 20:05:33.162788+07"
"16.09.17","160917 ","16.09","Buana Pemaca","2024-03-02 20:05:33.162788+07","2024-03-02 20:05:33.162788+07"
"16.09.18","160918 ","16.09","Tiga Dihaji","2024-03-02 20:05:33.162788+07","2024-03-02 20:05:33.162788+07"
"16.09.19","160919 ","16.09","Buay Rawan","2024-03-02 20:05:33.162788+07","2024-03-02 20:05:33.162788+07"
"16.10.01","161001 ","16.10","Muara Kuang","2024-03-02 20:05:33.162788+07","2024-03-02 20:05:33.162788+07"
"16.10.02","161002 ","16.10","Tanjung Batu","2024-03-02 20:05:33.162788+07","2024-03-02 20:05:33.162788+07"
"16.10.03","161003 ","16.10","Tanjung Raja","2024-03-02 20:05:33.162788+07","2024-03-02 20:05:33.162788+07"
"16.10.04","161004 ","16.10","Indralaya","2024-03-02 20:05:33.162788+07","2024-03-02 20:05:33.162788+07"
"16.10.05","161005 ","16.10","Pemulutan","2024-03-02 20:05:33.162788+07","2024-03-02 20:05:33.162788+07"
"16.10.06","161006 ","16.10","Rantau Alai","2024-03-02 20:05:33.162788+07","2024-03-02 20:05:33.162788+07"
"16.10.07","161007 ","16.10","Indralaya Utara","2024-03-02 20:05:33.162788+07","2024-03-02 20:05:33.162788+07"
"16.10.08","161008 ","16.10","Indralaya Selatan","2024-03-02 20:05:33.162788+07","2024-03-02 20:05:33.162788+07"
"16.10.09","161009 ","16.10","Pemulutan Selatan","2024-03-02 20:05:33.162788+07","2024-03-02 20:05:33.162788+07"
"16.10.10","161010 ","16.10","Pemulutan Barat","2024-03-02 20:05:33.162788+07","2024-03-02 20:05:33.162788+07"
"16.10.11","161011 ","16.10","Rantau Panjang","2024-03-02 20:05:33.162788+07","2024-03-02 20:05:33.162788+07"
"16.10.12","161012 ","16.10","Sungai Pinang","2024-03-02 20:05:33.162788+07","2024-03-02 20:05:33.162788+07"
"16.10.13","161013 ","16.10","Kandis","2024-03-02 20:05:33.162788+07","2024-03-02 20:05:33.162788+07"
"16.10.14","161014 ","16.10","Rambang Kuang","2024-03-02 20:05:33.162788+07","2024-03-02 20:05:33.162788+07"
"16.10.15","161015 ","16.10","Lubuk Keliat","2024-03-02 20:05:33.162788+07","2024-03-02 20:05:33.162788+07"
"16.10.16","161016 ","16.10","Payaraman","2024-03-02 20:05:33.162788+07","2024-03-02 20:05:33.162788+07"
"16.11.01","161101 ","16.11","Muara Pinang","2024-03-02 20:05:33.162788+07","2024-03-02 20:05:33.162788+07"
"16.11.02","161102 ","16.11","Pendopo","2024-03-02 20:05:33.162788+07","2024-03-02 20:05:33.162788+07"
"16.11.03","161103 ","16.11","Ulu Musi","2024-03-02 20:05:33.162788+07","2024-03-02 20:05:33.162788+07"
"16.11.04","161104 ","16.11","Tebing Tinggi","2024-03-02 20:05:33.162788+07","2024-03-02 20:05:33.162788+07"
"16.11.05","161105 ","16.11","Lintang Kanan","2024-03-02 20:05:33.162788+07","2024-03-02 20:05:33.162788+07"
"16.11.06","161106 ","16.11","Talang Padang","2024-03-02 20:05:33.162788+07","2024-03-02 20:05:33.162788+07"
"16.11.07","161107 ","16.11","Pasemah Air Keruh","2024-03-02 20:05:33.162788+07","2024-03-02 20:05:33.162788+07"
"16.11.08","161108 ","16.11","Sikap Dalam","2024-03-02 20:05:33.162788+07","2024-03-02 20:05:33.162788+07"
"16.11.09","161109 ","16.11","Saling","2024-03-02 20:05:33.162788+07","2024-03-02 20:05:33.162788+07"
"16.11.10","161110 ","16.11","Pendopo Barat","2024-03-02 20:05:33.162788+07","2024-03-02 20:05:33.162788+07"
"16.12.01","161201 ","16.12","Talang Ubi","2024-03-02 20:05:33.162788+07","2024-03-02 20:05:33.162788+07"
"16.12.02","161202 ","16.12","Penukal Utara","2024-03-02 20:05:33.162788+07","2024-03-02 20:05:33.162788+07"
"16.12.03","161203 ","16.12","Penukal","2024-03-02 20:05:33.162788+07","2024-03-02 20:05:33.162788+07"
"16.12.04","161204 ","16.12","Abab","2024-03-02 20:05:33.162788+07","2024-03-02 20:05:33.162788+07"
"16.12.05","161205 ","16.12","Tanah Abang","2024-03-02 20:05:33.162788+07","2024-03-02 20:05:33.162788+07"
"16.13.01","161301 ","16.13","Rupit","2024-03-02 20:05:33.162788+07","2024-03-02 20:05:33.162788+07"
"16.13.02","161302 ","16.13","Rawas Ulu","2024-03-02 20:05:33.162788+07","2024-03-02 20:05:33.162788+07"
"16.13.03","161303 ","16.13","Nibung","2024-03-02 20:05:33.162788+07","2024-03-02 20:05:33.162788+07"
"16.13.04","161304 ","16.13","Rawas Ilir","2024-03-02 20:05:33.162788+07","2024-03-02 20:05:33.162788+07"
"16.13.05","161305 ","16.13","Karang Dapo","2024-03-02 20:05:33.162788+07","2024-03-02 20:05:33.162788+07"
"16.13.06","161306 ","16.13","Karang Jaya","2024-03-02 20:05:33.162788+07","2024-03-02 20:05:33.162788+07"
"16.13.07","161307 ","16.13","Ulu Rawas","2024-03-02 20:05:33.162788+07","2024-03-02 20:05:33.162788+07"
"16.71.01","167101 ","16.71","Ilir Barat II","2024-03-02 20:05:33.162788+07","2024-03-02 20:05:33.162788+07"
"16.71.02","167102 ","16.71","Seberang Ulu I","2024-03-02 20:05:33.162788+07","2024-03-02 20:05:33.162788+07"
"16.71.03","167103 ","16.71","Seberang Ulu II","2024-03-02 20:05:33.162788+07","2024-03-02 20:05:33.162788+07"
"16.71.04","167104 ","16.71","Ilir Barat I","2024-03-02 20:05:33.162788+07","2024-03-02 20:05:33.162788+07"
"16.71.05","167105 ","16.71","Ilir Timur I","2024-03-02 20:05:33.162788+07","2024-03-02 20:05:33.162788+07"
"16.71.06","167106 ","16.71","Ilir Timur II","2024-03-02 20:05:33.162788+07","2024-03-02 20:05:33.162788+07"
"16.71.07","167107 ","16.71","Sukarami","2024-03-02 20:05:33.162788+07","2024-03-02 20:05:33.162788+07"
"16.71.08","167108 ","16.71","Sako","2024-03-02 20:05:33.162788+07","2024-03-02 20:05:33.162788+07"
"16.71.09","167109 ","16.71","Kemuning","2024-03-02 20:05:33.162788+07","2024-03-02 20:05:33.162788+07"
"16.71.10","167110 ","16.71","Kalidoni","2024-03-02 20:05:33.162788+07","2024-03-02 20:05:33.162788+07"
"16.71.11","167111 ","16.71","Bukit Kecil","2024-03-02 20:05:33.162788+07","2024-03-02 20:05:33.162788+07"
"16.71.12","167112 ","16.71","Gandus","2024-03-02 20:05:33.162788+07","2024-03-02 20:05:33.162788+07"
"16.71.13","167113 ","16.71","Kertapati","2024-03-02 20:05:33.162788+07","2024-03-02 20:05:33.162788+07"
"16.71.14","167114 ","16.71","Plaju","2024-03-02 20:05:33.162788+07","2024-03-02 20:05:33.162788+07"
"16.71.15","167115 ","16.71","Alang-alang Lebar","2024-03-02 20:05:33.162788+07","2024-03-02 20:05:33.162788+07"
"16.71.16","167116 ","16.71","Sematang Borang","2024-03-02 20:05:33.162788+07","2024-03-02 20:05:33.162788+07"
"16.71.17","167117 ","16.71","Jakabaring","2024-03-02 20:05:33.162788+07","2024-03-02 20:05:33.162788+07"
"16.71.18","167118 ","16.71","Ilir Timur Tiga","2024-03-02 20:05:33.162788+07","2024-03-02 20:05:33.162788+07"
"16.72.01","167201 ","16.72","Pagar Alam Utara","2024-03-02 20:05:33.162788+07","2024-03-02 20:05:33.162788+07"
"16.72.02","167202 ","16.72","Pagar Alam Selatan","2024-03-02 20:05:33.162788+07","2024-03-02 20:05:33.162788+07"
"16.72.03","167203 ","16.72","Dempo Utara","2024-03-02 20:05:33.162788+07","2024-03-02 20:05:33.162788+07"
"16.72.04","167204 ","16.72","Dempo Selatan","2024-03-02 20:05:33.162788+07","2024-03-02 20:05:33.162788+07"
"16.72.05","167205 ","16.72","Dempo Tengah","2024-03-02 20:05:33.162788+07","2024-03-02 20:05:33.162788+07"
"16.73.01","167301 ","16.73","Lubuk Linggau Timur I","2024-03-02 20:05:33.162788+07","2024-03-02 20:05:33.162788+07"
"16.73.02","167302 ","16.73","Lubuk Linggau Barat I","2024-03-02 20:05:33.162788+07","2024-03-02 20:05:33.162788+07"
"16.73.03","167303 ","16.73","Lubuk Linggau Selatan I","2024-03-02 20:05:33.162788+07","2024-03-02 20:05:33.162788+07"
"16.73.04","167304 ","16.73","Lubuk Linggau Utara I","2024-03-02 20:05:33.162788+07","2024-03-02 20:05:33.162788+07"
"16.73.05","167305 ","16.73","Lubuk Linggau Timur II","2024-03-02 20:05:33.162788+07","2024-03-02 20:05:33.162788+07"
"16.73.06","167306 ","16.73","Lubuk Linggau Barat II","2024-03-02 20:05:33.162788+07","2024-03-02 20:05:33.162788+07"
"16.73.07","167307 ","16.73","Lubuk Linggau Selatan II","2024-03-02 20:05:33.162788+07","2024-03-02 20:05:33.162788+07"
"16.73.08","167308 ","16.73","Lubuk Linggau Utara II","2024-03-02 20:05:33.162788+07","2024-03-02 20:05:33.162788+07"
"16.74.01","167401 ","16.74","Prabumulih Barat","2024-03-02 20:05:33.162788+07","2024-03-02 20:05:33.162788+07"
"16.74.02","167402 ","16.74","Prabumulih Timur","2024-03-02 20:05:33.162788+07","2024-03-02 20:05:33.162788+07"
"16.74.03","167403 ","16.74","Cambai","2024-03-02 20:05:33.162788+07","2024-03-02 20:05:33.162788+07"
"16.74.04","167404 ","16.74","Rambang Kpk Tengah","2024-03-02 20:05:33.162788+07","2024-03-02 20:05:33.162788+07"
"16.74.05","167405 ","16.74","Prabumulih Utara","2024-03-02 20:05:33.162788+07","2024-03-02 20:05:33.162788+07"
"16.74.06","167406 ","16.74","Prabumulih Selatan","2024-03-02 20:05:33.162788+07","2024-03-02 20:05:33.162788+07"
"17.01.01","170101 ","17.01","Kedurang","2024-03-02 20:05:33.162788+07","2024-03-02 20:05:33.162788+07"
"17.01.02","170102 ","17.01","Seginim","2024-03-02 20:05:33.162788+07","2024-03-02 20:05:33.162788+07"
"17.01.03","170103 ","17.01","Pino","2024-03-02 20:05:33.162788+07","2024-03-02 20:05:33.162788+07"
"17.01.04","170104 ","17.01","Manna","2024-03-02 20:05:33.162788+07","2024-03-02 20:05:33.162788+07"
"17.01.05","170105 ","17.01","Kota Manna","2024-03-02 20:05:33.162788+07","2024-03-02 20:05:33.162788+07"
"17.01.06","170106 ","17.01","Pino Raya","2024-03-02 20:05:33.162788+07","2024-03-02 20:05:33.162788+07"
"17.01.07","170107 ","17.01","Kedurang Ilir","2024-03-02 20:05:33.162788+07","2024-03-02 20:05:33.162788+07"
"17.01.08","170108 ","17.01","Air Nipis","2024-03-02 20:05:33.162788+07","2024-03-02 20:05:33.162788+07"
"17.01.09","170109 ","17.01","Ulu Manna","2024-03-02 20:05:33.162788+07","2024-03-02 20:05:33.162788+07"
"17.01.10","170110 ","17.01","Bunga Mas","2024-03-02 20:05:33.162788+07","2024-03-02 20:05:33.162788+07"
"17.01.11","170111 ","17.01","Pasar Manna","2024-03-02 20:05:33.162788+07","2024-03-02 20:05:33.162788+07"
"17.02.06","170206 ","17.02","Kota Padang","2024-03-02 20:05:33.162788+07","2024-03-02 20:05:33.162788+07"
"17.02.07","170207 ","17.02","Padang Ulak Tanding","2024-03-02 20:05:33.162788+07","2024-03-02 20:05:33.162788+07"
"17.02.08","170208 ","17.02","Sindang Kelingi","2024-03-02 20:05:33.162788+07","2024-03-02 20:05:33.162788+07"
"17.02.09","170209 ","17.02","Curup","2024-03-02 20:05:33.162788+07","2024-03-02 20:05:33.162788+07"
"17.02.10","170210 ","17.02","Bermani Ulu","2024-03-02 20:05:33.162788+07","2024-03-02 20:05:33.162788+07"
"17.02.11","170211 ","17.02","Selupu Rejang","2024-03-02 20:05:33.162788+07","2024-03-02 20:05:33.162788+07"
"17.02.16","170216 ","17.02","Curup Utara","2024-03-02 20:05:33.162788+07","2024-03-02 20:05:33.162788+07"
"17.02.17","170217 ","17.02","Curup Timur","2024-03-02 20:05:33.162788+07","2024-03-02 20:05:33.162788+07"
"17.02.18","170218 ","17.02","Curup Selatan","2024-03-02 20:05:33.162788+07","2024-03-02 20:05:33.162788+07"
"17.02.19","170219 ","17.02","Curup Tengah","2024-03-02 20:05:33.162788+07","2024-03-02 20:05:33.162788+07"
"17.02.20","170220 ","17.02","Binduriang","2024-03-02 20:05:33.162788+07","2024-03-02 20:05:33.162788+07"
"17.02.21","170221 ","17.02","Sindang Beliti Ulu","2024-03-02 20:05:33.162788+07","2024-03-02 20:05:33.162788+07"
"17.02.22","170222 ","17.02","Sindang Dataran","2024-03-02 20:05:33.162788+07","2024-03-02 20:05:33.162788+07"
"17.02.23","170223 ","17.02","Sindang Beliti Ilir","2024-03-02 20:05:33.162788+07","2024-03-02 20:05:33.162788+07"
"17.02.24","170224 ","17.02","Bermani Ulu Raya","2024-03-02 20:05:33.162788+07","2024-03-02 20:05:33.162788+07"
"17.03.01","170301 ","17.03","Enggano","2024-03-02 20:05:33.162788+07","2024-03-02 20:05:33.162788+07"
"17.03.06","170306 ","17.03","Kerkap","2024-03-02 20:05:33.162788+07","2024-03-02 20:05:33.162788+07"
"17.03.07","170307 ","17.03","Kota Arga Makmur","2024-03-02 20:05:33.162788+07","2024-03-02 20:05:33.162788+07"
"17.03.08","170308 ","17.03","Giri Mulya","2024-03-02 20:05:33.162788+07","2024-03-02 20:05:33.162788+07"
"17.03.09","170309 ","17.03","Padang Jaya","2024-03-02 20:05:33.162788+07","2024-03-02 20:05:33.162788+07"
"17.03.10","170310 ","17.03","Lais","2024-03-02 20:05:33.162788+07","2024-03-02 20:05:33.162788+07"
"17.03.11","170311 ","17.03","Batik Nau","2024-03-02 20:05:33.162788+07","2024-03-02 20:05:33.162788+07"
"17.03.12","170312 ","17.03","Ketahun","2024-03-02 20:05:33.162788+07","2024-03-02 20:05:33.162788+07"
"17.03.13","170313 ","17.03","Napal Putih","2024-03-02 20:05:33.162788+07","2024-03-02 20:05:33.162788+07"
"17.03.14","170314 ","17.03","Putri Hijau","2024-03-02 20:05:33.162788+07","2024-03-02 20:05:33.162788+07"
"17.03.15","170315 ","17.03","Air Besi","2024-03-02 20:05:33.162788+07","2024-03-02 20:05:33.162788+07"
"17.03.16","170316 ","17.03","Air Napal","2024-03-02 20:05:33.162788+07","2024-03-02 20:05:33.162788+07"
"17.03.19","170319 ","17.03","Hulu Palik","2024-03-02 20:05:33.162788+07","2024-03-02 20:05:33.162788+07"
"17.03.20","170320 ","17.03","Air Padang","2024-03-02 20:05:33.162788+07","2024-03-02 20:05:33.162788+07"
"17.03.21","170321 ","17.03","Arma Jaya","2024-03-02 20:05:33.162788+07","2024-03-02 20:05:33.162788+07"
"17.03.22","170322 ","17.03","Tanjung Agung Palik","2024-03-02 20:05:33.162788+07","2024-03-02 20:05:33.162788+07"
"17.03.23","170323 ","17.03","Ulok Kupai","2024-03-02 20:05:33.162788+07","2024-03-02 20:05:33.162788+07"
"17.03.24","170324 ","17.03","Pinang Raya","2024-03-02 20:05:33.162788+07","2024-03-02 20:05:33.162788+07"
"17.03.25","170325 ","17.03","Marga Sakti Sebelat","2024-03-02 20:05:33.162788+07","2024-03-02 20:05:33.162788+07"
"17.04.01","170401 ","17.04","Kinal","2024-03-02 20:05:33.162788+07","2024-03-02 20:05:33.162788+07"
"17.04.02","170402 ","17.04","Tanjung Kemuning","2024-03-02 20:05:33.162788+07","2024-03-02 20:05:33.162788+07"
"17.04.03","170403 ","17.04","Kaur Utara","2024-03-02 20:05:33.162788+07","2024-03-02 20:05:33.162788+07"
"17.04.04","170404 ","17.04","Kaur Tengah","2024-03-02 20:05:33.162788+07","2024-03-02 20:05:33.162788+07"
"17.04.05","170405 ","17.04","Kaur Selatan","2024-03-02 20:05:33.162788+07","2024-03-02 20:05:33.162788+07"
"17.04.06","170406 ","17.04","Maje","2024-03-02 20:05:33.162788+07","2024-03-02 20:05:33.162788+07"
"17.04.07","170407 ","17.04","Nasal","2024-03-02 20:05:33.162788+07","2024-03-02 20:05:33.162788+07"
"17.04.08","170408 ","17.04","Semidang Gumay","2024-03-02 20:05:33.162788+07","2024-03-02 20:05:33.162788+07"
"17.04.09","170409 ","17.04","Kelam Tengah","2024-03-02 20:05:33.162788+07","2024-03-02 20:05:33.162788+07"
"17.04.10","170410 ","17.04","Luas","2024-03-02 20:05:33.162788+07","2024-03-02 20:05:33.162788+07"
"17.04.11","170411 ","17.04","Muara Sahung","2024-03-02 20:05:33.162788+07","2024-03-02 20:05:33.162788+07"
"17.04.12","170412 ","17.04","Tetap","2024-03-02 20:05:33.162788+07","2024-03-02 20:05:33.162788+07"
"17.04.13","170413 ","17.04","Lungkang Kule","2024-03-02 20:05:33.162788+07","2024-03-02 20:05:33.162788+07"
"17.04.14","170414 ","17.04","Padang Guci Hilir","2024-03-02 20:05:33.162788+07","2024-03-02 20:05:33.162788+07"
"17.04.15","170415 ","17.04","Padang Guci Hulu","2024-03-02 20:05:33.162788+07","2024-03-02 20:05:33.162788+07"
"17.05.01","170501 ","17.05","Sukaraja","2024-03-02 20:05:33.162788+07","2024-03-02 20:05:33.162788+07"
"17.05.02","170502 ","17.05","Seluma","2024-03-02 20:05:33.162788+07","2024-03-02 20:05:33.162788+07"
"17.05.03","170503 ","17.05","Talo","2024-03-02 20:05:33.162788+07","2024-03-02 20:05:33.162788+07"
"17.05.04","170504 ","17.05","Semidang Alas","2024-03-02 20:05:33.162788+07","2024-03-02 20:05:33.162788+07"
"17.05.05","170505 ","17.05","Semidang Alas Maras","2024-03-02 20:05:33.162788+07","2024-03-02 20:05:33.162788+07"
"17.05.06","170506 ","17.05","Air Periukan","2024-03-02 20:05:33.162788+07","2024-03-02 20:05:33.162788+07"
"17.05.07","170507 ","17.05","Lubuk Sandi","2024-03-02 20:05:33.162788+07","2024-03-02 20:05:33.162788+07"
"17.05.08","170508 ","17.05","Seluma Barat","2024-03-02 20:05:33.162788+07","2024-03-02 20:05:33.162788+07"
"17.05.09","170509 ","17.05","Seluma Timur","2024-03-02 20:05:33.162788+07","2024-03-02 20:05:33.162788+07"
"17.05.10","170510 ","17.05","Seluma Utara","2024-03-02 20:05:33.162788+07","2024-03-02 20:05:33.162788+07"
"17.05.11","170511 ","17.05","Seluma Selatan","2024-03-02 20:05:33.162788+07","2024-03-02 20:05:33.162788+07"
"17.05.12","170512 ","17.05","Talo Kecil","2024-03-02 20:05:33.162788+07","2024-03-02 20:05:33.162788+07"
"17.05.13","170513 ","17.05","Ulu Talo","2024-03-02 20:05:33.162788+07","2024-03-02 20:05:33.162788+07"
"17.05.14","170514 ","17.05","Ilir Talo","2024-03-02 20:05:33.162788+07","2024-03-02 20:05:33.162788+07"
"17.06.01","170601 ","17.06","Lubuk Pinang","2024-03-02 20:05:33.162788+07","2024-03-02 20:05:33.162788+07"
"17.06.02","170602 ","17.06","Kota Mukomuko","2024-03-02 20:05:33.162788+07","2024-03-02 20:05:33.162788+07"
"17.06.03","170603 ","17.06","Teras Terunjam","2024-03-02 20:05:33.162788+07","2024-03-02 20:05:33.162788+07"
"17.06.04","170604 ","17.06","Pondok Suguh","2024-03-02 20:05:33.162788+07","2024-03-02 20:05:33.162788+07"
"17.06.05","170605 ","17.06","Ipuh","2024-03-02 20:05:33.162788+07","2024-03-02 20:05:33.162788+07"
"17.06.06","170606 ","17.06","Malin Deman","2024-03-02 20:05:33.162788+07","2024-03-02 20:05:33.162788+07"
"17.06.07","170607 ","17.06","Air Rami","2024-03-02 20:05:33.162788+07","2024-03-02 20:05:33.162788+07"
"17.06.08","170608 ","17.06","Teramang Jaya","2024-03-02 20:05:33.162788+07","2024-03-02 20:05:33.162788+07"
"17.06.09","170609 ","17.06","Selagan Raya","2024-03-02 20:05:33.162788+07","2024-03-02 20:05:33.162788+07"
"17.06.10","170610 ","17.06","Penarik","2024-03-02 20:05:33.162788+07","2024-03-02 20:05:33.162788+07"
"17.06.11","170611 ","17.06","XIV Koto","2024-03-02 20:05:33.162788+07","2024-03-02 20:05:33.162788+07"
"17.06.12","170612 ","17.06","V Koto","2024-03-02 20:05:33.162788+07","2024-03-02 20:05:33.162788+07"
"17.06.13","170613 ","17.06","Air Majunto","2024-03-02 20:05:33.162788+07","2024-03-02 20:05:33.162788+07"
"17.06.14","170614 ","17.06","Air Dikit","2024-03-02 20:05:33.162788+07","2024-03-02 20:05:33.162788+07"
"17.06.15","170615 ","17.06","Sungai Rumbai","2024-03-02 20:05:33.162788+07","2024-03-02 20:05:33.162788+07"
"17.07.01","170701 ","17.07","Lebong Utara","2024-03-02 20:05:33.162788+07","2024-03-02 20:05:33.162788+07"
"17.07.02","170702 ","17.07","Lebong Atas","2024-03-02 20:05:33.162788+07","2024-03-02 20:05:33.162788+07"
"17.07.03","170703 ","17.07","Lebong Tengah","2024-03-02 20:05:33.162788+07","2024-03-02 20:05:33.162788+07"
"17.07.04","170704 ","17.07","Lebong Selatan","2024-03-02 20:05:33.162788+07","2024-03-02 20:05:33.162788+07"
"17.07.05","170705 ","17.07","Rimbo Pengadang","2024-03-02 20:05:33.162788+07","2024-03-02 20:05:33.162788+07"
"17.07.06","170706 ","17.07","Topos","2024-03-02 20:05:33.162788+07","2024-03-02 20:05:33.162788+07"
"17.07.07","170707 ","17.07","Bingin Kuning","2024-03-02 20:05:33.162788+07","2024-03-02 20:05:33.162788+07"
"17.07.08","170708 ","17.07","Lebong Sakti","2024-03-02 20:05:33.162788+07","2024-03-02 20:05:33.162788+07"
"17.07.09","170709 ","17.07","Pelabai","2024-03-02 20:05:33.162788+07","2024-03-02 20:05:33.162788+07"
"17.07.10","170710 ","17.07","Amen","2024-03-02 20:05:33.162788+07","2024-03-02 20:05:33.162788+07"
"17.07.11","170711 ","17.07","Uram Jaya","2024-03-02 20:05:33.162788+07","2024-03-02 20:05:33.162788+07"
"17.07.12","170712 ","17.07","Pinang Belapis","2024-03-02 20:05:33.162788+07","2024-03-02 20:05:33.162788+07"
"17.08.01","170801 ","17.08","Bermani Ilir","2024-03-02 20:05:33.162788+07","2024-03-02 20:05:33.162788+07"
"17.08.02","170802 ","17.08","Ujan Mas","2024-03-02 20:05:33.162788+07","2024-03-02 20:05:33.162788+07"
"17.08.03","170803 ","17.08","Tebat Karai","2024-03-02 20:05:33.162788+07","2024-03-02 20:05:33.162788+07"
"17.08.04","170804 ","17.08","Kepahiang","2024-03-02 20:05:33.162788+07","2024-03-02 20:05:33.162788+07"
"17.08.05","170805 ","17.08","Merigi","2024-03-02 20:05:33.162788+07","2024-03-02 20:05:33.162788+07"
"17.08.06","170806 ","17.08","Kebawetan","2024-03-02 20:05:33.162788+07","2024-03-02 20:05:33.162788+07"
"17.08.07","170807 ","17.08","Seberang Musi","2024-03-02 20:05:33.162788+07","2024-03-02 20:05:33.162788+07"
"17.08.08","170808 ","17.08","Muara Kemumu","2024-03-02 20:05:33.162788+07","2024-03-02 20:05:33.162788+07"
"17.09.01","170901 ","17.09","Karang Tinggi","2024-03-02 20:05:33.162788+07","2024-03-02 20:05:33.162788+07"
"17.09.02","170902 ","17.09","Talang Empat","2024-03-02 20:05:33.162788+07","2024-03-02 20:05:33.162788+07"
"17.09.03","170903 ","17.09","Pondok Kelapa","2024-03-02 20:05:33.162788+07","2024-03-02 20:05:33.162788+07"
"17.09.04","170904 ","17.09","Pematang Tiga","2024-03-02 20:05:33.162788+07","2024-03-02 20:05:33.162788+07"
"17.09.05","170905 ","17.09","Pagar Jati","2024-03-02 20:05:33.162788+07","2024-03-02 20:05:33.162788+07"
"17.09.06","170906 ","17.09","Taba Penanjung","2024-03-02 20:05:33.162788+07","2024-03-02 20:05:33.162788+07"
"17.09.07","170907 ","17.09","Merigi Kelindang","2024-03-02 20:05:33.162788+07","2024-03-02 20:05:33.162788+07"
"17.09.08","170908 ","17.09","Merigi Sakti","2024-03-02 20:05:33.162788+07","2024-03-02 20:05:33.162788+07"
"17.09.09","170909 ","17.09","Pondok Kubang","2024-03-02 20:05:33.162788+07","2024-03-02 20:05:33.162788+07"
"17.09.10","170910 ","17.09","Bang Haji","2024-03-02 20:05:33.162788+07","2024-03-02 20:05:33.162788+07"
"17.09.11","170911 ","17.09","Semidang Lagan","2024-03-02 20:05:33.162788+07","2024-03-02 20:05:33.162788+07"
"17.71.01","177101 ","17.71","Selebar","2024-03-02 20:05:33.162788+07","2024-03-02 20:05:33.162788+07"
"17.71.02","177102 ","17.71","Gading Cempaka","2024-03-02 20:05:33.162788+07","2024-03-02 20:05:33.162788+07"
"17.71.03","177103 ","17.71","Teluk Segara","2024-03-02 20:05:33.162788+07","2024-03-02 20:05:33.162788+07"
"17.71.04","177104 ","17.71","Muara Bangka Hulu","2024-03-02 20:05:33.162788+07","2024-03-02 20:05:33.162788+07"
"17.71.05","177105 ","17.71","Kampung Melayu","2024-03-02 20:05:33.162788+07","2024-03-02 20:05:33.162788+07"
"17.71.06","177106 ","17.71","Ratu Agung","2024-03-02 20:05:33.162788+07","2024-03-02 20:05:33.162788+07"
"17.71.07","177107 ","17.71","Ratu Samban","2024-03-02 20:05:33.162788+07","2024-03-02 20:05:33.162788+07"
"17.71.08","177108 ","17.71","Sungai Serut","2024-03-02 20:05:33.162788+07","2024-03-02 20:05:33.162788+07"
"17.71.09","177109 ","17.71","Singaran Pati","2024-03-02 20:05:33.162788+07","2024-03-02 20:05:33.162788+07"
"18.01.04","180104 ","18.01","Natar","2024-03-02 20:05:33.162788+07","2024-03-02 20:05:33.162788+07"
"18.01.05","180105 ","18.01","Tanjung Bintang","2024-03-02 20:05:33.162788+07","2024-03-02 20:05:33.162788+07"
"18.01.06","180106 ","18.01","Kalianda","2024-03-02 20:05:33.162788+07","2024-03-02 20:05:33.162788+07"
"18.01.07","180107 ","18.01","Sidomulyo","2024-03-02 20:05:33.162788+07","2024-03-02 20:05:33.162788+07"
"18.01.08","180108 ","18.01","Katibung","2024-03-02 20:05:33.162788+07","2024-03-02 20:05:33.162788+07"
"18.01.09","180109 ","18.01","Penengahan","2024-03-02 20:05:33.162788+07","2024-03-02 20:05:33.162788+07"
"18.01.10","180110 ","18.01","Palas","2024-03-02 20:05:33.162788+07","2024-03-02 20:05:33.162788+07"
"18.01.13","180113 ","18.01","Jati Agung","2024-03-02 20:05:33.162788+07","2024-03-02 20:05:33.162788+07"
"18.01.14","180114 ","18.01","Ketapang","2024-03-02 20:05:33.162788+07","2024-03-02 20:05:33.162788+07"
"18.01.15","180115 ","18.01","Sragi","2024-03-02 20:05:33.162788+07","2024-03-02 20:05:33.162788+07"
"18.01.16","180116 ","18.01","Raja Basa","2024-03-02 20:05:33.162788+07","2024-03-02 20:05:33.162788+07"
"18.01.17","180117 ","18.01","Candipuro","2024-03-02 20:05:33.162788+07","2024-03-02 20:05:33.162788+07"
"18.01.18","180118 ","18.01","Merbau Mataram","2024-03-02 20:05:33.162788+07","2024-03-02 20:05:33.162788+07"
"18.01.21","180121 ","18.01","Bakauheni","2024-03-02 20:05:33.162788+07","2024-03-02 20:05:33.162788+07"
"18.01.22","180122 ","18.01","Tanjung Sari","2024-03-02 20:05:33.162788+07","2024-03-02 20:05:33.162788+07"
"18.01.23","180123 ","18.01","Way Sulan","2024-03-02 20:05:33.162788+07","2024-03-02 20:05:33.162788+07"
"18.01.24","180124 ","18.01","Way Panji","2024-03-02 20:05:33.162788+07","2024-03-02 20:05:33.162788+07"
"18.02.01","180201 ","18.02","Kalirejo","2024-03-02 20:05:33.162788+07","2024-03-02 20:05:33.162788+07"
"18.02.02","180202 ","18.02","Bangun Rejo","2024-03-02 20:05:33.162788+07","2024-03-02 20:05:33.162788+07"
"18.02.03","180203 ","18.02","Padang Ratu","2024-03-02 20:05:33.162788+07","2024-03-02 20:05:33.162788+07"
"18.02.04","180204 ","18.02","Gunung Sugih","2024-03-02 20:05:33.162788+07","2024-03-02 20:05:33.162788+07"
"18.02.05","180205 ","18.02","Trimurjo","2024-03-02 20:05:33.162788+07","2024-03-02 20:05:33.162788+07"
"18.02.06","180206 ","18.02","Punggur","2024-03-02 20:05:33.162788+07","2024-03-02 20:05:33.162788+07"
"18.02.07","180207 ","18.02","Terbanggi Besar","2024-03-02 20:05:33.162788+07","2024-03-02 20:05:33.162788+07"
"18.02.08","180208 ","18.02","Seputih Raman","2024-03-02 20:05:33.162788+07","2024-03-02 20:05:33.162788+07"
"18.02.09","180209 ","18.02","Rumbia","2024-03-02 20:05:33.162788+07","2024-03-02 20:05:33.162788+07"
"18.02.10","180210 ","18.02","Seputih Banyak","2024-03-02 20:05:33.162788+07","2024-03-02 20:05:33.162788+07"
"18.02.11","180211 ","18.02","Seputih Mataram","2024-03-02 20:05:33.162788+07","2024-03-02 20:05:33.162788+07"
"18.02.12","180212 ","18.02","Seputih Surabaya","2024-03-02 20:05:33.162788+07","2024-03-02 20:05:33.162788+07"
"18.02.13","180213 ","18.02","Terusan Nunyai","2024-03-02 20:05:33.162788+07","2024-03-02 20:05:33.162788+07"
"18.02.14","180214 ","18.02","Bumi Ratu Nuban","2024-03-02 20:05:33.162788+07","2024-03-02 20:05:33.162788+07"
"18.02.15","180215 ","18.02","Bekri","2024-03-02 20:05:33.162788+07","2024-03-02 20:05:33.162788+07"
"18.02.16","180216 ","18.02","Seputih Agung","2024-03-02 20:05:33.162788+07","2024-03-02 20:05:33.162788+07"
"18.02.17","180217 ","18.02","Way Pangubuan","2024-03-02 20:05:33.162788+07","2024-03-02 20:05:33.162788+07"
"18.02.18","180218 ","18.02","Bandar Mataram","2024-03-02 20:05:33.162788+07","2024-03-02 20:05:33.162788+07"
"18.02.19","180219 ","18.02","Pubian","2024-03-02 20:05:33.162788+07","2024-03-02 20:05:33.162788+07"
"18.02.20","180220 ","18.02","Selagai Lingga","2024-03-02 20:05:33.162788+07","2024-03-02 20:05:33.162788+07"
"18.02.21","180221 ","18.02","Anak Tuha","2024-03-02 20:05:33.162788+07","2024-03-02 20:05:33.162788+07"
"18.02.22","180222 ","18.02","Sendang Agung","2024-03-02 20:05:33.162788+07","2024-03-02 20:05:33.162788+07"
"18.02.23","180223 ","18.02","Kota Gajah","2024-03-02 20:05:33.162788+07","2024-03-02 20:05:33.162788+07"
"18.02.24","180224 ","18.02","Bumi Nabung","2024-03-02 20:05:33.162788+07","2024-03-02 20:05:33.162788+07"
"18.02.25","180225 ","18.02","Way Seputih","2024-03-02 20:05:33.162788+07","2024-03-02 20:05:33.162788+07"
"18.02.26","180226 ","18.02","Bandar Surabaya","2024-03-02 20:05:33.162788+07","2024-03-02 20:05:33.162788+07"
"18.02.27","180227 ","18.02","Anak Ratu Aji","2024-03-02 20:05:33.162788+07","2024-03-02 20:05:33.162788+07"
"18.02.28","180228 ","18.02","Putra Rumbia","2024-03-02 20:05:33.162788+07","2024-03-02 20:05:33.162788+07"
"18.03.01","180301 ","18.03","Bukit Kemuning","2024-03-02 20:05:33.162788+07","2024-03-02 20:05:33.162788+07"
"18.03.02","180302 ","18.03","Kotabumi","2024-03-02 20:05:33.162788+07","2024-03-02 20:05:33.162788+07"
"18.03.03","180303 ","18.03","Sungkai Selatan","2024-03-02 20:05:33.162788+07","2024-03-02 20:05:33.162788+07"
"18.03.04","180304 ","18.03","Tanjung Raja","2024-03-02 20:05:33.162788+07","2024-03-02 20:05:33.162788+07"
"18.03.05","180305 ","18.03","Abung Timur","2024-03-02 20:05:33.162788+07","2024-03-02 20:05:33.162788+07"
"18.03.06","180306 ","18.03","Abung Barat","2024-03-02 20:05:33.162788+07","2024-03-02 20:05:33.162788+07"
"18.03.07","180307 ","18.03","Abung Selatan","2024-03-02 20:05:33.162788+07","2024-03-02 20:05:33.162788+07"
"18.03.08","180308 ","18.03","Sungkai Utara","2024-03-02 20:05:33.162788+07","2024-03-02 20:05:33.162788+07"
"18.03.09","180309 ","18.03","Kotabumi Utara","2024-03-02 20:05:33.162788+07","2024-03-02 20:05:33.162788+07"
"18.03.10","180310 ","18.03","Kotabumi Selatan","2024-03-02 20:05:33.162788+07","2024-03-02 20:05:33.162788+07"
"18.03.11","180311 ","18.03","Abung Tengah","2024-03-02 20:05:33.162788+07","2024-03-02 20:05:33.162788+07"
"18.03.12","180312 ","18.03","Abung Tinggi","2024-03-02 20:05:33.162788+07","2024-03-02 20:05:33.162788+07"
"18.03.13","180313 ","18.03","Abung Semuli","2024-03-02 20:05:33.162788+07","2024-03-02 20:05:33.162788+07"
"18.03.14","180314 ","18.03","Abung Surakarta","2024-03-02 20:05:33.162788+07","2024-03-02 20:05:33.162788+07"
"18.03.15","180315 ","18.03","Muara Sungkai","2024-03-02 20:05:33.162788+07","2024-03-02 20:05:33.162788+07"
"18.03.16","180316 ","18.03","Bunga Mayang","2024-03-02 20:05:33.162788+07","2024-03-02 20:05:33.162788+07"
"18.03.17","180317 ","18.03","Hulu Sungkai","2024-03-02 20:05:33.162788+07","2024-03-02 20:05:33.162788+07"
"18.03.18","180318 ","18.03","Sungkai Tengah","2024-03-02 20:05:33.162788+07","2024-03-02 20:05:33.162788+07"
"18.03.19","180319 ","18.03","Abung Pekurun","2024-03-02 20:05:33.162788+07","2024-03-02 20:05:33.162788+07"
"18.03.20","180320 ","18.03","Sungkai Jaya","2024-03-02 20:05:33.162788+07","2024-03-02 20:05:33.162788+07"
"18.03.21","180321 ","18.03","Sungkai Barat","2024-03-02 20:05:33.162788+07","2024-03-02 20:05:33.162788+07"
"18.03.22","180322 ","18.03","Abung Kunang","2024-03-02 20:05:33.162788+07","2024-03-02 20:05:33.162788+07"
"18.03.23","180323 ","18.03","Blambangan Pagar","2024-03-02 20:05:33.162788+07","2024-03-02 20:05:33.162788+07"
"18.04.04","180404 ","18.04","Balik Bukit","2024-03-02 20:05:33.162788+07","2024-03-02 20:05:33.162788+07"
"18.04.05","180405 ","18.04","Sumber Jaya","2024-03-02 20:05:33.162788+07","2024-03-02 20:05:33.162788+07"
"18.04.06","180406 ","18.04","Belalau","2024-03-02 20:05:33.162788+07","2024-03-02 20:05:33.162788+07"
"18.04.07","180407 ","18.04","Way Tenong","2024-03-02 20:05:33.162788+07","2024-03-02 20:05:33.162788+07"
"18.04.08","180408 ","18.04","Sekincau","2024-03-02 20:05:33.162788+07","2024-03-02 20:05:33.162788+07"
"18.04.09","180409 ","18.04","Suoh","2024-03-02 20:05:33.162788+07","2024-03-02 20:05:33.162788+07"
"18.04.10","180410 ","18.04","Batu Brak","2024-03-02 20:05:33.162788+07","2024-03-02 20:05:33.162788+07"
"18.04.11","180411 ","18.04","Sukau","2024-03-02 20:05:33.162788+07","2024-03-02 20:05:33.162788+07"
"18.04.15","180415 ","18.04","Gedung Surian","2024-03-02 20:05:33.162788+07","2024-03-02 20:05:33.162788+07"
"18.04.18","180418 ","18.04","Kebun Tebu","2024-03-02 20:05:33.162788+07","2024-03-02 20:05:33.162788+07"
"18.04.19","180419 ","18.04","Air Hitam","2024-03-02 20:05:33.162788+07","2024-03-02 20:05:33.162788+07"
"18.04.20","180420 ","18.04","Pagar Dewa","2024-03-02 20:05:33.162788+07","2024-03-02 20:05:33.162788+07"
"18.04.21","180421 ","18.04","Batu Ketulis","2024-03-02 20:05:33.162788+07","2024-03-02 20:05:33.162788+07"
"18.04.22","180422 ","18.04","Lumbok Seminung","2024-03-02 20:05:33.162788+07","2024-03-02 20:05:33.162788+07"
"18.04.23","180423 ","18.04","Bandar Negeri Suoh","2024-03-02 20:05:33.162788+07","2024-03-02 20:05:33.162788+07"
"18.05.02","180502 ","18.05","Menggala","2024-03-02 20:05:33.162788+07","2024-03-02 20:05:33.162788+07"
"18.05.06","180506 ","18.05","Gedung Aji","2024-03-02 20:05:33.162788+07","2024-03-02 20:05:33.162788+07"
"18.05.08","180508 ","18.05","Banjar Agung","2024-03-02 20:05:33.162788+07","2024-03-02 20:05:33.162788+07"
"18.05.11","180511 ","18.05","Gedung Meneng","2024-03-02 20:05:33.162788+07","2024-03-02 20:05:33.162788+07"
"18.05.12","180512 ","18.05","Rawa Jitu Selatan","2024-03-02 20:05:33.162788+07","2024-03-02 20:05:33.162788+07"
"18.05.13","180513 ","18.05","Penawar Tama","2024-03-02 20:05:33.162788+07","2024-03-02 20:05:33.162788+07"
"18.05.18","180518 ","18.05","Rawa Jitu Timur","2024-03-02 20:05:33.162788+07","2024-03-02 20:05:33.162788+07"
"18.05.20","180520 ","18.05","Banjar Margo","2024-03-02 20:05:33.162788+07","2024-03-02 20:05:33.162788+07"
"18.05.22","180522 ","18.05","Rawa Pitu","2024-03-02 20:05:33.162788+07","2024-03-02 20:05:33.162788+07"
"18.05.23","180523 ","18.05","Penawar Aji","2024-03-02 20:05:33.162788+07","2024-03-02 20:05:33.162788+07"
"18.05.25","180525 ","18.05","Dente Teladas","2024-03-02 20:05:33.162788+07","2024-03-02 20:05:33.162788+07"
"18.05.26","180526 ","18.05","Meraksa Aji","2024-03-02 20:05:33.162788+07","2024-03-02 20:05:33.162788+07"
"18.05.27","180527 ","18.05","Gedung Aji Baru","2024-03-02 20:05:33.162788+07","2024-03-02 20:05:33.162788+07"
"18.05.29","180529 ","18.05","Banjar Baru","2024-03-02 20:05:33.162788+07","2024-03-02 20:05:33.162788+07"
"18.05.30","180530 ","18.05","Menggala Timur","2024-03-02 20:05:33.162788+07","2024-03-02 20:05:33.162788+07"
"18.06.01","180601 ","18.06","Kota Agung","2024-03-02 20:05:33.162788+07","2024-03-02 20:05:33.162788+07"
"18.06.02","180602 ","18.06","Talang Padang","2024-03-02 20:05:33.162788+07","2024-03-02 20:05:33.162788+07"
"18.06.03","180603 ","18.06","Wonosobo","2024-03-02 20:05:33.162788+07","2024-03-02 20:05:33.162788+07"
"18.06.04","180604 ","18.06","Pulau Panggung","2024-03-02 20:05:33.162788+07","2024-03-02 20:05:33.162788+07"
"18.06.09","180609 ","18.06","Cukuh Balak","2024-03-02 20:05:33.162788+07","2024-03-02 20:05:33.162788+07"
"18.06.11","180611 ","18.06","Pugung","2024-03-02 20:05:33.162788+07","2024-03-02 20:05:33.162788+07"
"18.06.12","180612 ","18.06","Semaka","2024-03-02 20:05:33.162788+07","2024-03-02 20:05:33.162788+07"
"18.06.13","180613 ","18.06","Sumber Rejo","2024-03-02 20:05:33.162788+07","2024-03-02 20:05:33.162788+07"
"18.06.15","180615 ","18.06","Ulu Belu","2024-03-02 20:05:33.162788+07","2024-03-02 20:05:33.162788+07"
"18.06.16","180616 ","18.06","Pematang Sawa","2024-03-02 20:05:33.162788+07","2024-03-02 20:05:33.162788+07"
"18.06.17","180617 ","18.06","Klumbayan","2024-03-02 20:05:33.162788+07","2024-03-02 20:05:33.162788+07"
"18.06.18","180618 ","18.06","Kota Agung Barat","2024-03-02 20:05:33.162788+07","2024-03-02 20:05:33.162788+07"
"18.06.19","180619 ","18.06","Kota Agung Timur","2024-03-02 20:05:33.162788+07","2024-03-02 20:05:33.162788+07"
"18.06.20","180620 ","18.06","Gisting","2024-03-02 20:05:33.162788+07","2024-03-02 20:05:33.162788+07"
"18.06.21","180621 ","18.06","Gunung Alip","2024-03-02 20:05:33.162788+07","2024-03-02 20:05:33.162788+07"
"18.06.24","180624 ","18.06","Limau","2024-03-02 20:05:33.162788+07","2024-03-02 20:05:33.162788+07"
"18.06.25","180625 ","18.06","Bandar Negeri Semuong","2024-03-02 20:05:33.162788+07","2024-03-02 20:05:33.162788+07"
"18.06.26","180626 ","18.06","Air Naningan","2024-03-02 20:05:33.162788+07","2024-03-02 20:05:33.162788+07"
"18.06.27","180627 ","18.06","Bulok","2024-03-02 20:05:33.162788+07","2024-03-02 20:05:33.162788+07"
"18.06.28","180628 ","18.06","Klumbayan Barat","2024-03-02 20:05:33.162788+07","2024-03-02 20:05:33.162788+07"
"18.07.01","180701 ","18.07","Sukadana","2024-03-02 20:05:33.162788+07","2024-03-02 20:05:33.162788+07"
"18.07.02","180702 ","18.07","Labuhan Maringgai","2024-03-02 20:05:33.162788+07","2024-03-02 20:05:33.162788+07"
"18.07.03","180703 ","18.07","Jabung","2024-03-02 20:05:33.162788+07","2024-03-02 20:05:33.162788+07"
"18.07.04","180704 ","18.07","Pekalongan","2024-03-02 20:05:33.162788+07","2024-03-02 20:05:33.162788+07"
"18.07.05","180705 ","18.07","Sekampung","2024-03-02 20:05:33.162788+07","2024-03-02 20:05:33.162788+07"
"18.07.06","180706 ","18.07","Batanghari","2024-03-02 20:05:33.162788+07","2024-03-02 20:05:33.162788+07"
"18.07.07","180707 ","18.07","Way Jepara","2024-03-02 20:05:33.162788+07","2024-03-02 20:05:33.162788+07"
"18.07.08","180708 ","18.07","Purbolinggo","2024-03-02 20:05:33.162788+07","2024-03-02 20:05:33.162788+07"
"18.07.09","180709 ","18.07","Raman Utara","2024-03-02 20:05:33.162788+07","2024-03-02 20:05:33.162788+07"
"18.07.10","180710 ","18.07","Metro Kibang","2024-03-02 20:05:33.162788+07","2024-03-02 20:05:33.162788+07"
"18.07.11","180711 ","18.07","Marga Tiga","2024-03-02 20:05:33.162788+07","2024-03-02 20:05:33.162788+07"
"18.07.12","180712 ","18.07","Sekampung Udik","2024-03-02 20:05:33.162788+07","2024-03-02 20:05:33.162788+07"
"18.07.13","180713 ","18.07","Batanghari Nuban","2024-03-02 20:05:33.162788+07","2024-03-02 20:05:33.162788+07"
"18.07.14","180714 ","18.07","Bumi Agung","2024-03-02 20:05:33.162788+07","2024-03-02 20:05:33.162788+07"
"18.07.15","180715 ","18.07","Bandar Sribhawono","2024-03-02 20:05:33.162788+07","2024-03-02 20:05:33.162788+07"
"18.07.16","180716 ","18.07","Mataram Baru","2024-03-02 20:05:33.162788+07","2024-03-02 20:05:33.162788+07"
"18.07.17","180717 ","18.07","Melinting","2024-03-02 20:05:33.162788+07","2024-03-02 20:05:33.162788+07"
"18.07.18","180718 ","18.07","Gunung Pelindung","2024-03-02 20:05:33.162788+07","2024-03-02 20:05:33.162788+07"
"18.07.19","180719 ","18.07","Pasir Sakti","2024-03-02 20:05:33.162788+07","2024-03-02 20:05:33.162788+07"
"18.07.20","180720 ","18.07","Waway Karya","2024-03-02 20:05:33.162788+07","2024-03-02 20:05:33.162788+07"
"18.07.21","180721 ","18.07","Labuhan Ratu","2024-03-02 20:05:33.162788+07","2024-03-02 20:05:33.162788+07"
"18.07.22","180722 ","18.07","Braja Selebah","2024-03-02 20:05:33.162788+07","2024-03-02 20:05:33.162788+07"
"18.07.23","180723 ","18.07","Way Bungur","2024-03-02 20:05:33.162788+07","2024-03-02 20:05:33.162788+07"
"18.07.24","180724 ","18.07","Marga Sekampung","2024-03-02 20:05:33.162788+07","2024-03-02 20:05:33.162788+07"
"18.08.01","180801 ","18.08","Blambangan Umpu","2024-03-02 20:05:33.162788+07","2024-03-02 20:05:33.162788+07"
"18.08.02","180802 ","18.08","Kasui","2024-03-02 20:05:33.162788+07","2024-03-02 20:05:33.162788+07"
"18.08.03","180803 ","18.08","Banjit","2024-03-02 20:05:33.162788+07","2024-03-02 20:05:33.162788+07"
"18.08.04","180804 ","18.08","Baradatu","2024-03-02 20:05:33.162788+07","2024-03-02 20:05:33.162788+07"
"18.08.05","180805 ","18.08","Bahuga","2024-03-02 20:05:33.162788+07","2024-03-02 20:05:33.162788+07"
"18.08.06","180806 ","18.08","Pakuan Ratu","2024-03-02 20:05:33.162788+07","2024-03-02 20:05:33.162788+07"
"18.08.07","180807 ","18.08","Negeri Agung","2024-03-02 20:05:33.162788+07","2024-03-02 20:05:33.162788+07"
"18.08.08","180808 ","18.08","Way Tuba","2024-03-02 20:05:33.162788+07","2024-03-02 20:05:33.162788+07"
"18.08.09","180809 ","18.08","Rebang Tangkas","2024-03-02 20:05:33.162788+07","2024-03-02 20:05:33.162788+07"
"18.08.10","180810 ","18.08","Gunung Labuhan","2024-03-02 20:05:33.162788+07","2024-03-02 20:05:33.162788+07"
"18.08.11","180811 ","18.08","Negara Batin","2024-03-02 20:05:33.162788+07","2024-03-02 20:05:33.162788+07"
"18.08.12","180812 ","18.08","Negeri Besar","2024-03-02 20:05:33.162788+07","2024-03-02 20:05:33.162788+07"
"18.08.13","180813 ","18.08","Buay Bahuga","2024-03-02 20:05:33.162788+07","2024-03-02 20:05:33.162788+07"
"18.08.14","180814 ","18.08","Bumi Agung","2024-03-02 20:05:33.162788+07","2024-03-02 20:05:33.162788+07"
"18.08.15","180815 ","18.08","Umpu Semenguk","2024-03-02 20:05:33.162788+07","2024-03-02 20:05:33.162788+07"
"18.09.01","180901 ","18.09","Gedong Tataan","2024-03-02 20:05:33.162788+07","2024-03-02 20:05:33.162788+07"
"18.09.02","180902 ","18.09","Negeri Katon","2024-03-02 20:05:33.162788+07","2024-03-02 20:05:33.162788+07"
"18.09.03","180903 ","18.09","Tegineneng","2024-03-02 20:05:33.162788+07","2024-03-02 20:05:33.162788+07"
"18.09.04","180904 ","18.09","Way Lima","2024-03-02 20:05:33.162788+07","2024-03-02 20:05:33.162788+07"
"18.09.05","180905 ","18.09","Padang Cermin","2024-03-02 20:05:33.162788+07","2024-03-02 20:05:33.162788+07"
"18.09.06","180906 ","18.09","Punduh Pidada","2024-03-02 20:05:33.162788+07","2024-03-02 20:05:33.162788+07"
"18.09.07","180907 ","18.09","Kedondong","2024-03-02 20:05:33.162788+07","2024-03-02 20:05:33.162788+07"
"18.09.08","180908 ","18.09","Marga Punduh","2024-03-02 20:05:33.162788+07","2024-03-02 20:05:33.162788+07"
"18.09.09","180909 ","18.09","Way Khilau","2024-03-02 20:05:33.162788+07","2024-03-02 20:05:33.162788+07"
"18.09.10","180910 ","18.09","Teluk Pandan","2024-03-02 20:05:33.162788+07","2024-03-02 20:05:33.162788+07"
"18.09.11","180911 ","18.09","Way Ratai","2024-03-02 20:05:33.162788+07","2024-03-02 20:05:33.162788+07"
"18.10.01","181001 ","18.10","Pringsewu","2024-03-02 20:05:33.162788+07","2024-03-02 20:05:33.162788+07"
"18.10.02","181002 ","18.10","Gading Rejo","2024-03-02 20:05:33.162788+07","2024-03-02 20:05:33.162788+07"
"18.10.03","181003 ","18.10","Ambarawa","2024-03-02 20:05:33.162788+07","2024-03-02 20:05:33.162788+07"
"18.10.04","181004 ","18.10","Pardasuka","2024-03-02 20:05:33.162788+07","2024-03-02 20:05:33.162788+07"
"18.10.05","181005 ","18.10","Pagelaran","2024-03-02 20:05:33.162788+07","2024-03-02 20:05:33.162788+07"
"18.10.06","181006 ","18.10","Banyumas","2024-03-02 20:05:33.162788+07","2024-03-02 20:05:33.162788+07"
"18.10.07","181007 ","18.10","Adiluwih","2024-03-02 20:05:33.162788+07","2024-03-02 20:05:33.162788+07"
"18.10.08","181008 ","18.10","Sukoharjo","2024-03-02 20:05:33.162788+07","2024-03-02 20:05:33.162788+07"
"18.10.09","181009 ","18.10","Pagelaran Utara","2024-03-02 20:05:33.162788+07","2024-03-02 20:05:33.162788+07"
"18.11.01","181101 ","18.11","Mesuji","2024-03-02 20:05:33.162788+07","2024-03-02 20:05:33.162788+07"
"18.11.02","181102 ","18.11","Mesuji Timur","2024-03-02 20:05:33.162788+07","2024-03-02 20:05:33.162788+07"
"18.11.03","181103 ","18.11","Rawa Jitu Utara","2024-03-02 20:05:33.162788+07","2024-03-02 20:05:33.162788+07"
"18.11.04","181104 ","18.11","Way Serdang","2024-03-02 20:05:33.162788+07","2024-03-02 20:05:33.162788+07"
"18.11.05","181105 ","18.11","Simpang Pematang","2024-03-02 20:05:33.162788+07","2024-03-02 20:05:33.162788+07"
"18.11.06","181106 ","18.11","Panca Jaya","2024-03-02 20:05:33.162788+07","2024-03-02 20:05:33.162788+07"
"18.11.07","181107 ","18.11","Tanjung Raya","2024-03-02 20:05:33.162788+07","2024-03-02 20:05:33.162788+07"
"18.12.01","181201 ","18.12","Tulang Bawang Tengah","2024-03-02 20:05:33.162788+07","2024-03-02 20:05:33.162788+07"
"18.12.02","181202 ","18.12","Tumijajar","2024-03-02 20:05:33.162788+07","2024-03-02 20:05:33.162788+07"
"18.12.03","181203 ","18.12","Tulang Bawang Udik","2024-03-02 20:05:33.162788+07","2024-03-02 20:05:33.162788+07"
"18.12.04","181204 ","18.12","Gunung Terang","2024-03-02 20:05:33.162788+07","2024-03-02 20:05:33.162788+07"
"18.12.05","181205 ","18.12","Gunung Agung","2024-03-02 20:05:33.162788+07","2024-03-02 20:05:33.162788+07"
"18.12.06","181206 ","18.12","Way Kenanga","2024-03-02 20:05:33.162788+07","2024-03-02 20:05:33.162788+07"
"18.12.07","181207 ","18.12","Lambu Kibang","2024-03-02 20:05:33.162788+07","2024-03-02 20:05:33.162788+07"
"18.12.08","181208 ","18.12","Pagar Dewa","2024-03-02 20:05:33.162788+07","2024-03-02 20:05:33.162788+07"
"18.12.09","181209 ","18.12","Batu Putih","2024-03-02 20:05:33.162788+07","2024-03-02 20:05:33.162788+07"
"18.13.01","181301 ","18.13","Pesisir Tengah","2024-03-02 20:05:33.162788+07","2024-03-02 20:05:33.162788+07"
"18.13.02","181302 ","18.13","Pesisir Selatan","2024-03-02 20:05:33.162788+07","2024-03-02 20:05:33.162788+07"
"18.13.03","181303 ","18.13","Lemong","2024-03-02 20:05:33.162788+07","2024-03-02 20:05:33.162788+07"
"18.13.04","181304 ","18.13","Pesisir Utara","2024-03-02 20:05:33.162788+07","2024-03-02 20:05:33.162788+07"
"18.13.05","181305 ","18.13","Karya Penggawa","2024-03-02 20:05:33.162788+07","2024-03-02 20:05:33.162788+07"
"18.13.06","181306 ","18.13","Pulaupisang","2024-03-02 20:05:33.162788+07","2024-03-02 20:05:33.162788+07"
"18.13.07","181307 ","18.13","Way Krui","2024-03-02 20:05:33.162788+07","2024-03-02 20:05:33.162788+07"
"18.13.08","181308 ","18.13","Krui Selatan","2024-03-02 20:05:33.162788+07","2024-03-02 20:05:33.162788+07"
"18.13.09","181309 ","18.13","Ngambur","2024-03-02 20:05:33.162788+07","2024-03-02 20:05:33.162788+07"
"18.13.10","181310 ","18.13","Ngaras","2024-03-02 20:05:33.162788+07","2024-03-02 20:05:33.162788+07"
"18.13.11","181311 ","18.13","Bangkunat","2024-03-02 20:05:33.162788+07","2024-03-02 20:05:33.162788+07"
"18.71.01","187101 ","18.71","Kedaton","2024-03-02 20:05:33.162788+07","2024-03-02 20:05:33.162788+07"
"18.71.02","187102 ","18.71","Sukarame","2024-03-02 20:05:33.162788+07","2024-03-02 20:05:33.162788+07"
"18.71.03","187103 ","18.71","Tanjungkarang Barat","2024-03-02 20:05:33.162788+07","2024-03-02 20:05:33.162788+07"
"18.71.04","187104 ","18.71","Panjang","2024-03-02 20:05:33.162788+07","2024-03-02 20:05:33.162788+07"
"18.71.05","187105 ","18.71","Tanjungkarang Timur","2024-03-02 20:05:33.162788+07","2024-03-02 20:05:33.162788+07"
"18.71.06","187106 ","18.71","Tanjungkarang Pusat","2024-03-02 20:05:33.162788+07","2024-03-02 20:05:33.162788+07"
"18.71.07","187107 ","18.71","Telukbetung Selatan","2024-03-02 20:05:33.162788+07","2024-03-02 20:05:33.162788+07"
"18.71.08","187108 ","18.71","Telukbetung Barat","2024-03-02 20:05:33.162788+07","2024-03-02 20:05:33.162788+07"
"18.71.09","187109 ","18.71","Telukbetung Utara","2024-03-02 20:05:33.162788+07","2024-03-02 20:05:33.162788+07"
"18.71.10","187110 ","18.71","Rajabasa","2024-03-02 20:05:33.162788+07","2024-03-02 20:05:33.162788+07"
"18.71.11","187111 ","18.71","Tanjung Senang","2024-03-02 20:05:33.162788+07","2024-03-02 20:05:33.162788+07"
"18.71.12","187112 ","18.71","Sukabumi","2024-03-02 20:05:33.162788+07","2024-03-02 20:05:33.162788+07"
"18.71.13","187113 ","18.71","Kemiling","2024-03-02 20:05:33.162788+07","2024-03-02 20:05:33.162788+07"
"18.71.14","187114 ","18.71","Labuhan Ratu","2024-03-02 20:05:33.162788+07","2024-03-02 20:05:33.162788+07"
"18.71.15","187115 ","18.71","Way Halim","2024-03-02 20:05:33.162788+07","2024-03-02 20:05:33.162788+07"
"18.71.16","187116 ","18.71","Langkapura","2024-03-02 20:05:33.162788+07","2024-03-02 20:05:33.162788+07"
"18.71.17","187117 ","18.71","Enggal","2024-03-02 20:05:33.162788+07","2024-03-02 20:05:33.162788+07"
"18.71.18","187118 ","18.71","Kedamaian","2024-03-02 20:05:33.162788+07","2024-03-02 20:05:33.162788+07"
"18.71.19","187119 ","18.71","Telukbetung Timur","2024-03-02 20:05:33.162788+07","2024-03-02 20:05:33.162788+07"
"18.71.20","187120 ","18.71","Bumi Waras","2024-03-02 20:05:33.162788+07","2024-03-02 20:05:33.162788+07"
"18.72.01","187201 ","18.72","Metro Pusat","2024-03-02 20:05:33.162788+07","2024-03-02 20:05:33.162788+07"
"18.72.02","187202 ","18.72","Metro Utara","2024-03-02 20:05:33.162788+07","2024-03-02 20:05:33.162788+07"
"18.72.03","187203 ","18.72","Metro Barat","2024-03-02 20:05:33.162788+07","2024-03-02 20:05:33.162788+07"
"18.72.04","187204 ","18.72","Metro Timur","2024-03-02 20:05:33.162788+07","2024-03-02 20:05:33.162788+07"
"18.72.05","187205 ","18.72","Metro Selatan","2024-03-02 20:05:33.162788+07","2024-03-02 20:05:33.162788+07"
"19.01.01","190101 ","19.01","Sungailiat","2024-03-02 20:05:33.162788+07","2024-03-02 20:05:33.162788+07"
"19.01.02","190102 ","19.01","Belinyu","2024-03-02 20:05:33.162788+07","2024-03-02 20:05:33.162788+07"
"19.01.03","190103 ","19.01","Merawang","2024-03-02 20:05:33.162788+07","2024-03-02 20:05:33.162788+07"
"19.01.04","190104 ","19.01","Mendo Barat","2024-03-02 20:05:33.162788+07","2024-03-02 20:05:33.162788+07"
"19.01.05","190105 ","19.01","Pemali","2024-03-02 20:05:33.162788+07","2024-03-02 20:05:33.162788+07"
"19.01.06","190106 ","19.01","Bakam","2024-03-02 20:05:33.162788+07","2024-03-02 20:05:33.162788+07"
"19.01.07","190107 ","19.01","Riau Silip","2024-03-02 20:05:33.162788+07","2024-03-02 20:05:33.162788+07"
"19.01.08","190108 ","19.01","Puding Besar","2024-03-02 20:05:33.162788+07","2024-03-02 20:05:33.162788+07"
"19.02.01","190201 ","19.02","Tanjung Pandan","2024-03-02 20:05:33.162788+07","2024-03-02 20:05:33.162788+07"
"19.02.02","190202 ","19.02","Membalong","2024-03-02 20:05:33.162788+07","2024-03-02 20:05:33.162788+07"
"19.02.03","190203 ","19.02","Selat Nasik","2024-03-02 20:05:33.162788+07","2024-03-02 20:05:33.162788+07"
"19.02.04","190204 ","19.02","Sijuk","2024-03-02 20:05:33.162788+07","2024-03-02 20:05:33.162788+07"
"19.02.05","190205 ","19.02","Badau","2024-03-02 20:05:33.162788+07","2024-03-02 20:05:33.162788+07"
"19.03.01","190301 ","19.03","Toboali","2024-03-02 20:05:33.162788+07","2024-03-02 20:05:33.162788+07"
"19.03.02","190302 ","19.03","Lepar Pongok","2024-03-02 20:05:33.162788+07","2024-03-02 20:05:33.162788+07"
"19.03.03","190303 ","19.03","Air Gegas","2024-03-02 20:05:33.162788+07","2024-03-02 20:05:33.162788+07"
"19.03.04","190304 ","19.03","Simpang Rimba","2024-03-02 20:05:33.162788+07","2024-03-02 20:05:33.162788+07"
"19.03.05","190305 ","19.03","Payung","2024-03-02 20:05:33.162788+07","2024-03-02 20:05:33.162788+07"
"19.03.06","190306 ","19.03","Tukak Sadai","2024-03-02 20:05:33.162788+07","2024-03-02 20:05:33.162788+07"
"19.03.07","190307 ","19.03","Pulaubesar","2024-03-02 20:05:33.162788+07","2024-03-02 20:05:33.162788+07"
"19.03.08","190308 ","19.03","Kepulauan Pongok","2024-03-02 20:05:33.162788+07","2024-03-02 20:05:33.162788+07"
"19.04.01","190401 ","19.04","Koba","2024-03-02 20:05:33.162788+07","2024-03-02 20:05:33.162788+07"
"19.04.02","190402 ","19.04","Pangkalan Baru","2024-03-02 20:05:33.162788+07","2024-03-02 20:05:33.162788+07"
"19.04.03","190403 ","19.04","Sungai Selan","2024-03-02 20:05:33.162788+07","2024-03-02 20:05:33.162788+07"
"19.04.04","190404 ","19.04","Simpang Katis","2024-03-02 20:05:33.162788+07","2024-03-02 20:05:33.162788+07"
"19.04.05","190405 ","19.04","Namang","2024-03-02 20:05:33.162788+07","2024-03-02 20:05:33.162788+07"
"19.04.06","190406 ","19.04","Lubuk Besar","2024-03-02 20:05:33.162788+07","2024-03-02 20:05:33.162788+07"
"19.05.01","190501 ","19.05","Mentok","2024-03-02 20:05:33.162788+07","2024-03-02 20:05:33.162788+07"
"19.05.02","190502 ","19.05","Simpang Teritip","2024-03-02 20:05:33.162788+07","2024-03-02 20:05:33.162788+07"
"19.05.03","190503 ","19.05","Jebus","2024-03-02 20:05:33.162788+07","2024-03-02 20:05:33.162788+07"
"19.05.04","190504 ","19.05","Kelapa","2024-03-02 20:05:33.162788+07","2024-03-02 20:05:33.162788+07"
"19.05.05","190505 ","19.05","Tempilang","2024-03-02 20:05:33.162788+07","2024-03-02 20:05:33.162788+07"
"19.05.06","190506 ","19.05","Parittiga","2024-03-02 20:05:33.162788+07","2024-03-02 20:05:33.162788+07"
"19.06.01","190601 ","19.06","Manggar","2024-03-02 20:05:33.162788+07","2024-03-02 20:05:33.162788+07"
"19.06.02","190602 ","19.06","Gantung","2024-03-02 20:05:33.162788+07","2024-03-02 20:05:33.162788+07"
"19.06.03","190603 ","19.06","Dendang","2024-03-02 20:05:33.162788+07","2024-03-02 20:05:33.162788+07"
"19.06.04","190604 ","19.06","Kelapa Kampit","2024-03-02 20:05:33.162788+07","2024-03-02 20:05:33.162788+07"
"19.06.05","190605 ","19.06","Damar","2024-03-02 20:05:33.162788+07","2024-03-02 20:05:33.162788+07"
"19.06.06","190606 ","19.06","Simpang Renggiang","2024-03-02 20:05:33.162788+07","2024-03-02 20:05:33.162788+07"
"19.06.07","190607 ","19.06","Simpang Pesak","2024-03-02 20:05:33.162788+07","2024-03-02 20:05:33.162788+07"
"19.71.01","197101 ","19.71","Bukitintan","2024-03-02 20:05:33.162788+07","2024-03-02 20:05:33.162788+07"
"19.71.02","197102 ","19.71","Taman Sari","2024-03-02 20:05:33.162788+07","2024-03-02 20:05:33.162788+07"
"19.71.03","197103 ","19.71","Pangkal Balam","2024-03-02 20:05:33.162788+07","2024-03-02 20:05:33.162788+07"
"19.71.04","197104 ","19.71","Rangkui","2024-03-02 20:05:33.162788+07","2024-03-02 20:05:33.162788+07"
"19.71.05","197105 ","19.71","Gerunggang","2024-03-02 20:05:33.162788+07","2024-03-02 20:05:33.162788+07"
"19.71.06","197106 ","19.71","Gabek","2024-03-02 20:05:33.162788+07","2024-03-02 20:05:33.162788+07"
"19.71.07","197107 ","19.71","Girimaya","2024-03-02 20:05:33.162788+07","2024-03-02 20:05:33.162788+07"
"21.01.04","210104 ","21.01","Gunung Kijang","2024-03-02 20:05:33.162788+07","2024-03-02 20:05:33.162788+07"
"21.01.06","210106 ","21.01","Bintan Timur","2024-03-02 20:05:33.162788+07","2024-03-02 20:05:33.162788+07"
"21.01.07","210107 ","21.01","Bintan Utara","2024-03-02 20:05:33.162788+07","2024-03-02 20:05:33.162788+07"
"21.01.08","210108 ","21.01","Teluk Bintan","2024-03-02 20:05:33.162788+07","2024-03-02 20:05:33.162788+07"
"21.01.09","210109 ","21.01","Tambelan","2024-03-02 20:05:33.162788+07","2024-03-02 20:05:33.162788+07"
"21.01.10","210110 ","21.01","Telok Sebong","2024-03-02 20:05:33.162788+07","2024-03-02 20:05:33.162788+07"
"21.01.12","210112 ","21.01","Toapaya","2024-03-02 20:05:33.162788+07","2024-03-02 20:05:33.162788+07"
"21.01.13","210113 ","21.01","Mantang","2024-03-02 20:05:33.162788+07","2024-03-02 20:05:33.162788+07"
"21.01.14","210114 ","21.01","Bintan Pesisir","2024-03-02 20:05:33.162788+07","2024-03-02 20:05:33.162788+07"
"21.01.15","210115 ","21.01","Seri Kuala Lobam","2024-03-02 20:05:33.162788+07","2024-03-02 20:05:33.162788+07"
"21.02.01","210201 ","21.02","Moro","2024-03-02 20:05:33.162788+07","2024-03-02 20:05:33.162788+07"
"21.02.02","210202 ","21.02","Kundur","2024-03-02 20:05:33.162788+07","2024-03-02 20:05:33.162788+07"
"21.02.03","210203 ","21.02","Karimun","2024-03-02 20:05:33.162788+07","2024-03-02 20:05:33.162788+07"
"21.02.04","210204 ","21.02","Meral","2024-03-02 20:05:33.162788+07","2024-03-02 20:05:33.162788+07"
"21.02.05","210205 ","21.02","Tebing","2024-03-02 20:05:33.162788+07","2024-03-02 20:05:33.162788+07"
"21.02.06","210206 ","21.02","Buru","2024-03-02 20:05:33.162788+07","2024-03-02 20:05:33.162788+07"
"21.02.07","210207 ","21.02","Kundur Utara","2024-03-02 20:05:33.162788+07","2024-03-02 20:05:33.162788+07"
"21.02.08","210208 ","21.02","Kundur Barat","2024-03-02 20:05:33.162788+07","2024-03-02 20:05:33.162788+07"
"21.02.09","210209 ","21.02","Durai","2024-03-02 20:05:33.162788+07","2024-03-02 20:05:33.162788+07"
"21.02.10","210210 ","21.02","Meral Barat","2024-03-02 20:05:33.162788+07","2024-03-02 20:05:33.162788+07"
"21.02.11","210211 ","21.02","Ungar","2024-03-02 20:05:33.162788+07","2024-03-02 20:05:33.162788+07"
"21.02.12","210212 ","21.02","Belat","2024-03-02 20:05:33.162788+07","2024-03-02 20:05:33.162788+07"
"21.02.13","210213 ","21.02","Selat Gelam","2024-03-02 20:05:33.162788+07","2024-03-02 20:05:33.162788+07"
"21.02.14","210214 ","21.02","Sugie Besar","2024-03-02 20:05:33.162788+07","2024-03-02 20:05:33.162788+07"
"21.03.04","210304 ","21.03","Midai","2024-03-02 20:05:33.162788+07","2024-03-02 20:05:33.162788+07"
"21.03.05","210305 ","21.03","Bunguran Barat","2024-03-02 20:05:33.162788+07","2024-03-02 20:05:33.162788+07"
"21.03.06","210306 ","21.03","Serasan","2024-03-02 20:05:33.162788+07","2024-03-02 20:05:33.162788+07"
"21.03.07","210307 ","21.03","Bunguran Timur","2024-03-02 20:05:33.162788+07","2024-03-02 20:05:33.162788+07"
"21.03.08","210308 ","21.03","Bunguran Utara","2024-03-02 20:05:33.162788+07","2024-03-02 20:05:33.162788+07"
"21.03.09","210309 ","21.03","Subi","2024-03-02 20:05:33.162788+07","2024-03-02 20:05:33.162788+07"
"21.03.10","210310 ","21.03","Pulau Laut","2024-03-02 20:05:33.162788+07","2024-03-02 20:05:33.162788+07"
"21.03.11","210311 ","21.03","Pulau Tiga","2024-03-02 20:05:33.162788+07","2024-03-02 20:05:33.162788+07"
"21.03.15","210315 ","21.03","Bunguran Timur Laut","2024-03-02 20:05:33.162788+07","2024-03-02 20:05:33.162788+07"
"21.03.16","210316 ","21.03","Bunguran Tengah","2024-03-02 20:05:33.162788+07","2024-03-02 20:05:33.162788+07"
"21.03.18","210318 ","21.03","Bunguran Selatan","2024-03-02 20:05:33.162788+07","2024-03-02 20:05:33.162788+07"
"21.03.19","210319 ","21.03","Serasan Timur","2024-03-02 20:05:33.162788+07","2024-03-02 20:05:33.162788+07"
"21.03.20","210320 ","21.03","Bunguran Batubi","2024-03-02 20:05:33.162788+07","2024-03-02 20:05:33.162788+07"
"21.03.21","210321 ","21.03","Pulau Tiga Barat","2024-03-02 20:05:33.162788+07","2024-03-02 20:05:33.162788+07"
"21.03.22","210322 ","21.03","Suak Midai","2024-03-02 20:05:33.162788+07","2024-03-02 20:05:33.162788+07"
"21.03.23","210323 ","21.03","Pulau Panjang","2024-03-02 20:05:33.162788+07","2024-03-02 20:05:33.162788+07"
"21.03.24","210324 ","21.03","Pulau Seluan","2024-03-02 20:05:33.162788+07","2024-03-02 20:05:33.162788+07"
"21.04.01","210401 ","21.04","Singkep","2024-03-02 20:05:33.162788+07","2024-03-02 20:05:33.162788+07"
"21.04.02","210402 ","21.04","Lingga","2024-03-02 20:05:33.162788+07","2024-03-02 20:05:33.162788+07"
"21.04.03","210403 ","21.04","Senayang","2024-03-02 20:05:33.162788+07","2024-03-02 20:05:33.162788+07"
"21.04.04","210404 ","21.04","Singkep Barat","2024-03-02 20:05:33.162788+07","2024-03-02 20:05:33.162788+07"
"21.04.05","210405 ","21.04","Lingga Utara","2024-03-02 20:05:33.162788+07","2024-03-02 20:05:33.162788+07"
"21.04.06","210406 ","21.04","Singkep Pesisir","2024-03-02 20:05:33.162788+07","2024-03-02 20:05:33.162788+07"
"21.04.07","210407 ","21.04","Lingga Timur","2024-03-02 20:05:33.162788+07","2024-03-02 20:05:33.162788+07"
"21.04.08","210408 ","21.04","Selayar","2024-03-02 20:05:33.162788+07","2024-03-02 20:05:33.162788+07"
"21.04.09","210409 ","21.04","Singkep Selatan","2024-03-02 20:05:33.162788+07","2024-03-02 20:05:33.162788+07"
"21.04.10","210410 ","21.04","Kepulauan Posek","2024-03-02 20:05:33.162788+07","2024-03-02 20:05:33.162788+07"
"21.04.11","210411 ","21.04","Katang Bidare","2024-03-02 20:05:33.162788+07","2024-03-02 20:05:33.162788+07"
"21.04.12","210412 ","21.04","Temiang Pesisir","2024-03-02 20:05:33.162788+07","2024-03-02 20:05:33.162788+07"
"21.04.13","210413 ","21.04","Bakung Serumpun","2024-03-02 20:05:33.162788+07","2024-03-02 20:05:33.162788+07"
"21.05.01","210501 ","21.05","Siantan","2024-03-02 20:05:33.162788+07","2024-03-02 20:05:33.162788+07"
"21.05.02","210502 ","21.05","Palmatak","2024-03-02 20:05:33.162788+07","2024-03-02 20:05:33.162788+07"
"21.05.03","210503 ","21.05","Siantan Timur","2024-03-02 20:05:33.162788+07","2024-03-02 20:05:33.162788+07"
"21.05.04","210504 ","21.05","Siantan Selatan","2024-03-02 20:05:33.162788+07","2024-03-02 20:05:33.162788+07"
"21.05.05","210505 ","21.05","Jemaja Timur","2024-03-02 20:05:33.162788+07","2024-03-02 20:05:33.162788+07"
"21.05.06","210506 ","21.05","Jemaja","2024-03-02 20:05:33.162788+07","2024-03-02 20:05:33.162788+07"
"21.05.07","210507 ","21.05","Siantan Tengah","2024-03-02 20:05:33.162788+07","2024-03-02 20:05:33.162788+07"
"21.05.08","210508 ","21.05","Siantan Utara","2024-03-02 20:05:33.162788+07","2024-03-02 20:05:33.162788+07"
"21.05.09","210509 ","21.05","Jemaja Barat","2024-03-02 20:05:33.162788+07","2024-03-02 20:05:33.162788+07"
"21.05.10","210510 ","21.05","Kute Siantan","2024-03-02 20:05:33.162788+07","2024-03-02 20:05:33.162788+07"
"21.71.01","217101 ","21.71","Belakang Padang","2024-03-02 20:05:33.162788+07","2024-03-02 20:05:33.162788+07"
"21.71.02","217102 ","21.71","Batu Ampar","2024-03-02 20:05:33.162788+07","2024-03-02 20:05:33.162788+07"
"21.71.03","217103 ","21.71","Sekupang","2024-03-02 20:05:33.162788+07","2024-03-02 20:05:33.162788+07"
"21.71.04","217104 ","21.71","Nongsa","2024-03-02 20:05:33.162788+07","2024-03-02 20:05:33.162788+07"
"21.71.05","217105 ","21.71","Bulang","2024-03-02 20:05:33.162788+07","2024-03-02 20:05:33.162788+07"
"21.71.06","217106 ","21.71","Lubuk Baja","2024-03-02 20:05:33.162788+07","2024-03-02 20:05:33.162788+07"
"21.71.07","217107 ","21.71","Sei Beduk","2024-03-02 20:05:33.162788+07","2024-03-02 20:05:33.162788+07"
"21.71.08","217108 ","21.71","Galang","2024-03-02 20:05:33.162788+07","2024-03-02 20:05:33.162788+07"
"21.71.09","217109 ","21.71","Bengkong","2024-03-02 20:05:33.162788+07","2024-03-02 20:05:33.162788+07"
"21.71.10","217110 ","21.71","Batam Kota","2024-03-02 20:05:33.162788+07","2024-03-02 20:05:33.162788+07"
"21.71.11","217111 ","21.71","Sagulung","2024-03-02 20:05:33.162788+07","2024-03-02 20:05:33.162788+07"
"21.71.12","217112 ","21.71","Batu Aji","2024-03-02 20:05:33.162788+07","2024-03-02 20:05:33.162788+07"
"21.72.01","217201 ","21.72","Tanjung Pinang Barat","2024-03-02 20:05:33.162788+07","2024-03-02 20:05:33.162788+07"
"21.72.02","217202 ","21.72","Tanjung Pinang Timur","2024-03-02 20:05:33.162788+07","2024-03-02 20:05:33.162788+07"
"21.72.03","217203 ","21.72","Tanjung Pinang Kota","2024-03-02 20:05:33.162788+07","2024-03-02 20:05:33.162788+07"
"21.72.04","217204 ","21.72","Bukit Bestari","2024-03-02 20:05:33.162788+07","2024-03-02 20:05:33.162788+07"
"31.01.01","310101 ","31.01","Kepulauan Seribu Utara","2024-03-02 20:05:33.162788+07","2024-03-02 20:05:33.162788+07"
"31.01.02","310102 ","31.01","Kepulauan Seribu Selatan.","2024-03-02 20:05:33.162788+07","2024-03-02 20:05:33.162788+07"
"31.71.01","317101 ","31.71","Gambir","2024-03-02 20:05:33.162788+07","2024-03-02 20:05:33.162788+07"
"31.71.02","317102 ","31.71","Sawah Besar","2024-03-02 20:05:33.162788+07","2024-03-02 20:05:33.162788+07"
"31.71.03","317103 ","31.71","Kemayoran","2024-03-02 20:05:33.162788+07","2024-03-02 20:05:33.162788+07"
"31.71.04","317104 ","31.71","Senen","2024-03-02 20:05:33.162788+07","2024-03-02 20:05:33.162788+07"
"31.71.05","317105 ","31.71","Cempaka Putih","2024-03-02 20:05:33.162788+07","2024-03-02 20:05:33.162788+07"
"31.71.06","317106 ","31.71","Menteng","2024-03-02 20:05:33.162788+07","2024-03-02 20:05:33.162788+07"
"31.71.07","317107 ","31.71","Tanah Abang","2024-03-02 20:05:33.162788+07","2024-03-02 20:05:33.162788+07"
"31.71.08","317108 ","31.71","Johar Baru","2024-03-02 20:05:33.162788+07","2024-03-02 20:05:33.162788+07"
"31.72.01","317201 ","31.72","Penjaringan","2024-03-02 20:05:33.162788+07","2024-03-02 20:05:33.162788+07"
"31.72.02","317202 ","31.72","Tanjung Priok","2024-03-02 20:05:33.162788+07","2024-03-02 20:05:33.162788+07"
"31.72.03","317203 ","31.72","Koja","2024-03-02 20:05:33.162788+07","2024-03-02 20:05:33.162788+07"
"31.72.04","317204 ","31.72","Cilincing","2024-03-02 20:05:33.162788+07","2024-03-02 20:05:33.162788+07"
"31.72.05","317205 ","31.72","Pademangan","2024-03-02 20:05:33.162788+07","2024-03-02 20:05:33.162788+07"
"31.72.06","317206 ","31.72","Kelapa Gading","2024-03-02 20:05:33.162788+07","2024-03-02 20:05:33.162788+07"
"31.73.01","317301 ","31.73","Cengkareng","2024-03-02 20:05:33.162788+07","2024-03-02 20:05:33.162788+07"
"31.73.02","317302 ","31.73","Grogol Petamburan","2024-03-02 20:05:33.162788+07","2024-03-02 20:05:33.162788+07"
"31.73.03","317303 ","31.73","Taman Sari","2024-03-02 20:05:33.162788+07","2024-03-02 20:05:33.162788+07"
"31.73.04","317304 ","31.73","Tambora","2024-03-02 20:05:33.162788+07","2024-03-02 20:05:33.162788+07"
"31.73.05","317305 ","31.73","Kebon Jeruk","2024-03-02 20:05:33.162788+07","2024-03-02 20:05:33.162788+07"
"31.73.06","317306 ","31.73","Kalideres","2024-03-02 20:05:33.162788+07","2024-03-02 20:05:33.162788+07"
"31.73.07","317307 ","31.73","Pal Merah","2024-03-02 20:05:33.162788+07","2024-03-02 20:05:33.162788+07"
"31.73.08","317308 ","31.73","Kembangan","2024-03-02 20:05:33.162788+07","2024-03-02 20:05:33.162788+07"
"31.74.01","317401 ","31.74","Tebet","2024-03-02 20:05:33.162788+07","2024-03-02 20:05:33.162788+07"
"31.74.02","317402 ","31.74","Setiabudi","2024-03-02 20:05:33.162788+07","2024-03-02 20:05:33.162788+07"
"31.74.03","317403 ","31.74","Mampang Prapatan","2024-03-02 20:05:33.162788+07","2024-03-02 20:05:33.162788+07"
"31.74.04","317404 ","31.74","Pasar Minggu","2024-03-02 20:05:33.162788+07","2024-03-02 20:05:33.162788+07"
"31.74.05","317405 ","31.74","Kebayoran Lama","2024-03-02 20:05:33.162788+07","2024-03-02 20:05:33.162788+07"
"31.74.06","317406 ","31.74","Cilandak","2024-03-02 20:05:33.162788+07","2024-03-02 20:05:33.162788+07"
"31.74.07","317407 ","31.74","Kebayoran Baru","2024-03-02 20:05:33.162788+07","2024-03-02 20:05:33.162788+07"
"31.74.08","317408 ","31.74","Pancoran","2024-03-02 20:05:33.162788+07","2024-03-02 20:05:33.162788+07"
"31.74.09","317409 ","31.74","Jagakarsa","2024-03-02 20:05:33.162788+07","2024-03-02 20:05:33.162788+07"
"31.74.10","317410 ","31.74","Pesanggrahan","2024-03-02 20:05:33.162788+07","2024-03-02 20:05:33.162788+07"
"31.75.01","317501 ","31.75","Matraman","2024-03-02 20:05:33.162788+07","2024-03-02 20:05:33.162788+07"
"31.75.02","317502 ","31.75","Pulogadung","2024-03-02 20:05:33.162788+07","2024-03-02 20:05:33.162788+07"
"31.75.03","317503 ","31.75","Jatinegara","2024-03-02 20:05:33.162788+07","2024-03-02 20:05:33.162788+07"
"31.75.04","317504 ","31.75","Kramatjati","2024-03-02 20:05:33.162788+07","2024-03-02 20:05:33.162788+07"
"31.75.05","317505 ","31.75","Pasar Rebo","2024-03-02 20:05:33.162788+07","2024-03-02 20:05:33.162788+07"
"31.75.06","317506 ","31.75","Cakung","2024-03-02 20:05:33.162788+07","2024-03-02 20:05:33.162788+07"
"31.75.07","317507 ","31.75","Duren Sawit","2024-03-02 20:05:33.162788+07","2024-03-02 20:05:33.162788+07"
"31.75.08","317508 ","31.75","Makasar","2024-03-02 20:05:33.162788+07","2024-03-02 20:05:33.162788+07"
"31.75.09","317509 ","31.75","Ciracas","2024-03-02 20:05:33.162788+07","2024-03-02 20:05:33.162788+07"
"31.75.10","317510 ","31.75","Cipayung","2024-03-02 20:05:33.162788+07","2024-03-02 20:05:33.162788+07"
"32.01.01","320101 ","32.01","Cibinong","2024-03-02 20:05:33.162788+07","2024-03-02 20:05:33.162788+07"
"32.01.02","320102 ","32.01","Gunung Putri","2024-03-02 20:05:33.162788+07","2024-03-02 20:05:33.162788+07"
"32.01.03","320103 ","32.01","Citeureup","2024-03-02 20:05:33.162788+07","2024-03-02 20:05:33.162788+07"
"32.01.04","320104 ","32.01","Sukaraja","2024-03-02 20:05:33.162788+07","2024-03-02 20:05:33.162788+07"
"32.01.05","320105 ","32.01","Babakan Madang","2024-03-02 20:05:33.162788+07","2024-03-02 20:05:33.162788+07"
"32.01.06","320106 ","32.01","Jonggol","2024-03-02 20:05:33.162788+07","2024-03-02 20:05:33.162788+07"
"32.01.07","320107 ","32.01","Cileungsi","2024-03-02 20:05:33.162788+07","2024-03-02 20:05:33.162788+07"
"32.01.08","320108 ","32.01","Cariu","2024-03-02 20:05:33.162788+07","2024-03-02 20:05:33.162788+07"
"32.01.09","320109 ","32.01","Sukamakmur","2024-03-02 20:05:33.162788+07","2024-03-02 20:05:33.162788+07"
"32.01.10","320110 ","32.01","Parung","2024-03-02 20:05:33.162788+07","2024-03-02 20:05:33.162788+07"
"32.01.11","320111 ","32.01","Gunung Sindur","2024-03-02 20:05:33.162788+07","2024-03-02 20:05:33.162788+07"
"32.01.12","320112 ","32.01","Kemang","2024-03-02 20:05:33.162788+07","2024-03-02 20:05:33.162788+07"
"32.01.13","320113 ","32.01","Bojong Gede","2024-03-02 20:05:33.162788+07","2024-03-02 20:05:33.162788+07"
"32.01.14","320114 ","32.01","Leuwiliang","2024-03-02 20:05:33.162788+07","2024-03-02 20:05:33.162788+07"
"32.01.15","320115 ","32.01","Ciampea","2024-03-02 20:05:33.162788+07","2024-03-02 20:05:33.162788+07"
"32.01.16","320116 ","32.01","Cibungbulang","2024-03-02 20:05:33.162788+07","2024-03-02 20:05:33.162788+07"
"32.01.17","320117 ","32.01","Pamijahan","2024-03-02 20:05:33.162788+07","2024-03-02 20:05:33.162788+07"
"32.01.18","320118 ","32.01","Rumpin","2024-03-02 20:05:33.162788+07","2024-03-02 20:05:33.162788+07"
"32.01.19","320119 ","32.01","Jasinga","2024-03-02 20:05:33.162788+07","2024-03-02 20:05:33.162788+07"
"32.01.20","320120 ","32.01","Parung Panjang","2024-03-02 20:05:33.162788+07","2024-03-02 20:05:33.162788+07"
"32.01.21","320121 ","32.01","Nanggung","2024-03-02 20:05:33.162788+07","2024-03-02 20:05:33.162788+07"
"32.01.22","320122 ","32.01","Cigudeg","2024-03-02 20:05:33.162788+07","2024-03-02 20:05:33.162788+07"
"32.01.23","320123 ","32.01","Tenjo","2024-03-02 20:05:33.162788+07","2024-03-02 20:05:33.162788+07"
"32.01.24","320124 ","32.01","Ciawi","2024-03-02 20:05:33.162788+07","2024-03-02 20:05:33.162788+07"
"32.01.25","320125 ","32.01","Cisarua","2024-03-02 20:05:33.162788+07","2024-03-02 20:05:33.162788+07"
"32.01.26","320126 ","32.01","Megamendung","2024-03-02 20:05:33.162788+07","2024-03-02 20:05:33.162788+07"
"32.01.27","320127 ","32.01","Caringin","2024-03-02 20:05:33.162788+07","2024-03-02 20:05:33.162788+07"
"32.01.28","320128 ","32.01","Cijeruk","2024-03-02 20:05:33.162788+07","2024-03-02 20:05:33.162788+07"
"32.01.29","320129 ","32.01","Ciomas","2024-03-02 20:05:33.162788+07","2024-03-02 20:05:33.162788+07"
"32.01.30","320130 ","32.01","Dramaga","2024-03-02 20:05:33.162788+07","2024-03-02 20:05:33.162788+07"
"32.01.31","320131 ","32.01","Tamansari","2024-03-02 20:05:33.162788+07","2024-03-02 20:05:33.162788+07"
"32.01.32","320132 ","32.01","Klapanunggal","2024-03-02 20:05:33.162788+07","2024-03-02 20:05:33.162788+07"
"32.01.33","320133 ","32.01","Ciseeng","2024-03-02 20:05:33.162788+07","2024-03-02 20:05:33.162788+07"
"32.01.34","320134 ","32.01","Ranca Bungur","2024-03-02 20:05:33.162788+07","2024-03-02 20:05:33.162788+07"
"32.01.35","320135 ","32.01","Sukajaya","2024-03-02 20:05:33.162788+07","2024-03-02 20:05:33.162788+07"
"32.01.36","320136 ","32.01","Tanjungsari","2024-03-02 20:05:33.162788+07","2024-03-02 20:05:33.162788+07"
"32.01.37","320137 ","32.01","Tajurhalang","2024-03-02 20:05:33.162788+07","2024-03-02 20:05:33.162788+07"
"32.01.38","320138 ","32.01","Cigombong","2024-03-02 20:05:33.162788+07","2024-03-02 20:05:33.162788+07"
"32.01.39","320139 ","32.01","Leuwisadeng","2024-03-02 20:05:33.162788+07","2024-03-02 20:05:33.162788+07"
"32.01.40","320140 ","32.01","Tenjolaya","2024-03-02 20:05:33.162788+07","2024-03-02 20:05:33.162788+07"
"32.02.01","320201 ","32.02","Palabuhanratu","2024-03-02 20:05:33.162788+07","2024-03-02 20:05:33.162788+07"
"32.02.02","320202 ","32.02","Simpenan","2024-03-02 20:05:33.162788+07","2024-03-02 20:05:33.162788+07"
"32.02.03","320203 ","32.02","Cikakak","2024-03-02 20:05:33.162788+07","2024-03-02 20:05:33.162788+07"
"32.02.04","320204 ","32.02","Bantargadung","2024-03-02 20:05:33.162788+07","2024-03-02 20:05:33.162788+07"
"32.02.05","320205 ","32.02","Cisolok","2024-03-02 20:05:33.162788+07","2024-03-02 20:05:33.162788+07"
"32.02.06","320206 ","32.02","Cikidang","2024-03-02 20:05:33.162788+07","2024-03-02 20:05:33.162788+07"
"32.02.07","320207 ","32.02","Lengkong","2024-03-02 20:05:33.162788+07","2024-03-02 20:05:33.162788+07"
"32.02.08","320208 ","32.02","Jampangtengah","2024-03-02 20:05:33.162788+07","2024-03-02 20:05:33.162788+07"
"32.02.09","320209 ","32.02","Warungkiara","2024-03-02 20:05:33.162788+07","2024-03-02 20:05:33.162788+07"
"32.02.10","320210 ","32.02","Cikembar","2024-03-02 20:05:33.162788+07","2024-03-02 20:05:33.162788+07"
"32.02.11","320211 ","32.02","Cibadak","2024-03-02 20:05:33.162788+07","2024-03-02 20:05:33.162788+07"
"32.02.12","320212 ","32.02","Nagrak","2024-03-02 20:05:33.162788+07","2024-03-02 20:05:33.162788+07"
"32.02.13","320213 ","32.02","Parungkuda","2024-03-02 20:05:33.162788+07","2024-03-02 20:05:33.162788+07"
"32.02.14","320214 ","32.02","Bojonggenteng","2024-03-02 20:05:33.162788+07","2024-03-02 20:05:33.162788+07"
"32.02.15","320215 ","32.02","Parakansalak","2024-03-02 20:05:33.162788+07","2024-03-02 20:05:33.162788+07"
"32.02.16","320216 ","32.02","Cicurug","2024-03-02 20:05:33.162788+07","2024-03-02 20:05:33.162788+07"
"32.02.17","320217 ","32.02","Cidahu","2024-03-02 20:05:33.162788+07","2024-03-02 20:05:33.162788+07"
"32.02.18","320218 ","32.02","Kalapanunggal","2024-03-02 20:05:33.162788+07","2024-03-02 20:05:33.162788+07"
"32.02.19","320219 ","32.02","Kabandungan","2024-03-02 20:05:33.162788+07","2024-03-02 20:05:33.162788+07"
"32.02.20","320220 ","32.02","Waluran","2024-03-02 20:05:33.162788+07","2024-03-02 20:05:33.162788+07"
"32.02.21","320221 ","32.02","Jampangkulon","2024-03-02 20:05:33.162788+07","2024-03-02 20:05:33.162788+07"
"32.02.22","320222 ","32.02","Ciemas","2024-03-02 20:05:33.162788+07","2024-03-02 20:05:33.162788+07"
"32.02.23","320223 ","32.02","Kalibunder","2024-03-02 20:05:33.162788+07","2024-03-02 20:05:33.162788+07"
"32.02.24","320224 ","32.02","Surade","2024-03-02 20:05:33.162788+07","2024-03-02 20:05:33.162788+07"
"32.02.25","320225 ","32.02","Cibitung","2024-03-02 20:05:33.162788+07","2024-03-02 20:05:33.162788+07"
"32.02.26","320226 ","32.02","Ciracap","2024-03-02 20:05:33.162788+07","2024-03-02 20:05:33.162788+07"
"32.02.27","320227 ","32.02","Gunungguruh","2024-03-02 20:05:33.162788+07","2024-03-02 20:05:33.162788+07"
"32.02.28","320228 ","32.02","Cicantayan","2024-03-02 20:05:33.162788+07","2024-03-02 20:05:33.162788+07"
"32.02.29","320229 ","32.02","Cisaat","2024-03-02 20:05:33.162788+07","2024-03-02 20:05:33.162788+07"
"32.02.30","320230 ","32.02","Kadudampit","2024-03-02 20:05:33.162788+07","2024-03-02 20:05:33.162788+07"
"32.02.31","320231 ","32.02","Caringin","2024-03-02 20:05:33.162788+07","2024-03-02 20:05:33.162788+07"
"32.02.32","320232 ","32.02","Sukabumi","2024-03-02 20:05:33.162788+07","2024-03-02 20:05:33.162788+07"
"32.02.33","320233 ","32.02","Sukaraja","2024-03-02 20:05:33.162788+07","2024-03-02 20:05:33.162788+07"
"32.02.34","320234 ","32.02","Kebonpedes","2024-03-02 20:05:33.162788+07","2024-03-02 20:05:33.162788+07"
"32.02.35","320235 ","32.02","Cireunghas","2024-03-02 20:05:33.162788+07","2024-03-02 20:05:33.162788+07"
"32.02.36","320236 ","32.02","Sukalarang","2024-03-02 20:05:33.162788+07","2024-03-02 20:05:33.162788+07"
"32.02.37","320237 ","32.02","Pabuaran","2024-03-02 20:05:33.162788+07","2024-03-02 20:05:33.162788+07"
"32.02.38","320238 ","32.02","Purabaya","2024-03-02 20:05:33.162788+07","2024-03-02 20:05:33.162788+07"
"32.02.39","320239 ","32.02","Nyalindung","2024-03-02 20:05:33.162788+07","2024-03-02 20:05:33.162788+07"
"32.02.40","320240 ","32.02","Gegerbitung","2024-03-02 20:05:33.162788+07","2024-03-02 20:05:33.162788+07"
"32.02.41","320241 ","32.02","Sagaranten","2024-03-02 20:05:33.162788+07","2024-03-02 20:05:33.162788+07"
"32.02.42","320242 ","32.02","Curugkembar","2024-03-02 20:05:33.162788+07","2024-03-02 20:05:33.162788+07"
"32.02.43","320243 ","32.02","Cidolog","2024-03-02 20:05:33.162788+07","2024-03-02 20:05:33.162788+07"
"32.02.44","320244 ","32.02","Cidadap","2024-03-02 20:05:33.162788+07","2024-03-02 20:05:33.162788+07"
"32.02.45","320245 ","32.02","Tegalbuleud","2024-03-02 20:05:33.162788+07","2024-03-02 20:05:33.162788+07"
"32.02.46","320246 ","32.02","Cimanggu","2024-03-02 20:05:33.162788+07","2024-03-02 20:05:33.162788+07"
"32.02.47","320247 ","32.02","Ciambar","2024-03-02 20:05:33.162788+07","2024-03-02 20:05:33.162788+07"
"32.03.01","320301 ","32.03","Cianjur","2024-03-02 20:05:33.162788+07","2024-03-02 20:05:33.162788+07"
"32.03.02","320302 ","32.03","Warungkondang","2024-03-02 20:05:33.162788+07","2024-03-02 20:05:33.162788+07"
"32.03.03","320303 ","32.03","Cibeber","2024-03-02 20:05:33.162788+07","2024-03-02 20:05:33.162788+07"
"32.03.04","320304 ","32.03","Cilaku","2024-03-02 20:05:33.162788+07","2024-03-02 20:05:33.162788+07"
"32.03.05","320305 ","32.03","Ciranjang","2024-03-02 20:05:33.162788+07","2024-03-02 20:05:33.162788+07"
"32.03.06","320306 ","32.03","Bojongpicung","2024-03-02 20:05:33.162788+07","2024-03-02 20:05:33.162788+07"
"32.03.07","320307 ","32.03","Karangtengah","2024-03-02 20:05:33.162788+07","2024-03-02 20:05:33.162788+07"
"32.03.08","320308 ","32.03","Mande","2024-03-02 20:05:33.162788+07","2024-03-02 20:05:33.162788+07"
"32.03.09","320309 ","32.03","Sukaluyu","2024-03-02 20:05:33.162788+07","2024-03-02 20:05:33.162788+07"
"32.03.10","320310 ","32.03","Pacet","2024-03-02 20:05:33.162788+07","2024-03-02 20:05:33.162788+07"
"32.03.11","320311 ","32.03","Cugenang","2024-03-02 20:05:33.162788+07","2024-03-02 20:05:33.162788+07"
"32.03.12","320312 ","32.03","Cikalongkulon","2024-03-02 20:05:33.162788+07","2024-03-02 20:05:33.162788+07"
"32.03.13","320313 ","32.03","Sukaresmi","2024-03-02 20:05:33.162788+07","2024-03-02 20:05:33.162788+07"
"32.03.14","320314 ","32.03","Sukanagara","2024-03-02 20:05:33.162788+07","2024-03-02 20:05:33.162788+07"
"32.03.15","320315 ","32.03","Campaka","2024-03-02 20:05:33.162788+07","2024-03-02 20:05:33.162788+07"
"32.03.16","320316 ","32.03","Takokak","2024-03-02 20:05:33.162788+07","2024-03-02 20:05:33.162788+07"
"32.03.17","320317 ","32.03","Kadupandak","2024-03-02 20:05:33.162788+07","2024-03-02 20:05:33.162788+07"
"32.03.18","320318 ","32.03","Pagelaran","2024-03-02 20:05:33.162788+07","2024-03-02 20:05:33.162788+07"
"32.03.19","320319 ","32.03","Tanggeung","2024-03-02 20:05:33.162788+07","2024-03-02 20:05:33.162788+07"
"32.03.20","320320 ","32.03","Cibinong","2024-03-02 20:05:33.162788+07","2024-03-02 20:05:33.162788+07"
"32.03.21","320321 ","32.03","Sindangbarang","2024-03-02 20:05:33.162788+07","2024-03-02 20:05:33.162788+07"
"32.03.22","320322 ","32.03","Agrabinta","2024-03-02 20:05:33.162788+07","2024-03-02 20:05:33.162788+07"
"32.03.23","320323 ","32.03","Cidaun","2024-03-02 20:05:33.162788+07","2024-03-02 20:05:33.162788+07"
"32.03.24","320324 ","32.03","Naringgul","2024-03-02 20:05:33.162788+07","2024-03-02 20:05:33.162788+07"
"32.03.25","320325 ","32.03","Campakamulya","2024-03-02 20:05:33.162788+07","2024-03-02 20:05:33.162788+07"
"32.03.26","320326 ","32.03","Cikadu","2024-03-02 20:05:33.162788+07","2024-03-02 20:05:33.162788+07"
"32.03.27","320327 ","32.03","Gekbrong","2024-03-02 20:05:33.162788+07","2024-03-02 20:05:33.162788+07"
"32.03.28","320328 ","32.03","Cipanas","2024-03-02 20:05:33.162788+07","2024-03-02 20:05:33.162788+07"
"32.03.29","320329 ","32.03","Cijati","2024-03-02 20:05:33.162788+07","2024-03-02 20:05:33.162788+07"
"32.03.30","320330 ","32.03","Leles","2024-03-02 20:05:33.162788+07","2024-03-02 20:05:33.162788+07"
"32.03.31","320331 ","32.03","Haurwangi","2024-03-02 20:05:33.162788+07","2024-03-02 20:05:33.162788+07"
"32.03.32","320332 ","32.03","Pasirkuda","2024-03-02 20:05:33.162788+07","2024-03-02 20:05:33.162788+07"
"32.04.05","320405 ","32.04","Cileunyi","2024-03-02 20:05:33.162788+07","2024-03-02 20:05:33.162788+07"
"32.04.06","320406 ","32.04","Cimenyan","2024-03-02 20:05:33.162788+07","2024-03-02 20:05:33.162788+07"
"32.04.07","320407 ","32.04","Cilengkrang","2024-03-02 20:05:33.162788+07","2024-03-02 20:05:33.162788+07"
"32.04.08","320408 ","32.04","Bojongsoang","2024-03-02 20:05:33.162788+07","2024-03-02 20:05:33.162788+07"
"32.04.09","320409 ","32.04","Margahayu","2024-03-02 20:05:33.162788+07","2024-03-02 20:05:33.162788+07"
"32.04.10","320410 ","32.04","Margaasih","2024-03-02 20:05:33.162788+07","2024-03-02 20:05:33.162788+07"
"32.04.11","320411 ","32.04","Katapang","2024-03-02 20:05:33.162788+07","2024-03-02 20:05:33.162788+07"
"32.04.12","320412 ","32.04","Dayeuhkolot","2024-03-02 20:05:33.162788+07","2024-03-02 20:05:33.162788+07"
"32.04.13","320413 ","32.04","Banjaran","2024-03-02 20:05:33.162788+07","2024-03-02 20:05:33.162788+07"
"32.04.14","320414 ","32.04","Pameungpeuk","2024-03-02 20:05:33.162788+07","2024-03-02 20:05:33.162788+07"
"32.04.15","320415 ","32.04","Pangalengan","2024-03-02 20:05:33.162788+07","2024-03-02 20:05:33.162788+07"
"32.04.16","320416 ","32.04","Arjasari","2024-03-02 20:05:33.162788+07","2024-03-02 20:05:33.162788+07"
"32.04.17","320417 ","32.04","Cimaung","2024-03-02 20:05:33.162788+07","2024-03-02 20:05:33.162788+07"
"32.04.25","320425 ","32.04","Cicalengka","2024-03-02 20:05:33.162788+07","2024-03-02 20:05:33.162788+07"
"32.04.26","320426 ","32.04","Nagreg","2024-03-02 20:05:33.162788+07","2024-03-02 20:05:33.162788+07"
"32.04.27","320427 ","32.04","Cikancung","2024-03-02 20:05:33.162788+07","2024-03-02 20:05:33.162788+07"
"32.04.28","320428 ","32.04","Rancaekek","2024-03-02 20:05:33.162788+07","2024-03-02 20:05:33.162788+07"
"32.04.29","320429 ","32.04","Ciparay","2024-03-02 20:05:33.162788+07","2024-03-02 20:05:33.162788+07"
"32.04.30","320430 ","32.04","Pacet","2024-03-02 20:05:33.162788+07","2024-03-02 20:05:33.162788+07"
"32.04.31","320431 ","32.04","Kertasari","2024-03-02 20:05:33.162788+07","2024-03-02 20:05:33.162788+07"
"32.04.32","320432 ","32.04","Baleendah","2024-03-02 20:05:33.162788+07","2024-03-02 20:05:33.162788+07"
"32.04.33","320433 ","32.04","Majalaya","2024-03-02 20:05:33.162788+07","2024-03-02 20:05:33.162788+07"
"32.04.34","320434 ","32.04","Solokanjeruk","2024-03-02 20:05:33.162788+07","2024-03-02 20:05:33.162788+07"
"32.04.35","320435 ","32.04","Paseh","2024-03-02 20:05:33.162788+07","2024-03-02 20:05:33.162788+07"
"32.04.36","320436 ","32.04","Ibun","2024-03-02 20:05:33.162788+07","2024-03-02 20:05:33.162788+07"
"32.04.37","320437 ","32.04","Soreang","2024-03-02 20:05:33.162788+07","2024-03-02 20:05:33.162788+07"
"32.04.38","320438 ","32.04","Pasirjambu","2024-03-02 20:05:33.162788+07","2024-03-02 20:05:33.162788+07"
"32.04.39","320439 ","32.04","Ciwidey","2024-03-02 20:05:33.162788+07","2024-03-02 20:05:33.162788+07"
"32.04.40","320440 ","32.04","Rancabali","2024-03-02 20:05:33.162788+07","2024-03-02 20:05:33.162788+07"
"32.04.44","320444 ","32.04","Cangkuang","2024-03-02 20:05:33.162788+07","2024-03-02 20:05:33.162788+07"
"32.04.46","320446 ","32.04","Kutawaringin","2024-03-02 20:05:33.162788+07","2024-03-02 20:05:33.162788+07"
"32.05.01","320501 ","32.05","Garut Kota","2024-03-02 20:05:33.162788+07","2024-03-02 20:05:33.162788+07"
"32.05.02","320502 ","32.05","Karangpawitan","2024-03-02 20:05:33.162788+07","2024-03-02 20:05:33.162788+07"
"32.05.03","320503 ","32.05","Wanaraja","2024-03-02 20:05:33.162788+07","2024-03-02 20:05:33.162788+07"
"32.05.04","320504 ","32.05","Tarogong Kaler","2024-03-02 20:05:33.162788+07","2024-03-02 20:05:33.162788+07"
"32.05.05","320505 ","32.05","Tarogong Kidul","2024-03-02 20:05:33.162788+07","2024-03-02 20:05:33.162788+07"
"32.05.06","320506 ","32.05","Banyuresmi","2024-03-02 20:05:33.162788+07","2024-03-02 20:05:33.162788+07"
"32.05.07","320507 ","32.05","Samarang","2024-03-02 20:05:33.162788+07","2024-03-02 20:05:33.162788+07"
"32.05.08","320508 ","32.05","Pasirwangi","2024-03-02 20:05:33.162788+07","2024-03-02 20:05:33.162788+07"
"32.05.09","320509 ","32.05","Leles","2024-03-02 20:05:33.162788+07","2024-03-02 20:05:33.162788+07"
"32.05.10","320510 ","32.05","Kadungora","2024-03-02 20:05:33.162788+07","2024-03-02 20:05:33.162788+07"
"32.05.11","320511 ","32.05","Leuwigoong","2024-03-02 20:05:33.162788+07","2024-03-02 20:05:33.162788+07"
"32.05.12","320512 ","32.05","Cibatu","2024-03-02 20:05:33.162788+07","2024-03-02 20:05:33.162788+07"
"32.05.13","320513 ","32.05","Kersamanah","2024-03-02 20:05:33.162788+07","2024-03-02 20:05:33.162788+07"
"32.05.14","320514 ","32.05","Malangbong","2024-03-02 20:05:33.162788+07","2024-03-02 20:05:33.162788+07"
"32.05.15","320515 ","32.05","Sukawening","2024-03-02 20:05:33.162788+07","2024-03-02 20:05:33.162788+07"
"32.05.16","320516 ","32.05","Karangtengah","2024-03-02 20:05:33.162788+07","2024-03-02 20:05:33.162788+07"
"32.05.17","320517 ","32.05","Bayongbong","2024-03-02 20:05:33.162788+07","2024-03-02 20:05:33.162788+07"
"32.05.18","320518 ","32.05","Cigedug","2024-03-02 20:05:33.162788+07","2024-03-02 20:05:33.162788+07"
"32.05.19","320519 ","32.05","Cilawu","2024-03-02 20:05:33.162788+07","2024-03-02 20:05:33.162788+07"
"32.05.20","320520 ","32.05","Cisurupan","2024-03-02 20:05:33.162788+07","2024-03-02 20:05:33.162788+07"
"32.05.21","320521 ","32.05","Sukaresmi","2024-03-02 20:05:33.162788+07","2024-03-02 20:05:33.162788+07"
"32.05.22","320522 ","32.05","Cikajang","2024-03-02 20:05:33.162788+07","2024-03-02 20:05:33.162788+07"
"32.05.23","320523 ","32.05","Banjarwangi","2024-03-02 20:05:33.162788+07","2024-03-02 20:05:33.162788+07"
"32.05.24","320524 ","32.05","Singajaya","2024-03-02 20:05:33.162788+07","2024-03-02 20:05:33.162788+07"
"32.05.25","320525 ","32.05","Cihurip","2024-03-02 20:05:33.162788+07","2024-03-02 20:05:33.162788+07"
"32.05.26","320526 ","32.05","Peundeuy","2024-03-02 20:05:33.162788+07","2024-03-02 20:05:33.162788+07"
"32.05.27","320527 ","32.05","Pameungpeuk","2024-03-02 20:05:33.162788+07","2024-03-02 20:05:33.162788+07"
"32.05.28","320528 ","32.05","Cisompet","2024-03-02 20:05:33.162788+07","2024-03-02 20:05:33.162788+07"
"32.05.29","320529 ","32.05","Cibalong","2024-03-02 20:05:33.162788+07","2024-03-02 20:05:33.162788+07"
"32.05.30","320530 ","32.05","Cikelet","2024-03-02 20:05:33.162788+07","2024-03-02 20:05:33.162788+07"
"32.05.31","320531 ","32.05","Bungbulang","2024-03-02 20:05:33.162788+07","2024-03-02 20:05:33.162788+07"
"32.05.32","320532 ","32.05","Mekarmukti","2024-03-02 20:05:33.162788+07","2024-03-02 20:05:33.162788+07"
"32.05.33","320533 ","32.05","Pakenjeng","2024-03-02 20:05:33.162788+07","2024-03-02 20:05:33.162788+07"
"32.05.34","320534 ","32.05","Pamulihan","2024-03-02 20:05:33.162788+07","2024-03-02 20:05:33.162788+07"
"32.05.35","320535 ","32.05","Cisewu","2024-03-02 20:05:33.162788+07","2024-03-02 20:05:33.162788+07"
"32.05.36","320536 ","32.05","Caringin","2024-03-02 20:05:33.162788+07","2024-03-02 20:05:33.162788+07"
"32.05.37","320537 ","32.05","Talegong","2024-03-02 20:05:33.162788+07","2024-03-02 20:05:33.162788+07"
"32.05.38","320538 ","32.05","Limbangan","2024-03-02 20:05:33.162788+07","2024-03-02 20:05:33.162788+07"
"32.05.39","320539 ","32.05","Selaawi","2024-03-02 20:05:33.162788+07","2024-03-02 20:05:33.162788+07"
"32.05.40","320540 ","32.05","Cibiuk","2024-03-02 20:05:33.162788+07","2024-03-02 20:05:33.162788+07"
"32.05.41","320541 ","32.05","Pangatikan","2024-03-02 20:05:33.162788+07","2024-03-02 20:05:33.162788+07"
"32.05.42","320542 ","32.05","Sucinaraja","2024-03-02 20:05:33.162788+07","2024-03-02 20:05:33.162788+07"
"32.06.01","320601 ","32.06","Cipatujah","2024-03-02 20:05:33.162788+07","2024-03-02 20:05:33.162788+07"
"32.06.02","320602 ","32.06","Karangnunggal","2024-03-02 20:05:33.162788+07","2024-03-02 20:05:33.162788+07"
"32.06.03","320603 ","32.06","Cikalong","2024-03-02 20:05:33.162788+07","2024-03-02 20:05:33.162788+07"
"32.06.04","320604 ","32.06","Pancatengah","2024-03-02 20:05:33.162788+07","2024-03-02 20:05:33.162788+07"
"32.06.05","320605 ","32.06","Cikatomas","2024-03-02 20:05:33.162788+07","2024-03-02 20:05:33.162788+07"
"32.06.06","320606 ","32.06","Cibalong","2024-03-02 20:05:33.162788+07","2024-03-02 20:05:33.162788+07"
"32.06.07","320607 ","32.06","Parungponteng","2024-03-02 20:05:33.162788+07","2024-03-02 20:05:33.162788+07"
"32.06.08","320608 ","32.06","Bantarkalong","2024-03-02 20:05:33.162788+07","2024-03-02 20:05:33.162788+07"
"32.06.09","320609 ","32.06","Bojongasih","2024-03-02 20:05:33.162788+07","2024-03-02 20:05:33.162788+07"
"32.06.10","320610 ","32.06","Culamega","2024-03-02 20:05:33.162788+07","2024-03-02 20:05:33.162788+07"
"32.06.11","320611 ","32.06","Bojonggambir","2024-03-02 20:05:33.162788+07","2024-03-02 20:05:33.162788+07"
"32.06.12","320612 ","32.06","Sodonghilir","2024-03-02 20:05:33.162788+07","2024-03-02 20:05:33.162788+07"
"32.06.13","320613 ","32.06","Taraju","2024-03-02 20:05:33.162788+07","2024-03-02 20:05:33.162788+07"
"32.06.14","320614 ","32.06","Salawu","2024-03-02 20:05:33.162788+07","2024-03-02 20:05:33.162788+07"
"32.06.15","320615 ","32.06","Puspahiang","2024-03-02 20:05:33.162788+07","2024-03-02 20:05:33.162788+07"
"32.06.16","320616 ","32.06","Tanjungjaya","2024-03-02 20:05:33.162788+07","2024-03-02 20:05:33.162788+07"
"32.06.17","320617 ","32.06","Sukaraja","2024-03-02 20:05:33.162788+07","2024-03-02 20:05:33.162788+07"
"32.06.18","320618 ","32.06","Salopa","2024-03-02 20:05:33.162788+07","2024-03-02 20:05:33.162788+07"
"32.06.19","320619 ","32.06","Jatiwaras","2024-03-02 20:05:33.162788+07","2024-03-02 20:05:33.162788+07"
"32.06.20","320620 ","32.06","Cineam","2024-03-02 20:05:33.162788+07","2024-03-02 20:05:33.162788+07"
"32.06.21","320621 ","32.06","Karang Jaya","2024-03-02 20:05:33.162788+07","2024-03-02 20:05:33.162788+07"
"32.06.22","320622 ","32.06","Manonjaya","2024-03-02 20:05:33.162788+07","2024-03-02 20:05:33.162788+07"
"32.06.23","320623 ","32.06","Gunung Tanjung","2024-03-02 20:05:33.162788+07","2024-03-02 20:05:33.162788+07"
"32.06.24","320624 ","32.06","Singaparna","2024-03-02 20:05:33.162788+07","2024-03-02 20:05:33.162788+07"
"32.06.25","320625 ","32.06","Mangunreja","2024-03-02 20:05:33.162788+07","2024-03-02 20:05:33.162788+07"
"32.06.26","320626 ","32.06","Sukarame","2024-03-02 20:05:33.162788+07","2024-03-02 20:05:33.162788+07"
"32.06.27","320627 ","32.06","Cigalontang","2024-03-02 20:05:33.162788+07","2024-03-02 20:05:33.162788+07"
"32.06.28","320628 ","32.06","Leuwisari","2024-03-02 20:05:33.162788+07","2024-03-02 20:05:33.162788+07"
"32.06.29","320629 ","32.06","Padakembang","2024-03-02 20:05:33.162788+07","2024-03-02 20:05:33.162788+07"
"32.06.30","320630 ","32.06","Sariwangi","2024-03-02 20:05:33.162788+07","2024-03-02 20:05:33.162788+07"
"32.06.31","320631 ","32.06","Sukaratu","2024-03-02 20:05:33.162788+07","2024-03-02 20:05:33.162788+07"
"32.06.32","320632 ","32.06","Cisayong","2024-03-02 20:05:33.162788+07","2024-03-02 20:05:33.162788+07"
"32.06.33","320633 ","32.06","Sukahening","2024-03-02 20:05:33.162788+07","2024-03-02 20:05:33.162788+07"
"32.06.34","320634 ","32.06","Rajapolah","2024-03-02 20:05:33.162788+07","2024-03-02 20:05:33.162788+07"
"32.06.35","320635 ","32.06","Jamanis","2024-03-02 20:05:33.162788+07","2024-03-02 20:05:33.162788+07"
"32.06.36","320636 ","32.06","Ciawi","2024-03-02 20:05:33.162788+07","2024-03-02 20:05:33.162788+07"
"32.06.37","320637 ","32.06","Kadipaten","2024-03-02 20:05:33.162788+07","2024-03-02 20:05:33.162788+07"
"32.06.38","320638 ","32.06","Pagerageung","2024-03-02 20:05:33.162788+07","2024-03-02 20:05:33.162788+07"
"32.06.39","320639 ","32.06","Sukaresik","2024-03-02 20:05:33.162788+07","2024-03-02 20:05:33.162788+07"
"32.07.01","320701 ","32.07","Ciamis","2024-03-02 20:05:33.162788+07","2024-03-02 20:05:33.162788+07"
"32.07.02","320702 ","32.07","Cikoneng","2024-03-02 20:05:33.162788+07","2024-03-02 20:05:33.162788+07"
"32.07.03","320703 ","32.07","Cijeungjing","2024-03-02 20:05:33.162788+07","2024-03-02 20:05:33.162788+07"
"32.07.04","320704 ","32.07","Sadananya","2024-03-02 20:05:33.162788+07","2024-03-02 20:05:33.162788+07"
"32.07.05","320705 ","32.07","Cidolog","2024-03-02 20:05:33.162788+07","2024-03-02 20:05:33.162788+07"
"32.07.06","320706 ","32.07","Cihaurbeuti","2024-03-02 20:05:33.162788+07","2024-03-02 20:05:33.162788+07"
"32.07.07","320707 ","32.07","Panumbangan","2024-03-02 20:05:33.162788+07","2024-03-02 20:05:33.162788+07"
"32.07.08","320708 ","32.07","Panjalu","2024-03-02 20:05:33.162788+07","2024-03-02 20:05:33.162788+07"
"32.07.09","320709 ","32.07","Kawali","2024-03-02 20:05:33.162788+07","2024-03-02 20:05:33.162788+07"
"32.07.10","320710 ","32.07","Panawangan","2024-03-02 20:05:33.162788+07","2024-03-02 20:05:33.162788+07"
"32.07.11","320711 ","32.07","Cipaku","2024-03-02 20:05:33.162788+07","2024-03-02 20:05:33.162788+07"
"32.07.12","320712 ","32.07","Jatinagara","2024-03-02 20:05:33.162788+07","2024-03-02 20:05:33.162788+07"
"32.07.13","320713 ","32.07","Rajadesa","2024-03-02 20:05:33.162788+07","2024-03-02 20:05:33.162788+07"
"32.07.14","320714 ","32.07","Sukadana","2024-03-02 20:05:33.162788+07","2024-03-02 20:05:33.162788+07"
"32.07.15","320715 ","32.07","Rancah","2024-03-02 20:05:33.162788+07","2024-03-02 20:05:33.162788+07"
"32.07.16","320716 ","32.07","Tambaksari","2024-03-02 20:05:33.162788+07","2024-03-02 20:05:33.162788+07"
"32.07.17","320717 ","32.07","Lakbok","2024-03-02 20:05:33.162788+07","2024-03-02 20:05:33.162788+07"
"32.07.18","320718 ","32.07","Banjarsari","2024-03-02 20:05:33.162788+07","2024-03-02 20:05:33.162788+07"
"32.07.19","320719 ","32.07","Pamarican","2024-03-02 20:05:33.162788+07","2024-03-02 20:05:33.162788+07"
"32.07.29","320729 ","32.07","Cimaragas","2024-03-02 20:05:33.162788+07","2024-03-02 20:05:33.162788+07"
"32.07.30","320730 ","32.07","Cisaga","2024-03-02 20:05:33.162788+07","2024-03-02 20:05:33.162788+07"
"32.07.31","320731 ","32.07","Sindangkasih","2024-03-02 20:05:33.162788+07","2024-03-02 20:05:33.162788+07"
"32.07.32","320732 ","32.07","Baregbeg","2024-03-02 20:05:33.162788+07","2024-03-02 20:05:33.162788+07"
"32.07.33","320733 ","32.07","Sukamantri","2024-03-02 20:05:33.162788+07","2024-03-02 20:05:33.162788+07"
"32.07.34","320734 ","32.07","Lumbung","2024-03-02 20:05:33.162788+07","2024-03-02 20:05:33.162788+07"
"32.07.35","320735 ","32.07","Purwadadi","2024-03-02 20:05:33.162788+07","2024-03-02 20:05:33.162788+07"
"32.07.37","320737 ","32.07","Banjaranyar","2024-03-02 20:05:33.162788+07","2024-03-02 20:05:33.162788+07"
"32.08.01","320801 ","32.08","Kadugede","2024-03-02 20:05:33.162788+07","2024-03-02 20:05:33.162788+07"
"32.08.02","320802 ","32.08","Ciniru","2024-03-02 20:05:33.162788+07","2024-03-02 20:05:33.162788+07"
"32.08.03","320803 ","32.08","Subang","2024-03-02 20:05:33.162788+07","2024-03-02 20:05:33.162788+07"
"32.08.04","320804 ","32.08","Ciwaru","2024-03-02 20:05:33.162788+07","2024-03-02 20:05:33.162788+07"
"32.08.05","320805 ","32.08","Cibingbin","2024-03-02 20:05:33.162788+07","2024-03-02 20:05:33.162788+07"
"32.08.06","320806 ","32.08","Luragung","2024-03-02 20:05:33.162788+07","2024-03-02 20:05:33.162788+07"
"32.08.07","320807 ","32.08","Lebakwangi","2024-03-02 20:05:33.162788+07","2024-03-02 20:05:33.162788+07"
"32.08.08","320808 ","32.08","Garawangi","2024-03-02 20:05:33.162788+07","2024-03-02 20:05:33.162788+07"
"32.08.09","320809 ","32.08","Kuningan","2024-03-02 20:05:33.162788+07","2024-03-02 20:05:33.162788+07"
"32.08.10","320810 ","32.08","Ciawigebang","2024-03-02 20:05:33.162788+07","2024-03-02 20:05:33.162788+07"
"32.08.11","320811 ","32.08","Cidahu","2024-03-02 20:05:33.162788+07","2024-03-02 20:05:33.162788+07"
"32.08.12","320812 ","32.08","Jalaksana","2024-03-02 20:05:33.162788+07","2024-03-02 20:05:33.162788+07"
"32.08.13","320813 ","32.08","Cilimus","2024-03-02 20:05:33.162788+07","2024-03-02 20:05:33.162788+07"
"32.08.14","320814 ","32.08","Mandirancan","2024-03-02 20:05:33.162788+07","2024-03-02 20:05:33.162788+07"
"32.08.15","320815 ","32.08","Selajambe","2024-03-02 20:05:33.162788+07","2024-03-02 20:05:33.162788+07"
"32.08.16","320816 ","32.08","Kramatmulya","2024-03-02 20:05:33.162788+07","2024-03-02 20:05:33.162788+07"
"32.08.17","320817 ","32.08","Darma","2024-03-02 20:05:33.162788+07","2024-03-02 20:05:33.162788+07"
"32.08.18","320818 ","32.08","Cigugur","2024-03-02 20:05:33.162788+07","2024-03-02 20:05:33.162788+07"
"32.08.19","320819 ","32.08","Pasawahan","2024-03-02 20:05:33.162788+07","2024-03-02 20:05:33.162788+07"
"32.08.20","320820 ","32.08","Nusaherang","2024-03-02 20:05:33.162788+07","2024-03-02 20:05:33.162788+07"
"32.08.21","320821 ","32.08","Cipicung","2024-03-02 20:05:33.162788+07","2024-03-02 20:05:33.162788+07"
"32.08.22","320822 ","32.08","Pancalang","2024-03-02 20:05:33.162788+07","2024-03-02 20:05:33.162788+07"
"32.08.23","320823 ","32.08","Japara","2024-03-02 20:05:33.162788+07","2024-03-02 20:05:33.162788+07"
"32.08.24","320824 ","32.08","Cimahi","2024-03-02 20:05:33.162788+07","2024-03-02 20:05:33.162788+07"
"32.08.25","320825 ","32.08","Cilebak","2024-03-02 20:05:33.162788+07","2024-03-02 20:05:33.162788+07"
"32.08.26","320826 ","32.08","Hantara","2024-03-02 20:05:33.162788+07","2024-03-02 20:05:33.162788+07"
"32.08.27","320827 ","32.08","Kalimanggis","2024-03-02 20:05:33.162788+07","2024-03-02 20:05:33.162788+07"
"32.08.28","320828 ","32.08","Cibeureum","2024-03-02 20:05:33.162788+07","2024-03-02 20:05:33.162788+07"
"32.08.29","320829 ","32.08","Karang Kancana","2024-03-02 20:05:33.162788+07","2024-03-02 20:05:33.162788+07"
"32.08.30","320830 ","32.08","Maleber","2024-03-02 20:05:33.162788+07","2024-03-02 20:05:33.162788+07"
"32.08.31","320831 ","32.08","Sindang Agung","2024-03-02 20:05:33.162788+07","2024-03-02 20:05:33.162788+07"
"32.08.32","320832 ","32.08","Cigandamekar","2024-03-02 20:05:33.162788+07","2024-03-02 20:05:33.162788+07"
"32.09.01","320901 ","32.09","Waled","2024-03-02 20:05:33.162788+07","2024-03-02 20:05:33.162788+07"
"32.09.02","320902 ","32.09","Ciledug","2024-03-02 20:05:33.162788+07","2024-03-02 20:05:33.162788+07"
"32.09.03","320903 ","32.09","Losari","2024-03-02 20:05:33.162788+07","2024-03-02 20:05:33.162788+07"
"32.09.04","320904 ","32.09","Pabedilan","2024-03-02 20:05:33.162788+07","2024-03-02 20:05:33.162788+07"
"32.09.05","320905 ","32.09","Babakan","2024-03-02 20:05:33.162788+07","2024-03-02 20:05:33.162788+07"
"32.09.06","320906 ","32.09","Karangsembung","2024-03-02 20:05:33.162788+07","2024-03-02 20:05:33.162788+07"
"32.09.07","320907 ","32.09","Lemahabang","2024-03-02 20:05:33.162788+07","2024-03-02 20:05:33.162788+07"
"32.09.08","320908 ","32.09","Susukan Lebak","2024-03-02 20:05:33.162788+07","2024-03-02 20:05:33.162788+07"
"32.09.09","320909 ","32.09","Sedong","2024-03-02 20:05:33.162788+07","2024-03-02 20:05:33.162788+07"
"32.09.10","320910 ","32.09","Astanajapura","2024-03-02 20:05:33.162788+07","2024-03-02 20:05:33.162788+07"
"32.09.11","320911 ","32.09","Pangenan","2024-03-02 20:05:33.162788+07","2024-03-02 20:05:33.162788+07"
"32.09.12","320912 ","32.09","Mundu","2024-03-02 20:05:33.162788+07","2024-03-02 20:05:33.162788+07"
"32.09.13","320913 ","32.09","Beber","2024-03-02 20:05:33.162788+07","2024-03-02 20:05:33.162788+07"
"32.09.14","320914 ","32.09","Talun","2024-03-02 20:05:33.162788+07","2024-03-02 20:05:33.162788+07"
"32.09.15","320915 ","32.09","Sumber","2024-03-02 20:05:33.162788+07","2024-03-02 20:05:33.162788+07"
"32.09.16","320916 ","32.09","Dukupuntang","2024-03-02 20:05:33.162788+07","2024-03-02 20:05:33.162788+07"
"32.09.17","320917 ","32.09","Palimanan","2024-03-02 20:05:33.162788+07","2024-03-02 20:05:33.162788+07"
"32.09.18","320918 ","32.09","Plumbon","2024-03-02 20:05:33.162788+07","2024-03-02 20:05:33.162788+07"
"32.09.19","320919 ","32.09","Weru","2024-03-02 20:05:33.162788+07","2024-03-02 20:05:33.162788+07"
"32.09.20","320920 ","32.09","Kedawung","2024-03-02 20:05:33.162788+07","2024-03-02 20:05:33.162788+07"
"32.09.21","320921 ","32.09","Gunung Jati","2024-03-02 20:05:33.162788+07","2024-03-02 20:05:33.162788+07"
"32.09.22","320922 ","32.09","Kapetakan","2024-03-02 20:05:33.162788+07","2024-03-02 20:05:33.162788+07"
"32.09.23","320923 ","32.09","Klangenan","2024-03-02 20:05:33.162788+07","2024-03-02 20:05:33.162788+07"
"32.09.24","320924 ","32.09","Arjawinangun","2024-03-02 20:05:33.162788+07","2024-03-02 20:05:33.162788+07"
"32.09.25","320925 ","32.09","Panguragan","2024-03-02 20:05:33.162788+07","2024-03-02 20:05:33.162788+07"
"32.09.26","320926 ","32.09","Ciwaringin","2024-03-02 20:05:33.162788+07","2024-03-02 20:05:33.162788+07"
"32.09.27","320927 ","32.09","Susukan","2024-03-02 20:05:33.162788+07","2024-03-02 20:05:33.162788+07"
"32.09.28","320928 ","32.09","Gegesik","2024-03-02 20:05:33.162788+07","2024-03-02 20:05:33.162788+07"
"32.09.29","320929 ","32.09","Kaliwedi","2024-03-02 20:05:33.162788+07","2024-03-02 20:05:33.162788+07"
"32.09.30","320930 ","32.09","Gebang","2024-03-02 20:05:33.162788+07","2024-03-02 20:05:33.162788+07"
"32.09.31","320931 ","32.09","Depok","2024-03-02 20:05:33.162788+07","2024-03-02 20:05:33.162788+07"
"32.09.32","320932 ","32.09","Pasaleman","2024-03-02 20:05:33.162788+07","2024-03-02 20:05:33.162788+07"
"32.09.33","320933 ","32.09","Pabuaran","2024-03-02 20:05:33.162788+07","2024-03-02 20:05:33.162788+07"
"32.09.34","320934 ","32.09","Karangwareng","2024-03-02 20:05:33.162788+07","2024-03-02 20:05:33.162788+07"
"32.09.35","320935 ","32.09","Tengah Tani","2024-03-02 20:05:33.162788+07","2024-03-02 20:05:33.162788+07"
"32.09.36","320936 ","32.09","Plered","2024-03-02 20:05:33.162788+07","2024-03-02 20:05:33.162788+07"
"32.09.37","320937 ","32.09","Gempol","2024-03-02 20:05:33.162788+07","2024-03-02 20:05:33.162788+07"
"32.09.38","320938 ","32.09","Greged","2024-03-02 20:05:33.162788+07","2024-03-02 20:05:33.162788+07"
"32.09.39","320939 ","32.09","Suranenggala","2024-03-02 20:05:33.162788+07","2024-03-02 20:05:33.162788+07"
"32.09.40","320940 ","32.09","Jamblang","2024-03-02 20:05:33.162788+07","2024-03-02 20:05:33.162788+07"
"32.10.01","321001 ","32.10","Lemahsugih","2024-03-02 20:05:33.162788+07","2024-03-02 20:05:33.162788+07"
"32.10.02","321002 ","32.10","Bantarujeg","2024-03-02 20:05:33.162788+07","2024-03-02 20:05:33.162788+07"
"32.10.03","321003 ","32.10","Cikijing","2024-03-02 20:05:33.162788+07","2024-03-02 20:05:33.162788+07"
"32.10.04","321004 ","32.10","Talaga","2024-03-02 20:05:33.162788+07","2024-03-02 20:05:33.162788+07"
"32.10.05","321005 ","32.10","Argapura","2024-03-02 20:05:33.162788+07","2024-03-02 20:05:33.162788+07"
"32.10.06","321006 ","32.10","Maja","2024-03-02 20:05:33.162788+07","2024-03-02 20:05:33.162788+07"
"32.10.07","321007 ","32.10","Majalengka","2024-03-02 20:05:33.162788+07","2024-03-02 20:05:33.162788+07"
"32.10.08","321008 ","32.10","Sukahaji","2024-03-02 20:05:33.162788+07","2024-03-02 20:05:33.162788+07"
"32.10.09","321009 ","32.10","Rajagaluh","2024-03-02 20:05:33.162788+07","2024-03-02 20:05:33.162788+07"
"32.10.10","321010 ","32.10","Leuwimunding","2024-03-02 20:05:33.162788+07","2024-03-02 20:05:33.162788+07"
"32.10.11","321011 ","32.10","Jatiwangi","2024-03-02 20:05:33.162788+07","2024-03-02 20:05:33.162788+07"
"32.10.12","321012 ","32.10","Dawuan","2024-03-02 20:05:33.162788+07","2024-03-02 20:05:33.162788+07"
"32.10.13","321013 ","32.10","Kadipaten","2024-03-02 20:05:33.162788+07","2024-03-02 20:05:33.162788+07"
"32.10.14","321014 ","32.10","Kertajati","2024-03-02 20:05:33.162788+07","2024-03-02 20:05:33.162788+07"
"32.10.15","321015 ","32.10","Jatitujuh","2024-03-02 20:05:33.162788+07","2024-03-02 20:05:33.162788+07"
"32.10.16","321016 ","32.10","Ligung","2024-03-02 20:05:33.162788+07","2024-03-02 20:05:33.162788+07"
"32.10.17","321017 ","32.10","Sumberjaya","2024-03-02 20:05:33.162788+07","2024-03-02 20:05:33.162788+07"
"32.10.18","321018 ","32.10","Panyingkiran","2024-03-02 20:05:33.162788+07","2024-03-02 20:05:33.162788+07"
"32.10.19","321019 ","32.10","Palasah","2024-03-02 20:05:33.162788+07","2024-03-02 20:05:33.162788+07"
"32.10.20","321020 ","32.10","Cigasong","2024-03-02 20:05:33.162788+07","2024-03-02 20:05:33.162788+07"
"32.10.21","321021 ","32.10","Sindangwangi","2024-03-02 20:05:33.162788+07","2024-03-02 20:05:33.162788+07"
"32.10.22","321022 ","32.10","Banjaran","2024-03-02 20:05:33.162788+07","2024-03-02 20:05:33.162788+07"
"32.10.23","321023 ","32.10","Cingambul","2024-03-02 20:05:33.162788+07","2024-03-02 20:05:33.162788+07"
"32.10.24","321024 ","32.10","Kasokandel","2024-03-02 20:05:33.162788+07","2024-03-02 20:05:33.162788+07"
"32.10.25","321025 ","32.10","Sindang","2024-03-02 20:05:33.162788+07","2024-03-02 20:05:33.162788+07"
"32.10.26","321026 ","32.10","Malausma","2024-03-02 20:05:33.162788+07","2024-03-02 20:05:33.162788+07"
"32.11.01","321101 ","32.11","Wado","2024-03-02 20:05:33.162788+07","2024-03-02 20:05:33.162788+07"
"32.11.02","321102 ","32.11","Jatinunggal","2024-03-02 20:05:33.162788+07","2024-03-02 20:05:33.162788+07"
"32.11.03","321103 ","32.11","Darmaraja","2024-03-02 20:05:33.162788+07","2024-03-02 20:05:33.162788+07"
"32.11.04","321104 ","32.11","Cibugel","2024-03-02 20:05:33.162788+07","2024-03-02 20:05:33.162788+07"
"32.11.05","321105 ","32.11","Cisitu","2024-03-02 20:05:33.162788+07","2024-03-02 20:05:33.162788+07"
"32.11.06","321106 ","32.11","Situraja","2024-03-02 20:05:33.162788+07","2024-03-02 20:05:33.162788+07"
"32.11.07","321107 ","32.11","Conggeang","2024-03-02 20:05:33.162788+07","2024-03-02 20:05:33.162788+07"
"32.11.08","321108 ","32.11","Paseh","2024-03-02 20:05:33.162788+07","2024-03-02 20:05:33.162788+07"
"32.11.09","321109 ","32.11","Surian","2024-03-02 20:05:33.162788+07","2024-03-02 20:05:33.162788+07"
"32.11.10","321110 ","32.11","Buahdua","2024-03-02 20:05:33.162788+07","2024-03-02 20:05:33.162788+07"
"32.11.11","321111 ","32.11","Tanjungsari","2024-03-02 20:05:33.162788+07","2024-03-02 20:05:33.162788+07"
"32.11.12","321112 ","32.11","Sukasari","2024-03-02 20:05:33.162788+07","2024-03-02 20:05:33.162788+07"
"32.11.13","321113 ","32.11","Pamulihan","2024-03-02 20:05:33.162788+07","2024-03-02 20:05:33.162788+07"
"32.11.14","321114 ","32.11","Cimanggung","2024-03-02 20:05:33.162788+07","2024-03-02 20:05:33.162788+07"
"32.11.15","321115 ","32.11","Jatinangor","2024-03-02 20:05:33.162788+07","2024-03-02 20:05:33.162788+07"
"32.11.16","321116 ","32.11","Rancakalong","2024-03-02 20:05:33.162788+07","2024-03-02 20:05:33.162788+07"
"32.11.17","321117 ","32.11","Sumedang Selatan","2024-03-02 20:05:33.162788+07","2024-03-02 20:05:33.162788+07"
"32.11.18","321118 ","32.11","Sumedang Utara","2024-03-02 20:05:33.162788+07","2024-03-02 20:05:33.162788+07"
"32.11.19","321119 ","32.11","Ganeas","2024-03-02 20:05:33.162788+07","2024-03-02 20:05:33.162788+07"
"32.11.20","321120 ","32.11","Tanjungkerta","2024-03-02 20:05:33.162788+07","2024-03-02 20:05:33.162788+07"
"32.11.21","321121 ","32.11","Tanjungmedar","2024-03-02 20:05:33.162788+07","2024-03-02 20:05:33.162788+07"
"32.11.22","321122 ","32.11","Cimalaka","2024-03-02 20:05:33.162788+07","2024-03-02 20:05:33.162788+07"
"32.11.23","321123 ","32.11","Cisarua","2024-03-02 20:05:33.162788+07","2024-03-02 20:05:33.162788+07"
"32.11.24","321124 ","32.11","Tomo","2024-03-02 20:05:33.162788+07","2024-03-02 20:05:33.162788+07"
"32.11.25","321125 ","32.11","Ujungjaya","2024-03-02 20:05:33.162788+07","2024-03-02 20:05:33.162788+07"
"32.11.26","321126 ","32.11","Jatigede","2024-03-02 20:05:33.162788+07","2024-03-02 20:05:33.162788+07"
"32.12.01","321201 ","32.12","Haurgeulis","2024-03-02 20:05:33.162788+07","2024-03-02 20:05:33.162788+07"
"32.12.02","321202 ","32.12","Kroya","2024-03-02 20:05:33.162788+07","2024-03-02 20:05:33.162788+07"
"32.12.03","321203 ","32.12","Gabuswetan","2024-03-02 20:05:33.162788+07","2024-03-02 20:05:33.162788+07"
"32.12.04","321204 ","32.12","Cikedung","2024-03-02 20:05:33.162788+07","2024-03-02 20:05:33.162788+07"
"32.12.05","321205 ","32.12","Lelea","2024-03-02 20:05:33.162788+07","2024-03-02 20:05:33.162788+07"
"32.12.06","321206 ","32.12","Bangodua","2024-03-02 20:05:33.162788+07","2024-03-02 20:05:33.162788+07"
"32.12.07","321207 ","32.12","Widasari","2024-03-02 20:05:33.162788+07","2024-03-02 20:05:33.162788+07"
"32.12.08","321208 ","32.12","Kertasemaya","2024-03-02 20:05:33.162788+07","2024-03-02 20:05:33.162788+07"
"32.12.09","321209 ","32.12","Krangkeng","2024-03-02 20:05:33.162788+07","2024-03-02 20:05:33.162788+07"
"32.12.10","321210 ","32.12","Karangampel","2024-03-02 20:05:33.162788+07","2024-03-02 20:05:33.162788+07"
"32.12.11","321211 ","32.12","Juntinyuat","2024-03-02 20:05:33.162788+07","2024-03-02 20:05:33.162788+07"
"32.12.12","321212 ","32.12","Sliyeg","2024-03-02 20:05:33.162788+07","2024-03-02 20:05:33.162788+07"
"32.12.13","321213 ","32.12","Jatibarang","2024-03-02 20:05:33.162788+07","2024-03-02 20:05:33.162788+07"
"32.12.14","321214 ","32.12","Balongan","2024-03-02 20:05:33.162788+07","2024-03-02 20:05:33.162788+07"
"32.12.15","321215 ","32.12","Indramayu","2024-03-02 20:05:33.162788+07","2024-03-02 20:05:33.162788+07"
"32.12.16","321216 ","32.12","Sindang","2024-03-02 20:05:33.162788+07","2024-03-02 20:05:33.162788+07"
"32.12.17","321217 ","32.12","Cantigi","2024-03-02 20:05:33.162788+07","2024-03-02 20:05:33.162788+07"
"32.12.18","321218 ","32.12","Lohbener","2024-03-02 20:05:33.162788+07","2024-03-02 20:05:33.162788+07"
"32.12.19","321219 ","32.12","Arahan","2024-03-02 20:05:33.162788+07","2024-03-02 20:05:33.162788+07"
"32.12.20","321220 ","32.12","Losarang","2024-03-02 20:05:33.162788+07","2024-03-02 20:05:33.162788+07"
"32.12.21","321221 ","32.12","Kandanghaur","2024-03-02 20:05:33.162788+07","2024-03-02 20:05:33.162788+07"
"32.12.22","321222 ","32.12","Bongas","2024-03-02 20:05:33.162788+07","2024-03-02 20:05:33.162788+07"
"32.12.23","321223 ","32.12","Anjatan","2024-03-02 20:05:33.162788+07","2024-03-02 20:05:33.162788+07"
"32.12.24","321224 ","32.12","Sukra","2024-03-02 20:05:33.162788+07","2024-03-02 20:05:33.162788+07"
"32.12.25","321225 ","32.12","Gantar","2024-03-02 20:05:33.162788+07","2024-03-02 20:05:33.162788+07"
"32.12.26","321226 ","32.12","Trisi","2024-03-02 20:05:33.162788+07","2024-03-02 20:05:33.162788+07"
"32.12.27","321227 ","32.12","Sukagumiwang","2024-03-02 20:05:33.162788+07","2024-03-02 20:05:33.162788+07"
"32.12.28","321228 ","32.12","Kedokan Bunder","2024-03-02 20:05:33.162788+07","2024-03-02 20:05:33.162788+07"
"32.12.29","321229 ","32.12","Pasekan","2024-03-02 20:05:33.162788+07","2024-03-02 20:05:33.162788+07"
"32.12.30","321230 ","32.12","Tukdana","2024-03-02 20:05:33.162788+07","2024-03-02 20:05:33.162788+07"
"32.12.31","321231 ","32.12","Patrol","2024-03-02 20:05:33.162788+07","2024-03-02 20:05:33.162788+07"
"32.13.01","321301 ","32.13","Sagalaherang","2024-03-02 20:05:33.162788+07","2024-03-02 20:05:33.162788+07"
"32.13.02","321302 ","32.13","Cisalak","2024-03-02 20:05:33.162788+07","2024-03-02 20:05:33.162788+07"
"32.13.03","321303 ","32.13","Subang","2024-03-02 20:05:33.162788+07","2024-03-02 20:05:33.162788+07"
"32.13.04","321304 ","32.13","Kalijati","2024-03-02 20:05:33.162788+07","2024-03-02 20:05:33.162788+07"
"32.13.05","321305 ","32.13","Pabuaran","2024-03-02 20:05:33.162788+07","2024-03-02 20:05:33.162788+07"
"32.13.06","321306 ","32.13","Purwadadi","2024-03-02 20:05:33.162788+07","2024-03-02 20:05:33.162788+07"
"32.13.07","321307 ","32.13","Pagaden","2024-03-02 20:05:33.162788+07","2024-03-02 20:05:33.162788+07"
"32.13.08","321308 ","32.13","Binong","2024-03-02 20:05:33.162788+07","2024-03-02 20:05:33.162788+07"
"32.13.09","321309 ","32.13","Ciasem","2024-03-02 20:05:33.162788+07","2024-03-02 20:05:33.162788+07"
"32.13.10","321310 ","32.13","Pusakanagara","2024-03-02 20:05:33.162788+07","2024-03-02 20:05:33.162788+07"
"32.13.11","321311 ","32.13","Pamanukan","2024-03-02 20:05:33.162788+07","2024-03-02 20:05:33.162788+07"
"32.13.12","321312 ","32.13","Jalancagak","2024-03-02 20:05:33.162788+07","2024-03-02 20:05:33.162788+07"
"32.13.13","321313 ","32.13","Blanakan","2024-03-02 20:05:33.162788+07","2024-03-02 20:05:33.162788+07"
"32.13.14","321314 ","32.13","Tanjungsiang","2024-03-02 20:05:33.162788+07","2024-03-02 20:05:33.162788+07"
"32.13.15","321315 ","32.13","Compreng","2024-03-02 20:05:33.162788+07","2024-03-02 20:05:33.162788+07"
"32.13.16","321316 ","32.13","Patokbeusi","2024-03-02 20:05:33.162788+07","2024-03-02 20:05:33.162788+07"
"32.13.17","321317 ","32.13","Cibogo","2024-03-02 20:05:33.162788+07","2024-03-02 20:05:33.162788+07"
"32.13.18","321318 ","32.13","Cipunagara","2024-03-02 20:05:33.162788+07","2024-03-02 20:05:33.162788+07"
"32.13.19","321319 ","32.13","Cijambe","2024-03-02 20:05:33.162788+07","2024-03-02 20:05:33.162788+07"
"32.13.20","321320 ","32.13","Cipeundeuy","2024-03-02 20:05:33.162788+07","2024-03-02 20:05:33.162788+07"
"32.13.21","321321 ","32.13","Legonkulon","2024-03-02 20:05:33.162788+07","2024-03-02 20:05:33.162788+07"
"32.13.22","321322 ","32.13","Cikaum","2024-03-02 20:05:33.162788+07","2024-03-02 20:05:33.162788+07"
"32.13.23","321323 ","32.13","Serangpanjang","2024-03-02 20:05:33.162788+07","2024-03-02 20:05:33.162788+07"
"32.13.24","321324 ","32.13","Sukasari","2024-03-02 20:05:33.162788+07","2024-03-02 20:05:33.162788+07"
"32.13.25","321325 ","32.13","Tambakdahan","2024-03-02 20:05:33.162788+07","2024-03-02 20:05:33.162788+07"
"32.13.26","321326 ","32.13","Kasomalang","2024-03-02 20:05:33.162788+07","2024-03-02 20:05:33.162788+07"
"32.13.27","321327 ","32.13","Dawuan","2024-03-02 20:05:33.162788+07","2024-03-02 20:05:33.162788+07"
"32.13.28","321328 ","32.13","Pagaden Barat","2024-03-02 20:05:33.162788+07","2024-03-02 20:05:33.162788+07"
"32.13.29","321329 ","32.13","Ciater","2024-03-02 20:05:33.162788+07","2024-03-02 20:05:33.162788+07"
"32.13.30","321330 ","32.13","Pusakajaya","2024-03-02 20:05:33.162788+07","2024-03-02 20:05:33.162788+07"
"32.14.01","321401 ","32.14","Purwakarta","2024-03-02 20:05:33.162788+07","2024-03-02 20:05:33.162788+07"
"32.14.02","321402 ","32.14","Campaka","2024-03-02 20:05:33.162788+07","2024-03-02 20:05:33.162788+07"
"32.14.03","321403 ","32.14","Jatiluhur","2024-03-02 20:05:33.162788+07","2024-03-02 20:05:33.162788+07"
"32.14.04","321404 ","32.14","Plered","2024-03-02 20:05:33.162788+07","2024-03-02 20:05:33.162788+07"
"32.14.05","321405 ","32.14","Sukatani","2024-03-02 20:05:33.162788+07","2024-03-02 20:05:33.162788+07"
"32.14.06","321406 ","32.14","Darangdan","2024-03-02 20:05:33.162788+07","2024-03-02 20:05:33.162788+07"
"32.14.07","321407 ","32.14","Maniis","2024-03-02 20:05:33.162788+07","2024-03-02 20:05:33.162788+07"
"32.14.08","321408 ","32.14","Tegalwaru","2024-03-02 20:05:33.162788+07","2024-03-02 20:05:33.162788+07"
"32.14.09","321409 ","32.14","Wanayasa","2024-03-02 20:05:33.162788+07","2024-03-02 20:05:33.162788+07"
"32.14.10","321410 ","32.14","Pasawahan","2024-03-02 20:05:33.162788+07","2024-03-02 20:05:33.162788+07"
"32.14.11","321411 ","32.14","Bojong","2024-03-02 20:05:33.162788+07","2024-03-02 20:05:33.162788+07"
"32.14.12","321412 ","32.14","Babakancikao","2024-03-02 20:05:33.162788+07","2024-03-02 20:05:33.162788+07"
"32.14.13","321413 ","32.14","Bungursari","2024-03-02 20:05:33.162788+07","2024-03-02 20:05:33.162788+07"
"32.14.14","321414 ","32.14","Cibatu","2024-03-02 20:05:33.162788+07","2024-03-02 20:05:33.162788+07"
"32.14.15","321415 ","32.14","Sukasari","2024-03-02 20:05:33.162788+07","2024-03-02 20:05:33.162788+07"
"32.14.16","321416 ","32.14","Pondoksalam","2024-03-02 20:05:33.162788+07","2024-03-02 20:05:33.162788+07"
"32.14.17","321417 ","32.14","Kiarapedes","2024-03-02 20:05:33.162788+07","2024-03-02 20:05:33.162788+07"
"32.15.01","321501 ","32.15","Karawang Barat","2024-03-02 20:05:33.162788+07","2024-03-02 20:05:33.162788+07"
"32.15.02","321502 ","32.15","Pangkalan","2024-03-02 20:05:33.162788+07","2024-03-02 20:05:33.162788+07"
"32.15.03","321503 ","32.15","Telukjambe Timur","2024-03-02 20:05:33.162788+07","2024-03-02 20:05:33.162788+07"
"32.15.04","321504 ","32.15","Ciampel","2024-03-02 20:05:33.162788+07","2024-03-02 20:05:33.162788+07"
"32.15.05","321505 ","32.15","Klari","2024-03-02 20:05:33.162788+07","2024-03-02 20:05:33.162788+07"
"32.15.06","321506 ","32.15","Rengasdengklok","2024-03-02 20:05:33.162788+07","2024-03-02 20:05:33.162788+07"
"32.15.07","321507 ","32.15","Kutawaluya","2024-03-02 20:05:33.162788+07","2024-03-02 20:05:33.162788+07"
"32.15.08","321508 ","32.15","Batujaya","2024-03-02 20:05:33.162788+07","2024-03-02 20:05:33.162788+07"
"32.15.09","321509 ","32.15","Tirtajaya","2024-03-02 20:05:33.162788+07","2024-03-02 20:05:33.162788+07"
"32.15.10","321510 ","32.15","Pedes","2024-03-02 20:05:33.162788+07","2024-03-02 20:05:33.162788+07"
"32.15.11","321511 ","32.15","Cibuaya","2024-03-02 20:05:33.162788+07","2024-03-02 20:05:33.162788+07"
"32.15.12","321512 ","32.15","Pakisjaya","2024-03-02 20:05:33.162788+07","2024-03-02 20:05:33.162788+07"
"32.15.13","321513 ","32.15","Cikampek","2024-03-02 20:05:33.162788+07","2024-03-02 20:05:33.162788+07"
"32.15.14","321514 ","32.15","Jatisari","2024-03-02 20:05:33.162788+07","2024-03-02 20:05:33.162788+07"
"32.15.15","321515 ","32.15","Cilamaya Wetan","2024-03-02 20:05:33.162788+07","2024-03-02 20:05:33.162788+07"
"32.15.16","321516 ","32.15","Tirtamulya","2024-03-02 20:05:33.162788+07","2024-03-02 20:05:33.162788+07"
"32.15.17","321517 ","32.15","Telagasari","2024-03-02 20:05:33.162788+07","2024-03-02 20:05:33.162788+07"
"32.15.18","321518 ","32.15","Rawamerta","2024-03-02 20:05:33.162788+07","2024-03-02 20:05:33.162788+07"
"32.15.19","321519 ","32.15","Lemahabang","2024-03-02 20:05:33.162788+07","2024-03-02 20:05:33.162788+07"
"32.15.20","321520 ","32.15","Tempuran","2024-03-02 20:05:33.162788+07","2024-03-02 20:05:33.162788+07"
"32.15.21","321521 ","32.15","Majalaya","2024-03-02 20:05:33.162788+07","2024-03-02 20:05:33.162788+07"
"32.15.22","321522 ","32.15","Jayakerta","2024-03-02 20:05:33.162788+07","2024-03-02 20:05:33.162788+07"
"32.15.23","321523 ","32.15","Cilamaya Kulon","2024-03-02 20:05:33.162788+07","2024-03-02 20:05:33.162788+07"
"32.15.24","321524 ","32.15","Banyusari","2024-03-02 20:05:33.162788+07","2024-03-02 20:05:33.162788+07"
"32.15.25","321525 ","32.15","Kota Baru","2024-03-02 20:05:33.162788+07","2024-03-02 20:05:33.162788+07"
"32.15.26","321526 ","32.15","Karawang Timur","2024-03-02 20:05:33.162788+07","2024-03-02 20:05:33.162788+07"
"32.15.27","321527 ","32.15","Telukjambe Barat","2024-03-02 20:05:33.162788+07","2024-03-02 20:05:33.162788+07"
"32.15.28","321528 ","32.15","Tegalwaru","2024-03-02 20:05:33.162788+07","2024-03-02 20:05:33.162788+07"
"32.15.29","321529 ","32.15","Purwasari","2024-03-02 20:05:33.162788+07","2024-03-02 20:05:33.162788+07"
"32.15.30","321530 ","32.15","Cilebar","2024-03-02 20:05:33.162788+07","2024-03-02 20:05:33.162788+07"
"32.16.01","321601 ","32.16","Tarumajaya","2024-03-02 20:05:33.162788+07","2024-03-02 20:05:33.162788+07"
"32.16.02","321602 ","32.16","Babelan","2024-03-02 20:05:33.162788+07","2024-03-02 20:05:33.162788+07"
"32.16.03","321603 ","32.16","Sukawangi","2024-03-02 20:05:33.162788+07","2024-03-02 20:05:33.162788+07"
"32.16.04","321604 ","32.16","Tambelang","2024-03-02 20:05:33.162788+07","2024-03-02 20:05:33.162788+07"
"32.16.05","321605 ","32.16","Tambun Utara","2024-03-02 20:05:33.162788+07","2024-03-02 20:05:33.162788+07"
"32.16.06","321606 ","32.16","Tambun Selatan","2024-03-02 20:05:33.162788+07","2024-03-02 20:05:33.162788+07"
"32.16.07","321607 ","32.16","Cibitung","2024-03-02 20:05:33.162788+07","2024-03-02 20:05:33.162788+07"
"32.16.08","321608 ","32.16","Cikarang Barat","2024-03-02 20:05:33.162788+07","2024-03-02 20:05:33.162788+07"
"32.16.09","321609 ","32.16","Cikarang Utara","2024-03-02 20:05:33.162788+07","2024-03-02 20:05:33.162788+07"
"32.16.10","321610 ","32.16","Karang Bahagia","2024-03-02 20:05:33.162788+07","2024-03-02 20:05:33.162788+07"
"32.16.11","321611 ","32.16","Cikarang Timur","2024-03-02 20:05:33.162788+07","2024-03-02 20:05:33.162788+07"
"32.16.12","321612 ","32.16","Kedung Waringin","2024-03-02 20:05:33.162788+07","2024-03-02 20:05:33.162788+07"
"32.16.13","321613 ","32.16","Pebayuran","2024-03-02 20:05:33.162788+07","2024-03-02 20:05:33.162788+07"
"32.16.14","321614 ","32.16","Sukakarya","2024-03-02 20:05:33.162788+07","2024-03-02 20:05:33.162788+07"
"32.16.15","321615 ","32.16","Sukatani","2024-03-02 20:05:33.162788+07","2024-03-02 20:05:33.162788+07"
"32.16.16","321616 ","32.16","Cabangbungin","2024-03-02 20:05:33.162788+07","2024-03-02 20:05:33.162788+07"
"32.16.17","321617 ","32.16","Muaragembong","2024-03-02 20:05:33.162788+07","2024-03-02 20:05:33.162788+07"
"32.16.18","321618 ","32.16","Setu","2024-03-02 20:05:33.162788+07","2024-03-02 20:05:33.162788+07"
"32.16.19","321619 ","32.16","Cikarang Selatan","2024-03-02 20:05:33.162788+07","2024-03-02 20:05:33.162788+07"
"32.16.20","321620 ","32.16","Cikarang Pusat","2024-03-02 20:05:33.162788+07","2024-03-02 20:05:33.162788+07"
"32.16.21","321621 ","32.16","Serang Baru","2024-03-02 20:05:33.162788+07","2024-03-02 20:05:33.162788+07"
"32.16.22","321622 ","32.16","Cibarusah","2024-03-02 20:05:33.162788+07","2024-03-02 20:05:33.162788+07"
"32.16.23","321623 ","32.16","Bojongmangu","2024-03-02 20:05:33.162788+07","2024-03-02 20:05:33.162788+07"
"32.17.01","321701 ","32.17","Lembang","2024-03-02 20:05:33.162788+07","2024-03-02 20:05:33.162788+07"
"32.17.02","321702 ","32.17","Parongpong","2024-03-02 20:05:33.162788+07","2024-03-02 20:05:33.162788+07"
"32.17.03","321703 ","32.17","Cisarua","2024-03-02 20:05:33.162788+07","2024-03-02 20:05:33.162788+07"
"32.17.04","321704 ","32.17","Cikalongwetan","2024-03-02 20:05:33.162788+07","2024-03-02 20:05:33.162788+07"
"32.17.05","321705 ","32.17","Cipeundeuy","2024-03-02 20:05:33.162788+07","2024-03-02 20:05:33.162788+07"
"32.17.06","321706 ","32.17","Ngamprah","2024-03-02 20:05:33.162788+07","2024-03-02 20:05:33.162788+07"
"32.17.07","321707 ","32.17","Cipatat","2024-03-02 20:05:33.162788+07","2024-03-02 20:05:33.162788+07"
"32.17.08","321708 ","32.17","Padalarang","2024-03-02 20:05:33.162788+07","2024-03-02 20:05:33.162788+07"
"32.17.09","321709 ","32.17","Batujajar","2024-03-02 20:05:33.162788+07","2024-03-02 20:05:33.162788+07"
"32.17.10","321710 ","32.17","Cihampelas","2024-03-02 20:05:33.162788+07","2024-03-02 20:05:33.162788+07"
"32.17.11","321711 ","32.17","Cililin","2024-03-02 20:05:33.162788+07","2024-03-02 20:05:33.162788+07"
"32.17.12","321712 ","32.17","Cipongkor","2024-03-02 20:05:33.162788+07","2024-03-02 20:05:33.162788+07"
"32.17.13","321713 ","32.17","Rongga","2024-03-02 20:05:33.162788+07","2024-03-02 20:05:33.162788+07"
"32.17.14","321714 ","32.17","Sindangkerta","2024-03-02 20:05:33.162788+07","2024-03-02 20:05:33.162788+07"
"32.17.15","321715 ","32.17","Gununghalu","2024-03-02 20:05:33.162788+07","2024-03-02 20:05:33.162788+07"
"32.17.16","321716 ","32.17","Saguling","2024-03-02 20:05:33.162788+07","2024-03-02 20:05:33.162788+07"
"32.18.01","321801 ","32.18","Parigi","2024-03-02 20:05:33.162788+07","2024-03-02 20:05:33.162788+07"
"32.18.02","321802 ","32.18","Cijulang","2024-03-02 20:05:33.162788+07","2024-03-02 20:05:33.162788+07"
"32.18.03","321803 ","32.18","Cimerak","2024-03-02 20:05:33.162788+07","2024-03-02 20:05:33.162788+07"
"32.18.04","321804 ","32.18","Cigugur","2024-03-02 20:05:33.162788+07","2024-03-02 20:05:33.162788+07"
"32.18.05","321805 ","32.18","Langkaplancar","2024-03-02 20:05:33.162788+07","2024-03-02 20:05:33.162788+07"
"32.18.06","321806 ","32.18","Mangunjaya","2024-03-02 20:05:33.162788+07","2024-03-02 20:05:33.162788+07"
"32.18.07","321807 ","32.18","Padaherang","2024-03-02 20:05:33.162788+07","2024-03-02 20:05:33.162788+07"
"32.18.08","321808 ","32.18","Kalipucang","2024-03-02 20:05:33.162788+07","2024-03-02 20:05:33.162788+07"
"32.18.09","321809 ","32.18","Pangandaran","2024-03-02 20:05:33.162788+07","2024-03-02 20:05:33.162788+07"
"32.18.10","321810 ","32.18","Sidamulih","2024-03-02 20:05:33.162788+07","2024-03-02 20:05:33.162788+07"
"32.71.01","327101 ","32.71","Bogor Selatan","2024-03-02 20:05:33.162788+07","2024-03-02 20:05:33.162788+07"
"32.71.02","327102 ","32.71","Bogor Timur","2024-03-02 20:05:33.162788+07","2024-03-02 20:05:33.162788+07"
"32.71.03","327103 ","32.71","Bogor Tengah","2024-03-02 20:05:33.162788+07","2024-03-02 20:05:33.162788+07"
"32.71.04","327104 ","32.71","Bogor Barat","2024-03-02 20:05:33.162788+07","2024-03-02 20:05:33.162788+07"
"32.71.05","327105 ","32.71","Bogor Utara","2024-03-02 20:05:33.162788+07","2024-03-02 20:05:33.162788+07"
"32.71.06","327106 ","32.71","Tanah Sareal","2024-03-02 20:05:33.162788+07","2024-03-02 20:05:33.162788+07"
"32.72.01","327201 ","32.72","Gunungpuyuh","2024-03-02 20:05:33.162788+07","2024-03-02 20:05:33.162788+07"
"32.72.02","327202 ","32.72","Cikole","2024-03-02 20:05:33.162788+07","2024-03-02 20:05:33.162788+07"
"32.72.03","327203 ","32.72","Citamiang","2024-03-02 20:05:33.162788+07","2024-03-02 20:05:33.162788+07"
"32.72.04","327204 ","32.72","Warudoyong","2024-03-02 20:05:33.162788+07","2024-03-02 20:05:33.162788+07"
"32.72.05","327205 ","32.72","Baros","2024-03-02 20:05:33.162788+07","2024-03-02 20:05:33.162788+07"
"32.72.06","327206 ","32.72","Lembursitu","2024-03-02 20:05:33.162788+07","2024-03-02 20:05:33.162788+07"
"32.72.07","327207 ","32.72","Cibeureum","2024-03-02 20:05:33.162788+07","2024-03-02 20:05:33.162788+07"
"32.73.01","327301 ","32.73","Sukasari","2024-03-02 20:05:33.162788+07","2024-03-02 20:05:33.162788+07"
"32.73.02","327302 ","32.73","Coblong","2024-03-02 20:05:33.162788+07","2024-03-02 20:05:33.162788+07"
"32.73.03","327303 ","32.73","Babakan Ciparay","2024-03-02 20:05:33.162788+07","2024-03-02 20:05:33.162788+07"
"32.73.04","327304 ","32.73","Bojongloa Kaler","2024-03-02 20:05:33.162788+07","2024-03-02 20:05:33.162788+07"
"32.73.05","327305 ","32.73","Andir","2024-03-02 20:05:33.162788+07","2024-03-02 20:05:33.162788+07"
"32.73.06","327306 ","32.73","Cicendo","2024-03-02 20:05:33.162788+07","2024-03-02 20:05:33.162788+07"
"32.73.07","327307 ","32.73","Sukajadi","2024-03-02 20:05:33.162788+07","2024-03-02 20:05:33.162788+07"
"32.73.08","327308 ","32.73","Cidadap","2024-03-02 20:05:33.162788+07","2024-03-02 20:05:33.162788+07"
"32.73.09","327309 ","32.73","Bandung Wetan","2024-03-02 20:05:33.162788+07","2024-03-02 20:05:33.162788+07"
"32.73.10","327310 ","32.73","Astana Anyar","2024-03-02 20:05:33.162788+07","2024-03-02 20:05:33.162788+07"
"32.73.11","327311 ","32.73","Regol","2024-03-02 20:05:33.162788+07","2024-03-02 20:05:33.162788+07"
"32.73.12","327312 ","32.73","Batununggal","2024-03-02 20:05:33.162788+07","2024-03-02 20:05:33.162788+07"
"32.73.13","327313 ","32.73","Lengkong","2024-03-02 20:05:33.162788+07","2024-03-02 20:05:33.162788+07"
"32.73.14","327314 ","32.73","Cibeunying Kidul","2024-03-02 20:05:33.162788+07","2024-03-02 20:05:33.162788+07"
"32.73.15","327315 ","32.73","Bandung Kulon","2024-03-02 20:05:33.162788+07","2024-03-02 20:05:33.162788+07"
"32.73.16","327316 ","32.73","Kiaracondong","2024-03-02 20:05:33.162788+07","2024-03-02 20:05:33.162788+07"
"32.73.17","327317 ","32.73","Bojongloa Kidul","2024-03-02 20:05:33.162788+07","2024-03-02 20:05:33.162788+07"
"32.73.18","327318 ","32.73","Cibeunying Kaler","2024-03-02 20:05:33.162788+07","2024-03-02 20:05:33.162788+07"
"32.73.19","327319 ","32.73","Sumur Bandung","2024-03-02 20:05:33.162788+07","2024-03-02 20:05:33.162788+07"
"32.73.20","327320 ","32.73","Antapani","2024-03-02 20:05:33.162788+07","2024-03-02 20:05:33.162788+07"
"32.73.21","327321 ","32.73","Bandung Kidul","2024-03-02 20:05:33.162788+07","2024-03-02 20:05:33.162788+07"
"32.73.22","327322 ","32.73","Buahbatu","2024-03-02 20:05:33.162788+07","2024-03-02 20:05:33.162788+07"
"32.73.23","327323 ","32.73","Rancasari","2024-03-02 20:05:33.162788+07","2024-03-02 20:05:33.162788+07"
"32.73.24","327324 ","32.73","Arcamanik","2024-03-02 20:05:33.162788+07","2024-03-02 20:05:33.162788+07"
"32.73.25","327325 ","32.73","Cibiru","2024-03-02 20:05:33.162788+07","2024-03-02 20:05:33.162788+07"
"32.73.26","327326 ","32.73","Ujungberung","2024-03-02 20:05:33.162788+07","2024-03-02 20:05:33.162788+07"
"32.73.27","327327 ","32.73","Gedebage","2024-03-02 20:05:33.162788+07","2024-03-02 20:05:33.162788+07"
"32.73.28","327328 ","32.73","Panyileukan","2024-03-02 20:05:33.162788+07","2024-03-02 20:05:33.162788+07"
"32.73.29","327329 ","32.73","Cinambo","2024-03-02 20:05:33.162788+07","2024-03-02 20:05:33.162788+07"
"32.73.30","327330 ","32.73","Mandalajati","2024-03-02 20:05:33.162788+07","2024-03-02 20:05:33.162788+07"
"32.74.01","327401 ","32.74","Kejaksan","2024-03-02 20:05:33.162788+07","2024-03-02 20:05:33.162788+07"
"32.74.02","327402 ","32.74","Lemah Wungkuk","2024-03-02 20:05:33.162788+07","2024-03-02 20:05:33.162788+07"
"32.74.03","327403 ","32.74","Harjamukti","2024-03-02 20:05:33.162788+07","2024-03-02 20:05:33.162788+07"
"32.74.04","327404 ","32.74","Pekalipan","2024-03-02 20:05:33.162788+07","2024-03-02 20:05:33.162788+07"
"32.74.05","327405 ","32.74","Kesambi","2024-03-02 20:05:33.162788+07","2024-03-02 20:05:33.162788+07"
"32.75.01","327501 ","32.75","Bekasi Timur","2024-03-02 20:05:33.162788+07","2024-03-02 20:05:33.162788+07"
"32.75.02","327502 ","32.75","Bekasi Barat","2024-03-02 20:05:33.162788+07","2024-03-02 20:05:33.162788+07"
"32.75.03","327503 ","32.75","Bekasi Utara","2024-03-02 20:05:33.162788+07","2024-03-02 20:05:33.162788+07"
"32.75.04","327504 ","32.75","Bekasi Selatan","2024-03-02 20:05:33.162788+07","2024-03-02 20:05:33.162788+07"
"32.75.05","327505 ","32.75","Rawalumbu","2024-03-02 20:05:33.162788+07","2024-03-02 20:05:33.162788+07"
"32.75.06","327506 ","32.75","Medansatria","2024-03-02 20:05:33.162788+07","2024-03-02 20:05:33.162788+07"
"32.75.07","327507 ","32.75","Bantargebang","2024-03-02 20:05:33.162788+07","2024-03-02 20:05:33.162788+07"
"32.75.08","327508 ","32.75","Pondokgede","2024-03-02 20:05:33.162788+07","2024-03-02 20:05:33.162788+07"
"32.75.09","327509 ","32.75","Jatiasih","2024-03-02 20:05:33.162788+07","2024-03-02 20:05:33.162788+07"
"32.75.10","327510 ","32.75","Jatisampurna","2024-03-02 20:05:33.162788+07","2024-03-02 20:05:33.162788+07"
"32.75.11","327511 ","32.75","Mustikajaya","2024-03-02 20:05:33.162788+07","2024-03-02 20:05:33.162788+07"
"32.75.12","327512 ","32.75","Pondokmelati","2024-03-02 20:05:33.162788+07","2024-03-02 20:05:33.162788+07"
"32.76.01","327601 ","32.76","Pancoran Mas","2024-03-02 20:05:33.162788+07","2024-03-02 20:05:33.162788+07"
"32.76.02","327602 ","32.76","Cimanggis","2024-03-02 20:05:33.162788+07","2024-03-02 20:05:33.162788+07"
"32.76.03","327603 ","32.76","Sawangan","2024-03-02 20:05:33.162788+07","2024-03-02 20:05:33.162788+07"
"32.76.04","327604 ","32.76","Limo","2024-03-02 20:05:33.162788+07","2024-03-02 20:05:33.162788+07"
"32.76.05","327605 ","32.76","Sukmajaya","2024-03-02 20:05:33.162788+07","2024-03-02 20:05:33.162788+07"
"32.76.06","327606 ","32.76","Beji","2024-03-02 20:05:33.162788+07","2024-03-02 20:05:33.162788+07"
"32.76.07","327607 ","32.76","Cipayung","2024-03-02 20:05:33.162788+07","2024-03-02 20:05:33.162788+07"
"32.76.08","327608 ","32.76","Cilodong","2024-03-02 20:05:33.162788+07","2024-03-02 20:05:33.162788+07"
"32.76.09","327609 ","32.76","Cinere","2024-03-02 20:05:33.162788+07","2024-03-02 20:05:33.162788+07"
"32.76.10","327610 ","32.76","Tapos","2024-03-02 20:05:33.162788+07","2024-03-02 20:05:33.162788+07"
"32.76.11","327611 ","32.76","Bojongsari","2024-03-02 20:05:33.162788+07","2024-03-02 20:05:33.162788+07"
"32.77.01","327701 ","32.77","Cimahi Selatan","2024-03-02 20:05:33.162788+07","2024-03-02 20:05:33.162788+07"
"32.77.02","327702 ","32.77","Cimahi Tengah","2024-03-02 20:05:33.162788+07","2024-03-02 20:05:33.162788+07"
"32.77.03","327703 ","32.77","Cimahi Utara","2024-03-02 20:05:33.162788+07","2024-03-02 20:05:33.162788+07"
"32.78.01","327801 ","32.78","Cihideung","2024-03-02 20:05:33.162788+07","2024-03-02 20:05:33.162788+07"
"32.78.02","327802 ","32.78","Cipedes","2024-03-02 20:05:33.162788+07","2024-03-02 20:05:33.162788+07"
"32.78.03","327803 ","32.78","Tawang","2024-03-02 20:05:33.162788+07","2024-03-02 20:05:33.162788+07"
"32.78.04","327804 ","32.78","Indihiang","2024-03-02 20:05:33.162788+07","2024-03-02 20:05:33.162788+07"
"32.78.05","327805 ","32.78","Kawalu","2024-03-02 20:05:33.162788+07","2024-03-02 20:05:33.162788+07"
"32.78.06","327806 ","32.78","Cibeureum","2024-03-02 20:05:33.162788+07","2024-03-02 20:05:33.162788+07"
"32.78.07","327807 ","32.78","Tamansari","2024-03-02 20:05:33.162788+07","2024-03-02 20:05:33.162788+07"
"32.78.08","327808 ","32.78","Mangkubumi","2024-03-02 20:05:33.162788+07","2024-03-02 20:05:33.162788+07"
"32.78.09","327809 ","32.78","Bungursari","2024-03-02 20:05:33.162788+07","2024-03-02 20:05:33.162788+07"
"32.78.10","327810 ","32.78","Purbaratu","2024-03-02 20:05:33.162788+07","2024-03-02 20:05:33.162788+07"
"32.79.01","327901 ","32.79","Banjar","2024-03-02 20:05:33.162788+07","2024-03-02 20:05:33.162788+07"
"32.79.02","327902 ","32.79","Pataruman","2024-03-02 20:05:33.162788+07","2024-03-02 20:05:33.162788+07"
"32.79.03","327903 ","32.79","Purwaharja","2024-03-02 20:05:33.162788+07","2024-03-02 20:05:33.162788+07"
"32.79.04","327904 ","32.79","Langensari","2024-03-02 20:05:33.162788+07","2024-03-02 20:05:33.162788+07"
"33.01.01","330101 ","33.01","Kedungreja","2024-03-02 20:05:33.162788+07","2024-03-02 20:05:33.162788+07"
"33.01.02","330102 ","33.01","Kesugihan","2024-03-02 20:05:33.162788+07","2024-03-02 20:05:33.162788+07"
"33.01.03","330103 ","33.01","Adipala","2024-03-02 20:05:33.162788+07","2024-03-02 20:05:33.162788+07"
"33.01.04","330104 ","33.01","Binangun","2024-03-02 20:05:33.162788+07","2024-03-02 20:05:33.162788+07"
"33.01.05","330105 ","33.01","Nusawungu","2024-03-02 20:05:33.162788+07","2024-03-02 20:05:33.162788+07"
"33.01.06","330106 ","33.01","Kroya","2024-03-02 20:05:33.162788+07","2024-03-02 20:05:33.162788+07"
"33.01.07","330107 ","33.01","Maos","2024-03-02 20:05:33.162788+07","2024-03-02 20:05:33.162788+07"
"33.01.08","330108 ","33.01","Jeruklegi","2024-03-02 20:05:33.162788+07","2024-03-02 20:05:33.162788+07"
"33.01.09","330109 ","33.01","Kawunganten","2024-03-02 20:05:33.162788+07","2024-03-02 20:05:33.162788+07"
"33.01.10","330110 ","33.01","Gandrungmangu","2024-03-02 20:05:33.162788+07","2024-03-02 20:05:33.162788+07"
"33.01.11","330111 ","33.01","Sidareja","2024-03-02 20:05:33.162788+07","2024-03-02 20:05:33.162788+07"
"33.01.12","330112 ","33.01","Karangpucung","2024-03-02 20:05:33.162788+07","2024-03-02 20:05:33.162788+07"
"33.01.13","330113 ","33.01","Cimanggu","2024-03-02 20:05:33.162788+07","2024-03-02 20:05:33.162788+07"
"33.01.14","330114 ","33.01","Majenang","2024-03-02 20:05:33.162788+07","2024-03-02 20:05:33.162788+07"
"33.01.15","330115 ","33.01","Wanareja","2024-03-02 20:05:33.162788+07","2024-03-02 20:05:33.162788+07"
"33.01.16","330116 ","33.01","Dayeuhluhur","2024-03-02 20:05:33.162788+07","2024-03-02 20:05:33.162788+07"
"33.01.17","330117 ","33.01","Sampang","2024-03-02 20:05:33.162788+07","2024-03-02 20:05:33.162788+07"
"33.01.18","330118 ","33.01","Cipari","2024-03-02 20:05:33.162788+07","2024-03-02 20:05:33.162788+07"
"33.01.19","330119 ","33.01","Patimuan","2024-03-02 20:05:33.162788+07","2024-03-02 20:05:33.162788+07"
"33.01.20","330120 ","33.01","Bantarsari","2024-03-02 20:05:33.162788+07","2024-03-02 20:05:33.162788+07"
"33.01.21","330121 ","33.01","Cilacap Selatan","2024-03-02 20:05:33.162788+07","2024-03-02 20:05:33.162788+07"
"33.01.22","330122 ","33.01","Cilacap Tengah","2024-03-02 20:05:33.162788+07","2024-03-02 20:05:33.162788+07"
"33.01.23","330123 ","33.01","Cilacap Utara","2024-03-02 20:05:33.162788+07","2024-03-02 20:05:33.162788+07"
"33.01.24","330124 ","33.01","Kampung Laut","2024-03-02 20:05:33.162788+07","2024-03-02 20:05:33.162788+07"
"33.02.01","330201 ","33.02","Lumbir","2024-03-02 20:05:33.162788+07","2024-03-02 20:05:33.162788+07"
"33.02.02","330202 ","33.02","Wangon","2024-03-02 20:05:33.162788+07","2024-03-02 20:05:33.162788+07"
"33.02.03","330203 ","33.02","Jatilawang","2024-03-02 20:05:33.162788+07","2024-03-02 20:05:33.162788+07"
"33.02.04","330204 ","33.02","Rawalo","2024-03-02 20:05:33.162788+07","2024-03-02 20:05:33.162788+07"
"33.02.05","330205 ","33.02","Kebasen","2024-03-02 20:05:33.162788+07","2024-03-02 20:05:33.162788+07"
"33.02.06","330206 ","33.02","Kemranjen","2024-03-02 20:05:33.162788+07","2024-03-02 20:05:33.162788+07"
"33.02.07","330207 ","33.02","Sumpiuh","2024-03-02 20:05:33.162788+07","2024-03-02 20:05:33.162788+07"
"33.02.08","330208 ","33.02","Tambak","2024-03-02 20:05:33.162788+07","2024-03-02 20:05:33.162788+07"
"33.02.09","330209 ","33.02","Somagede","2024-03-02 20:05:33.162788+07","2024-03-02 20:05:33.162788+07"
"33.02.10","330210 ","33.02","Kalibagor","2024-03-02 20:05:33.162788+07","2024-03-02 20:05:33.162788+07"
"33.02.11","330211 ","33.02","Banyumas","2024-03-02 20:05:33.162788+07","2024-03-02 20:05:33.162788+07"
"33.02.12","330212 ","33.02","Patikraja","2024-03-02 20:05:33.162788+07","2024-03-02 20:05:33.162788+07"
"33.02.13","330213 ","33.02","Purwojati","2024-03-02 20:05:33.162788+07","2024-03-02 20:05:33.162788+07"
"33.02.14","330214 ","33.02","Ajibarang","2024-03-02 20:05:33.162788+07","2024-03-02 20:05:33.162788+07"
"33.02.15","330215 ","33.02","Gumelar","2024-03-02 20:05:33.162788+07","2024-03-02 20:05:33.162788+07"
"33.02.16","330216 ","33.02","Pekuncen","2024-03-02 20:05:33.162788+07","2024-03-02 20:05:33.162788+07"
"33.02.17","330217 ","33.02","Cilongok","2024-03-02 20:05:33.162788+07","2024-03-02 20:05:33.162788+07"
"33.02.18","330218 ","33.02","Karanglewas","2024-03-02 20:05:33.162788+07","2024-03-02 20:05:33.162788+07"
"33.02.19","330219 ","33.02","Sokaraja","2024-03-02 20:05:33.162788+07","2024-03-02 20:05:33.162788+07"
"33.02.20","330220 ","33.02","Kembaran","2024-03-02 20:05:33.162788+07","2024-03-02 20:05:33.162788+07"
"33.02.21","330221 ","33.02","Sumbang","2024-03-02 20:05:33.162788+07","2024-03-02 20:05:33.162788+07"
"33.02.22","330222 ","33.02","Baturraden","2024-03-02 20:05:33.162788+07","2024-03-02 20:05:33.162788+07"
"33.02.23","330223 ","33.02","Kedungbanteng","2024-03-02 20:05:33.162788+07","2024-03-02 20:05:33.162788+07"
"33.02.24","330224 ","33.02","Purwokerto Selatan","2024-03-02 20:05:33.162788+07","2024-03-02 20:05:33.162788+07"
"33.02.25","330225 ","33.02","Purwokerto Barat","2024-03-02 20:05:33.162788+07","2024-03-02 20:05:33.162788+07"
"33.02.26","330226 ","33.02","Purwokerto Timur","2024-03-02 20:05:33.162788+07","2024-03-02 20:05:33.162788+07"
"33.02.27","330227 ","33.02","Purwokerto Utara","2024-03-02 20:05:33.162788+07","2024-03-02 20:05:33.162788+07"
"33.03.01","330301 ","33.03","Kemangkon","2024-03-02 20:05:33.162788+07","2024-03-02 20:05:33.162788+07"
"33.03.02","330302 ","33.03","Bukateja","2024-03-02 20:05:33.162788+07","2024-03-02 20:05:33.162788+07"
"33.03.03","330303 ","33.03","Kejobong","2024-03-02 20:05:33.162788+07","2024-03-02 20:05:33.162788+07"
"33.03.04","330304 ","33.03","Kaligondang","2024-03-02 20:05:33.162788+07","2024-03-02 20:05:33.162788+07"
"33.03.05","330305 ","33.03","Purbalingga","2024-03-02 20:05:33.162788+07","2024-03-02 20:05:33.162788+07"
"33.03.06","330306 ","33.03","Kalimanah","2024-03-02 20:05:33.162788+07","2024-03-02 20:05:33.162788+07"
"33.03.07","330307 ","33.03","Kutasari","2024-03-02 20:05:33.162788+07","2024-03-02 20:05:33.162788+07"
"33.03.08","330308 ","33.03","Mrebet","2024-03-02 20:05:33.162788+07","2024-03-02 20:05:33.162788+07"
"33.03.09","330309 ","33.03","Bobotsari","2024-03-02 20:05:33.162788+07","2024-03-02 20:05:33.162788+07"
"33.03.10","330310 ","33.03","Karangreja","2024-03-02 20:05:33.162788+07","2024-03-02 20:05:33.162788+07"
"33.03.11","330311 ","33.03","Karanganyar","2024-03-02 20:05:33.162788+07","2024-03-02 20:05:33.162788+07"
"33.03.12","330312 ","33.03","Karangmoncol","2024-03-02 20:05:33.162788+07","2024-03-02 20:05:33.162788+07"
"33.03.13","330313 ","33.03","Rembang","2024-03-02 20:05:33.162788+07","2024-03-02 20:05:33.162788+07"
"33.03.14","330314 ","33.03","Bojongsari","2024-03-02 20:05:33.162788+07","2024-03-02 20:05:33.162788+07"
"33.03.15","330315 ","33.03","Padamara","2024-03-02 20:05:33.162788+07","2024-03-02 20:05:33.162788+07"
"33.03.16","330316 ","33.03","Pengadegan","2024-03-02 20:05:33.162788+07","2024-03-02 20:05:33.162788+07"
"33.03.17","330317 ","33.03","Karangjambu","2024-03-02 20:05:33.162788+07","2024-03-02 20:05:33.162788+07"
"33.03.18","330318 ","33.03","Kertanegara","2024-03-02 20:05:33.162788+07","2024-03-02 20:05:33.162788+07"
"33.04.01","330401 ","33.04","Susukan","2024-03-02 20:05:33.162788+07","2024-03-02 20:05:33.162788+07"
"33.04.02","330402 ","33.04","Purworeja Klampok","2024-03-02 20:05:33.162788+07","2024-03-02 20:05:33.162788+07"
"33.04.03","330403 ","33.04","Mandiraja","2024-03-02 20:05:33.162788+07","2024-03-02 20:05:33.162788+07"
"33.04.04","330404 ","33.04","Purwanegara","2024-03-02 20:05:33.162788+07","2024-03-02 20:05:33.162788+07"
"33.04.05","330405 ","33.04","Bawang","2024-03-02 20:05:33.162788+07","2024-03-02 20:05:33.162788+07"
"33.04.06","330406 ","33.04","Banjarnegara","2024-03-02 20:05:33.162788+07","2024-03-02 20:05:33.162788+07"
"33.04.07","330407 ","33.04","Sigaluh","2024-03-02 20:05:33.162788+07","2024-03-02 20:05:33.162788+07"
"33.04.08","330408 ","33.04","Madukara","2024-03-02 20:05:33.162788+07","2024-03-02 20:05:33.162788+07"
"33.04.09","330409 ","33.04","Banjarmangu","2024-03-02 20:05:33.162788+07","2024-03-02 20:05:33.162788+07"
"33.04.10","330410 ","33.04","Wanadadi","2024-03-02 20:05:33.162788+07","2024-03-02 20:05:33.162788+07"
"33.04.11","330411 ","33.04","Rakit","2024-03-02 20:05:33.162788+07","2024-03-02 20:05:33.162788+07"
"33.04.12","330412 ","33.04","Punggelan","2024-03-02 20:05:33.162788+07","2024-03-02 20:05:33.162788+07"
"33.04.13","330413 ","33.04","Karangkobar","2024-03-02 20:05:33.162788+07","2024-03-02 20:05:33.162788+07"
"33.04.14","330414 ","33.04","Pagentan","2024-03-02 20:05:33.162788+07","2024-03-02 20:05:33.162788+07"
"33.04.15","330415 ","33.04","Pejawaran","2024-03-02 20:05:33.162788+07","2024-03-02 20:05:33.162788+07"
"33.04.16","330416 ","33.04","Batur","2024-03-02 20:05:33.162788+07","2024-03-02 20:05:33.162788+07"
"33.04.17","330417 ","33.04","Wanayasa","2024-03-02 20:05:33.162788+07","2024-03-02 20:05:33.162788+07"
"33.04.18","330418 ","33.04","Kalibening","2024-03-02 20:05:33.162788+07","2024-03-02 20:05:33.162788+07"
"33.04.19","330419 ","33.04","Pandanarum","2024-03-02 20:05:33.162788+07","2024-03-02 20:05:33.162788+07"
"33.04.20","330420 ","33.04","Pagedongan","2024-03-02 20:05:33.162788+07","2024-03-02 20:05:33.162788+07"
"33.05.01","330501 ","33.05","Ayah","2024-03-02 20:05:33.162788+07","2024-03-02 20:05:33.162788+07"
"33.05.02","330502 ","33.05","Buayan","2024-03-02 20:05:33.162788+07","2024-03-02 20:05:33.162788+07"
"33.05.03","330503 ","33.05","Puring","2024-03-02 20:05:33.162788+07","2024-03-02 20:05:33.162788+07"
"33.05.04","330504 ","33.05","Petanahan","2024-03-02 20:05:33.162788+07","2024-03-02 20:05:33.162788+07"
"33.05.05","330505 ","33.05","Klirong","2024-03-02 20:05:33.162788+07","2024-03-02 20:05:33.162788+07"
"33.05.06","330506 ","33.05","Buluspesantren","2024-03-02 20:05:33.162788+07","2024-03-02 20:05:33.162788+07"
"33.05.07","330507 ","33.05","Ambal","2024-03-02 20:05:33.162788+07","2024-03-02 20:05:33.162788+07"
"33.05.08","330508 ","33.05","Mirit","2024-03-02 20:05:33.162788+07","2024-03-02 20:05:33.162788+07"
"33.05.09","330509 ","33.05","Prembun","2024-03-02 20:05:33.162788+07","2024-03-02 20:05:33.162788+07"
"33.05.10","330510 ","33.05","Kutowinangun","2024-03-02 20:05:33.162788+07","2024-03-02 20:05:33.162788+07"
"33.05.11","330511 ","33.05","Alian","2024-03-02 20:05:33.162788+07","2024-03-02 20:05:33.162788+07"
"33.05.12","330512 ","33.05","Kebumen","2024-03-02 20:05:33.162788+07","2024-03-02 20:05:33.162788+07"
"33.05.13","330513 ","33.05","Pejagoan","2024-03-02 20:05:33.162788+07","2024-03-02 20:05:33.162788+07"
"33.05.14","330514 ","33.05","Sruweng","2024-03-02 20:05:33.162788+07","2024-03-02 20:05:33.162788+07"
"33.05.15","330515 ","33.05","Adimulyo","2024-03-02 20:05:33.162788+07","2024-03-02 20:05:33.162788+07"
"33.05.16","330516 ","33.05","Kuwarasan","2024-03-02 20:05:33.162788+07","2024-03-02 20:05:33.162788+07"
"33.05.17","330517 ","33.05","Rowokele","2024-03-02 20:05:33.162788+07","2024-03-02 20:05:33.162788+07"
"33.05.18","330518 ","33.05","Sempor","2024-03-02 20:05:33.162788+07","2024-03-02 20:05:33.162788+07"
"33.05.19","330519 ","33.05","Gombong","2024-03-02 20:05:33.162788+07","2024-03-02 20:05:33.162788+07"
"33.05.20","330520 ","33.05","Karanganyar","2024-03-02 20:05:33.162788+07","2024-03-02 20:05:33.162788+07"
"33.05.21","330521 ","33.05","Karanggayam","2024-03-02 20:05:33.162788+07","2024-03-02 20:05:33.162788+07"
"33.05.22","330522 ","33.05","Sadang","2024-03-02 20:05:33.162788+07","2024-03-02 20:05:33.162788+07"
"33.05.23","330523 ","33.05","Bonorowo","2024-03-02 20:05:33.162788+07","2024-03-02 20:05:33.162788+07"
"33.05.24","330524 ","33.05","Padureso","2024-03-02 20:05:33.162788+07","2024-03-02 20:05:33.162788+07"
"33.05.25","330525 ","33.05","Poncowarno","2024-03-02 20:05:33.162788+07","2024-03-02 20:05:33.162788+07"
"33.05.26","330526 ","33.05","Karangsambung","2024-03-02 20:05:33.162788+07","2024-03-02 20:05:33.162788+07"
"33.06.01","330601 ","33.06","Grabag","2024-03-02 20:05:33.162788+07","2024-03-02 20:05:33.162788+07"
"33.06.02","330602 ","33.06","Ngombol","2024-03-02 20:05:33.162788+07","2024-03-02 20:05:33.162788+07"
"33.06.03","330603 ","33.06","Purwodadi","2024-03-02 20:05:33.162788+07","2024-03-02 20:05:33.162788+07"
"33.06.04","330604 ","33.06","Bagelen","2024-03-02 20:05:33.162788+07","2024-03-02 20:05:33.162788+07"
"33.06.05","330605 ","33.06","Kaligesing","2024-03-02 20:05:33.162788+07","2024-03-02 20:05:33.162788+07"
"33.06.06","330606 ","33.06","Purworejo","2024-03-02 20:05:33.162788+07","2024-03-02 20:05:33.162788+07"
"33.06.07","330607 ","33.06","Banyuurip","2024-03-02 20:05:33.162788+07","2024-03-02 20:05:33.162788+07"
"33.06.08","330608 ","33.06","Bayan","2024-03-02 20:05:33.162788+07","2024-03-02 20:05:33.162788+07"
"33.06.09","330609 ","33.06","Kutoarjo","2024-03-02 20:05:33.162788+07","2024-03-02 20:05:33.162788+07"
"33.06.10","330610 ","33.06","Butuh","2024-03-02 20:05:33.162788+07","2024-03-02 20:05:33.162788+07"
"33.06.11","330611 ","33.06","Pituruh","2024-03-02 20:05:33.162788+07","2024-03-02 20:05:33.162788+07"
"33.06.12","330612 ","33.06","Kemiri","2024-03-02 20:05:33.162788+07","2024-03-02 20:05:33.162788+07"
"33.06.13","330613 ","33.06","Bruno","2024-03-02 20:05:33.162788+07","2024-03-02 20:05:33.162788+07"
"33.06.14","330614 ","33.06","Gebang","2024-03-02 20:05:33.162788+07","2024-03-02 20:05:33.162788+07"
"33.06.15","330615 ","33.06","Loano","2024-03-02 20:05:33.162788+07","2024-03-02 20:05:33.162788+07"
"33.06.16","330616 ","33.06","Bener","2024-03-02 20:05:33.162788+07","2024-03-02 20:05:33.162788+07"
"33.07.01","330701 ","33.07","Wadaslintang","2024-03-02 20:05:33.162788+07","2024-03-02 20:05:33.162788+07"
"33.07.02","330702 ","33.07","Kepil","2024-03-02 20:05:33.162788+07","2024-03-02 20:05:33.162788+07"
"33.07.03","330703 ","33.07","Sapuran","2024-03-02 20:05:33.162788+07","2024-03-02 20:05:33.162788+07"
"33.07.04","330704 ","33.07","Kaliwiro","2024-03-02 20:05:33.162788+07","2024-03-02 20:05:33.162788+07"
"33.07.05","330705 ","33.07","Leksono","2024-03-02 20:05:33.162788+07","2024-03-02 20:05:33.162788+07"
"33.07.06","330706 ","33.07","Selomerto","2024-03-02 20:05:33.162788+07","2024-03-02 20:05:33.162788+07"
"33.07.07","330707 ","33.07","Kalikajar","2024-03-02 20:05:33.162788+07","2024-03-02 20:05:33.162788+07"
"33.07.08","330708 ","33.07","Kertek","2024-03-02 20:05:33.162788+07","2024-03-02 20:05:33.162788+07"
"33.07.09","330709 ","33.07","Wonosobo","2024-03-02 20:05:33.162788+07","2024-03-02 20:05:33.162788+07"
"33.07.10","330710 ","33.07","Watumalang","2024-03-02 20:05:33.162788+07","2024-03-02 20:05:33.162788+07"
"33.07.11","330711 ","33.07","Mojotengah","2024-03-02 20:05:33.162788+07","2024-03-02 20:05:33.162788+07"
"33.07.12","330712 ","33.07","Garung","2024-03-02 20:05:33.162788+07","2024-03-02 20:05:33.162788+07"
"33.07.13","330713 ","33.07","Kejajar","2024-03-02 20:05:33.162788+07","2024-03-02 20:05:33.162788+07"
"33.07.14","330714 ","33.07","Sukoharjo","2024-03-02 20:05:33.162788+07","2024-03-02 20:05:33.162788+07"
"33.07.15","330715 ","33.07","Kalibawang","2024-03-02 20:05:33.162788+07","2024-03-02 20:05:33.162788+07"
"33.08.01","330801 ","33.08","Salaman","2024-03-02 20:05:33.162788+07","2024-03-02 20:05:33.162788+07"
"33.08.02","330802 ","33.08","Borobudur","2024-03-02 20:05:33.162788+07","2024-03-02 20:05:33.162788+07"
"33.08.03","330803 ","33.08","Ngluwar","2024-03-02 20:05:33.162788+07","2024-03-02 20:05:33.162788+07"
"33.08.04","330804 ","33.08","Salam","2024-03-02 20:05:33.162788+07","2024-03-02 20:05:33.162788+07"
"33.08.05","330805 ","33.08","Srumbung","2024-03-02 20:05:33.162788+07","2024-03-02 20:05:33.162788+07"
"33.08.06","330806 ","33.08","Dukun","2024-03-02 20:05:33.162788+07","2024-03-02 20:05:33.162788+07"
"33.08.07","330807 ","33.08","Sawangan","2024-03-02 20:05:33.162788+07","2024-03-02 20:05:33.162788+07"
"33.08.08","330808 ","33.08","Muntilan","2024-03-02 20:05:33.162788+07","2024-03-02 20:05:33.162788+07"
"33.08.09","330809 ","33.08","Mungkid","2024-03-02 20:05:33.162788+07","2024-03-02 20:05:33.162788+07"
"33.08.10","330810 ","33.08","Mertoyudan","2024-03-02 20:05:33.162788+07","2024-03-02 20:05:33.162788+07"
"33.08.11","330811 ","33.08","Tempuran","2024-03-02 20:05:33.162788+07","2024-03-02 20:05:33.162788+07"
"33.08.12","330812 ","33.08","Kajoran","2024-03-02 20:05:33.162788+07","2024-03-02 20:05:33.162788+07"
"33.08.13","330813 ","33.08","Kaliangkrik","2024-03-02 20:05:33.162788+07","2024-03-02 20:05:33.162788+07"
"33.08.14","330814 ","33.08","Bandongan","2024-03-02 20:05:33.162788+07","2024-03-02 20:05:33.162788+07"
"33.08.15","330815 ","33.08","Candimulyo","2024-03-02 20:05:33.162788+07","2024-03-02 20:05:33.162788+07"
"33.08.16","330816 ","33.08","Pakis","2024-03-02 20:05:33.162788+07","2024-03-02 20:05:33.162788+07"
"33.08.17","330817 ","33.08","Ngablak","2024-03-02 20:05:33.162788+07","2024-03-02 20:05:33.162788+07"
"33.08.18","330818 ","33.08","Grabag","2024-03-02 20:05:33.162788+07","2024-03-02 20:05:33.162788+07"
"33.08.19","330819 ","33.08","Tegalrejo","2024-03-02 20:05:33.162788+07","2024-03-02 20:05:33.162788+07"
"33.08.20","330820 ","33.08","Secang","2024-03-02 20:05:33.162788+07","2024-03-02 20:05:33.162788+07"
"33.08.21","330821 ","33.08","Windusari","2024-03-02 20:05:33.162788+07","2024-03-02 20:05:33.162788+07"
"33.09.01","330901 ","33.09","Selo","2024-03-02 20:05:33.162788+07","2024-03-02 20:05:33.162788+07"
"33.09.02","330902 ","33.09","Ampel","2024-03-02 20:05:33.162788+07","2024-03-02 20:05:33.162788+07"
"33.09.03","330903 ","33.09","Cepogo","2024-03-02 20:05:33.162788+07","2024-03-02 20:05:33.162788+07"
"33.09.04","330904 ","33.09","Musuk","2024-03-02 20:05:33.162788+07","2024-03-02 20:05:33.162788+07"
"33.09.05","330905 ","33.09","Boyolali","2024-03-02 20:05:33.162788+07","2024-03-02 20:05:33.162788+07"
"33.09.06","330906 ","33.09","Mojosongo","2024-03-02 20:05:33.162788+07","2024-03-02 20:05:33.162788+07"
"33.09.07","330907 ","33.09","Teras","2024-03-02 20:05:33.162788+07","2024-03-02 20:05:33.162788+07"
"33.09.08","330908 ","33.09","Sawit","2024-03-02 20:05:33.162788+07","2024-03-02 20:05:33.162788+07"
"33.09.09","330909 ","33.09","Banyudono","2024-03-02 20:05:33.162788+07","2024-03-02 20:05:33.162788+07"
"33.09.10","330910 ","33.09","Sambi","2024-03-02 20:05:33.162788+07","2024-03-02 20:05:33.162788+07"
"33.09.11","330911 ","33.09","Ngemplak","2024-03-02 20:05:33.162788+07","2024-03-02 20:05:33.162788+07"
"33.09.12","330912 ","33.09","Nogosari","2024-03-02 20:05:33.162788+07","2024-03-02 20:05:33.162788+07"
"33.09.13","330913 ","33.09","Simo","2024-03-02 20:05:33.162788+07","2024-03-02 20:05:33.162788+07"
"33.09.14","330914 ","33.09","Karanggede","2024-03-02 20:05:33.162788+07","2024-03-02 20:05:33.162788+07"
"33.09.15","330915 ","33.09","Klego","2024-03-02 20:05:33.162788+07","2024-03-02 20:05:33.162788+07"
"33.09.16","330916 ","33.09","Andong","2024-03-02 20:05:33.162788+07","2024-03-02 20:05:33.162788+07"
"33.09.17","330917 ","33.09","Kemusu","2024-03-02 20:05:33.162788+07","2024-03-02 20:05:33.162788+07"
"33.09.18","330918 ","33.09","Wonosegoro","2024-03-02 20:05:33.162788+07","2024-03-02 20:05:33.162788+07"
"33.09.19","330919 ","33.09","Juwangi","2024-03-02 20:05:33.162788+07","2024-03-02 20:05:33.162788+07"
"33.09.20","330920 ","33.09","Gladagsari","2024-03-02 20:05:33.162788+07","2024-03-02 20:05:33.162788+07"
"33.09.21","330921 ","33.09","Tamansari","2024-03-02 20:05:33.162788+07","2024-03-02 20:05:33.162788+07"
"33.09.22","330922 ","33.09","Wonosamodro","2024-03-02 20:05:33.162788+07","2024-03-02 20:05:33.162788+07"
"33.10.01","331001 ","33.10","Prambanan","2024-03-02 20:05:33.162788+07","2024-03-02 20:05:33.162788+07"
"33.10.02","331002 ","33.10","Gantiwarno","2024-03-02 20:05:33.162788+07","2024-03-02 20:05:33.162788+07"
"33.10.03","331003 ","33.10","Wedi","2024-03-02 20:05:33.162788+07","2024-03-02 20:05:33.162788+07"
"33.10.04","331004 ","33.10","Bayat","2024-03-02 20:05:33.162788+07","2024-03-02 20:05:33.162788+07"
"33.10.05","331005 ","33.10","Cawas","2024-03-02 20:05:33.162788+07","2024-03-02 20:05:33.162788+07"
"33.10.06","331006 ","33.10","Trucuk","2024-03-02 20:05:33.162788+07","2024-03-02 20:05:33.162788+07"
"33.10.07","331007 ","33.10","Kebonarum","2024-03-02 20:05:33.162788+07","2024-03-02 20:05:33.162788+07"
"33.10.08","331008 ","33.10","Jogonalan","2024-03-02 20:05:33.162788+07","2024-03-02 20:05:33.162788+07"
"33.10.09","331009 ","33.10","Manisrenggo","2024-03-02 20:05:33.162788+07","2024-03-02 20:05:33.162788+07"
"33.10.10","331010 ","33.10","Karangnongko","2024-03-02 20:05:33.162788+07","2024-03-02 20:05:33.162788+07"
"33.10.11","331011 ","33.10","Ceper","2024-03-02 20:05:33.162788+07","2024-03-02 20:05:33.162788+07"
"33.10.12","331012 ","33.10","Pedan","2024-03-02 20:05:33.162788+07","2024-03-02 20:05:33.162788+07"
"33.10.13","331013 ","33.10","Karangdowo","2024-03-02 20:05:33.162788+07","2024-03-02 20:05:33.162788+07"
"33.10.14","331014 ","33.10","Juwiring","2024-03-02 20:05:33.162788+07","2024-03-02 20:05:33.162788+07"
"33.10.15","331015 ","33.10","Wonosari","2024-03-02 20:05:33.162788+07","2024-03-02 20:05:33.162788+07"
"33.10.16","331016 ","33.10","Delanggu","2024-03-02 20:05:33.162788+07","2024-03-02 20:05:33.162788+07"
"33.10.17","331017 ","33.10","Polanharjo","2024-03-02 20:05:33.162788+07","2024-03-02 20:05:33.162788+07"
"33.10.18","331018 ","33.10","Karanganom","2024-03-02 20:05:33.162788+07","2024-03-02 20:05:33.162788+07"
"33.10.19","331019 ","33.10","Tulung","2024-03-02 20:05:33.162788+07","2024-03-02 20:05:33.162788+07"
"33.10.20","331020 ","33.10","Jatinom","2024-03-02 20:05:33.162788+07","2024-03-02 20:05:33.162788+07"
"33.10.21","331021 ","33.10","Kemalang","2024-03-02 20:05:33.162788+07","2024-03-02 20:05:33.162788+07"
"33.10.22","331022 ","33.10","Ngawen","2024-03-02 20:05:33.162788+07","2024-03-02 20:05:33.162788+07"
"33.10.23","331023 ","33.10","Kalikotes","2024-03-02 20:05:33.162788+07","2024-03-02 20:05:33.162788+07"
"33.10.24","331024 ","33.10","Klaten Utara","2024-03-02 20:05:33.162788+07","2024-03-02 20:05:33.162788+07"
"33.10.25","331025 ","33.10","Klaten Tengah","2024-03-02 20:05:33.162788+07","2024-03-02 20:05:33.162788+07"
"33.10.26","331026 ","33.10","Klaten Selatan","2024-03-02 20:05:33.162788+07","2024-03-02 20:05:33.162788+07"
"33.11.01","331101 ","33.11","Weru","2024-03-02 20:05:33.162788+07","2024-03-02 20:05:33.162788+07"
"33.11.02","331102 ","33.11","Bulu","2024-03-02 20:05:33.162788+07","2024-03-02 20:05:33.162788+07"
"33.11.03","331103 ","33.11","Tawangsari","2024-03-02 20:05:33.162788+07","2024-03-02 20:05:33.162788+07"
"33.11.04","331104 ","33.11","Sukoharjo","2024-03-02 20:05:33.162788+07","2024-03-02 20:05:33.162788+07"
"33.11.05","331105 ","33.11","Nguter","2024-03-02 20:05:33.162788+07","2024-03-02 20:05:33.162788+07"
"33.11.06","331106 ","33.11","Bendosari","2024-03-02 20:05:33.162788+07","2024-03-02 20:05:33.162788+07"
"33.11.07","331107 ","33.11","Polokarto","2024-03-02 20:05:33.162788+07","2024-03-02 20:05:33.162788+07"
"33.11.08","331108 ","33.11","Mojolaban","2024-03-02 20:05:33.162788+07","2024-03-02 20:05:33.162788+07"
"33.11.09","331109 ","33.11","Grogol","2024-03-02 20:05:33.162788+07","2024-03-02 20:05:33.162788+07"
"33.11.10","331110 ","33.11","Baki","2024-03-02 20:05:33.162788+07","2024-03-02 20:05:33.162788+07"
"33.11.11","331111 ","33.11","Gatak","2024-03-02 20:05:33.162788+07","2024-03-02 20:05:33.162788+07"
"33.11.12","331112 ","33.11","Kartasura","2024-03-02 20:05:33.162788+07","2024-03-02 20:05:33.162788+07"
"33.12.01","331201 ","33.12","Pracimantoro","2024-03-02 20:05:33.162788+07","2024-03-02 20:05:33.162788+07"
"33.12.02","331202 ","33.12","Giritontro","2024-03-02 20:05:33.162788+07","2024-03-02 20:05:33.162788+07"
"33.12.03","331203 ","33.12","Giriwoyo","2024-03-02 20:05:33.162788+07","2024-03-02 20:05:33.162788+07"
"33.12.04","331204 ","33.12","Batuwarno","2024-03-02 20:05:33.162788+07","2024-03-02 20:05:33.162788+07"
"33.12.05","331205 ","33.12","Tirtomoyo","2024-03-02 20:05:33.162788+07","2024-03-02 20:05:33.162788+07"
"33.12.06","331206 ","33.12","Nguntoronadi","2024-03-02 20:05:33.162788+07","2024-03-02 20:05:33.162788+07"
"33.12.07","331207 ","33.12","Baturetno","2024-03-02 20:05:33.162788+07","2024-03-02 20:05:33.162788+07"
"33.12.08","331208 ","33.12","Eromoko","2024-03-02 20:05:33.162788+07","2024-03-02 20:05:33.162788+07"
"33.12.09","331209 ","33.12","Wuryantoro","2024-03-02 20:05:33.162788+07","2024-03-02 20:05:33.162788+07"
"33.12.10","331210 ","33.12","Manyaran","2024-03-02 20:05:33.162788+07","2024-03-02 20:05:33.162788+07"
"33.12.11","331211 ","33.12","Selogiri","2024-03-02 20:05:33.162788+07","2024-03-02 20:05:33.162788+07"
"33.12.12","331212 ","33.12","Wonogiri","2024-03-02 20:05:33.162788+07","2024-03-02 20:05:33.162788+07"
"33.12.13","331213 ","33.12","Ngadirojo","2024-03-02 20:05:33.162788+07","2024-03-02 20:05:33.162788+07"
"33.12.14","331214 ","33.12","Sidoharjo","2024-03-02 20:05:33.162788+07","2024-03-02 20:05:33.162788+07"
"33.12.15","331215 ","33.12","Jatiroto","2024-03-02 20:05:33.162788+07","2024-03-02 20:05:33.162788+07"
"33.12.16","331216 ","33.12","Kismantoro","2024-03-02 20:05:33.162788+07","2024-03-02 20:05:33.162788+07"
"33.12.17","331217 ","33.12","Purwantoro","2024-03-02 20:05:33.162788+07","2024-03-02 20:05:33.162788+07"
"33.12.18","331218 ","33.12","Bulukerto","2024-03-02 20:05:33.162788+07","2024-03-02 20:05:33.162788+07"
"33.12.19","331219 ","33.12","Slogohimo","2024-03-02 20:05:33.162788+07","2024-03-02 20:05:33.162788+07"
"33.12.20","331220 ","33.12","Jatisrono","2024-03-02 20:05:33.162788+07","2024-03-02 20:05:33.162788+07"
"33.12.21","331221 ","33.12","Jatipurno","2024-03-02 20:05:33.162788+07","2024-03-02 20:05:33.162788+07"
"33.12.22","331222 ","33.12","Girimarto","2024-03-02 20:05:33.162788+07","2024-03-02 20:05:33.162788+07"
"33.12.23","331223 ","33.12","Karangtengah","2024-03-02 20:05:33.162788+07","2024-03-02 20:05:33.162788+07"
"33.12.24","331224 ","33.12","Paranggupito","2024-03-02 20:05:33.162788+07","2024-03-02 20:05:33.162788+07"
"33.12.25","331225 ","33.12","Puhpelem","2024-03-02 20:05:33.162788+07","2024-03-02 20:05:33.162788+07"
"33.13.01","331301 ","33.13","Jatipuro","2024-03-02 20:05:33.162788+07","2024-03-02 20:05:33.162788+07"
"33.13.02","331302 ","33.13","Jatiyoso","2024-03-02 20:05:33.162788+07","2024-03-02 20:05:33.162788+07"
"33.13.03","331303 ","33.13","Jumapolo","2024-03-02 20:05:33.162788+07","2024-03-02 20:05:33.162788+07"
"33.13.04","331304 ","33.13","Jumantono","2024-03-02 20:05:33.162788+07","2024-03-02 20:05:33.162788+07"
"33.13.05","331305 ","33.13","Matesih","2024-03-02 20:05:33.162788+07","2024-03-02 20:05:33.162788+07"
"33.13.06","331306 ","33.13","Tawangmangu","2024-03-02 20:05:33.162788+07","2024-03-02 20:05:33.162788+07"
"33.13.07","331307 ","33.13","Ngargoyoso","2024-03-02 20:05:33.162788+07","2024-03-02 20:05:33.162788+07"
"33.13.08","331308 ","33.13","Karangpandan","2024-03-02 20:05:33.162788+07","2024-03-02 20:05:33.162788+07"
"33.13.09","331309 ","33.13","Karanganyar","2024-03-02 20:05:33.162788+07","2024-03-02 20:05:33.162788+07"
"33.13.10","331310 ","33.13","Tasikmadu","2024-03-02 20:05:33.162788+07","2024-03-02 20:05:33.162788+07"
"33.13.11","331311 ","33.13","Jaten","2024-03-02 20:05:33.162788+07","2024-03-02 20:05:33.162788+07"
"33.13.12","331312 ","33.13","Colomadu","2024-03-02 20:05:33.162788+07","2024-03-02 20:05:33.162788+07"
"33.13.13","331313 ","33.13","Gondangrejo","2024-03-02 20:05:33.162788+07","2024-03-02 20:05:33.162788+07"
"33.13.14","331314 ","33.13","Kebakkramat","2024-03-02 20:05:33.162788+07","2024-03-02 20:05:33.162788+07"
"33.13.15","331315 ","33.13","Mojogedang","2024-03-02 20:05:33.162788+07","2024-03-02 20:05:33.162788+07"
"33.13.16","331316 ","33.13","Kerjo","2024-03-02 20:05:33.162788+07","2024-03-02 20:05:33.162788+07"
"33.13.17","331317 ","33.13","Jenawi","2024-03-02 20:05:33.162788+07","2024-03-02 20:05:33.162788+07"
"33.14.01","331401 ","33.14","Kalijambe","2024-03-02 20:05:33.162788+07","2024-03-02 20:05:33.162788+07"
"33.14.02","331402 ","33.14","Plupuh","2024-03-02 20:05:33.162788+07","2024-03-02 20:05:33.162788+07"
"33.14.03","331403 ","33.14","Masaran","2024-03-02 20:05:33.162788+07","2024-03-02 20:05:33.162788+07"
"33.14.04","331404 ","33.14","Kedawung","2024-03-02 20:05:33.162788+07","2024-03-02 20:05:33.162788+07"
"33.14.05","331405 ","33.14","Sambirejo","2024-03-02 20:05:33.162788+07","2024-03-02 20:05:33.162788+07"
"33.14.06","331406 ","33.14","Gondang","2024-03-02 20:05:33.162788+07","2024-03-02 20:05:33.162788+07"
"33.14.07","331407 ","33.14","Sambungmacan","2024-03-02 20:05:33.162788+07","2024-03-02 20:05:33.162788+07"
"33.14.08","331408 ","33.14","Ngrampal","2024-03-02 20:05:33.162788+07","2024-03-02 20:05:33.162788+07"
"33.14.09","331409 ","33.14","Karangmalang","2024-03-02 20:05:33.162788+07","2024-03-02 20:05:33.162788+07"
"33.14.10","331410 ","33.14","Sragen","2024-03-02 20:05:33.162788+07","2024-03-02 20:05:33.162788+07"
"33.14.11","331411 ","33.14","Sidoharjo","2024-03-02 20:05:33.162788+07","2024-03-02 20:05:33.162788+07"
"33.14.12","331412 ","33.14","Tanon","2024-03-02 20:05:33.162788+07","2024-03-02 20:05:33.162788+07"
"33.14.13","331413 ","33.14","Gemolong","2024-03-02 20:05:33.162788+07","2024-03-02 20:05:33.162788+07"
"33.14.14","331414 ","33.14","Miri","2024-03-02 20:05:33.162788+07","2024-03-02 20:05:33.162788+07"
"33.14.15","331415 ","33.14","Sumberlawang","2024-03-02 20:05:33.162788+07","2024-03-02 20:05:33.162788+07"
"33.14.16","331416 ","33.14","Mondokan","2024-03-02 20:05:33.162788+07","2024-03-02 20:05:33.162788+07"
"33.14.17","331417 ","33.14","Sukodono","2024-03-02 20:05:33.162788+07","2024-03-02 20:05:33.162788+07"
"33.14.18","331418 ","33.14","Gesi","2024-03-02 20:05:33.162788+07","2024-03-02 20:05:33.162788+07"
"33.14.19","331419 ","33.14","Tangen","2024-03-02 20:05:33.162788+07","2024-03-02 20:05:33.162788+07"
"33.14.20","331420 ","33.14","Jenar","2024-03-02 20:05:33.162788+07","2024-03-02 20:05:33.162788+07"
"33.15.01","331501 ","33.15","Kedungjati","2024-03-02 20:05:33.162788+07","2024-03-02 20:05:33.162788+07"
"33.15.02","331502 ","33.15","Karangrayung","2024-03-02 20:05:33.162788+07","2024-03-02 20:05:33.162788+07"
"33.15.03","331503 ","33.15","Penawangan","2024-03-02 20:05:33.162788+07","2024-03-02 20:05:33.162788+07"
"33.15.04","331504 ","33.15","Toroh","2024-03-02 20:05:33.162788+07","2024-03-02 20:05:33.162788+07"
"33.15.05","331505 ","33.15","Geyer","2024-03-02 20:05:33.162788+07","2024-03-02 20:05:33.162788+07"
"33.15.06","331506 ","33.15","Pulokulon","2024-03-02 20:05:33.162788+07","2024-03-02 20:05:33.162788+07"
"33.15.07","331507 ","33.15","Kradenan","2024-03-02 20:05:33.162788+07","2024-03-02 20:05:33.162788+07"
"33.15.08","331508 ","33.15","Gabus","2024-03-02 20:05:33.162788+07","2024-03-02 20:05:33.162788+07"
"33.15.09","331509 ","33.15","Ngaringan","2024-03-02 20:05:33.162788+07","2024-03-02 20:05:33.162788+07"
"33.15.10","331510 ","33.15","Wirosari","2024-03-02 20:05:33.162788+07","2024-03-02 20:05:33.162788+07"
"33.15.11","331511 ","33.15","Tawangharjo","2024-03-02 20:05:33.162788+07","2024-03-02 20:05:33.162788+07"
"33.15.12","331512 ","33.15","Grobogan","2024-03-02 20:05:33.162788+07","2024-03-02 20:05:33.162788+07"
"33.15.13","331513 ","33.15","Purwodadi","2024-03-02 20:05:33.162788+07","2024-03-02 20:05:33.162788+07"
"33.15.14","331514 ","33.15","Brati","2024-03-02 20:05:33.162788+07","2024-03-02 20:05:33.162788+07"
"33.15.15","331515 ","33.15","Klambu","2024-03-02 20:05:33.162788+07","2024-03-02 20:05:33.162788+07"
"33.15.16","331516 ","33.15","Godong","2024-03-02 20:05:33.162788+07","2024-03-02 20:05:33.162788+07"
"33.15.17","331517 ","33.15","Gubug","2024-03-02 20:05:33.162788+07","2024-03-02 20:05:33.162788+07"
"33.15.18","331518 ","33.15","Tegowanu","2024-03-02 20:05:33.162788+07","2024-03-02 20:05:33.162788+07"
"33.15.19","331519 ","33.15","Tanggungharjo","2024-03-02 20:05:33.162788+07","2024-03-02 20:05:33.162788+07"
"33.16.01","331601 ","33.16","Jati","2024-03-02 20:05:33.162788+07","2024-03-02 20:05:33.162788+07"
"33.16.02","331602 ","33.16","Randublatung","2024-03-02 20:05:33.162788+07","2024-03-02 20:05:33.162788+07"
"33.16.03","331603 ","33.16","Kradenan","2024-03-02 20:05:33.162788+07","2024-03-02 20:05:33.162788+07"
"33.16.04","331604 ","33.16","Kedungtuban","2024-03-02 20:05:33.162788+07","2024-03-02 20:05:33.162788+07"
"33.16.05","331605 ","33.16","Cepu","2024-03-02 20:05:33.162788+07","2024-03-02 20:05:33.162788+07"
"33.16.06","331606 ","33.16","Sambong","2024-03-02 20:05:33.162788+07","2024-03-02 20:05:33.162788+07"
"33.16.07","331607 ","33.16","Jiken","2024-03-02 20:05:33.162788+07","2024-03-02 20:05:33.162788+07"
"33.16.08","331608 ","33.16","Jepon","2024-03-02 20:05:33.162788+07","2024-03-02 20:05:33.162788+07"
"33.16.09","331609 ","33.16","Blora","2024-03-02 20:05:33.162788+07","2024-03-02 20:05:33.162788+07"
"33.16.10","331610 ","33.16","Tunjungan","2024-03-02 20:05:33.162788+07","2024-03-02 20:05:33.162788+07"
"33.16.11","331611 ","33.16","Banjarejo","2024-03-02 20:05:33.162788+07","2024-03-02 20:05:33.162788+07"
"33.16.12","331612 ","33.16","Ngawen","2024-03-02 20:05:33.162788+07","2024-03-02 20:05:33.162788+07"
"33.16.13","331613 ","33.16","Kunduran","2024-03-02 20:05:33.162788+07","2024-03-02 20:05:33.162788+07"
"33.16.14","331614 ","33.16","Todanan","2024-03-02 20:05:33.162788+07","2024-03-02 20:05:33.162788+07"
"33.16.15","331615 ","33.16","Bogorejo","2024-03-02 20:05:33.162788+07","2024-03-02 20:05:33.162788+07"
"33.16.16","331616 ","33.16","Japah","2024-03-02 20:05:33.162788+07","2024-03-02 20:05:33.162788+07"
"33.17.01","331701 ","33.17","Sumber","2024-03-02 20:05:33.162788+07","2024-03-02 20:05:33.162788+07"
"33.17.02","331702 ","33.17","Bulu","2024-03-02 20:05:33.162788+07","2024-03-02 20:05:33.162788+07"
"33.17.03","331703 ","33.17","Gunem","2024-03-02 20:05:33.162788+07","2024-03-02 20:05:33.162788+07"
"33.17.04","331704 ","33.17","Sale","2024-03-02 20:05:33.162788+07","2024-03-02 20:05:33.162788+07"
"33.17.05","331705 ","33.17","Sarang","2024-03-02 20:05:33.162788+07","2024-03-02 20:05:33.162788+07"
"33.17.06","331706 ","33.17","Sedan","2024-03-02 20:05:33.162788+07","2024-03-02 20:05:33.162788+07"
"33.17.07","331707 ","33.17","Pamotan","2024-03-02 20:05:33.162788+07","2024-03-02 20:05:33.162788+07"
"33.17.08","331708 ","33.17","Sulang","2024-03-02 20:05:33.162788+07","2024-03-02 20:05:33.162788+07"
"33.17.09","331709 ","33.17","Kaliori","2024-03-02 20:05:33.162788+07","2024-03-02 20:05:33.162788+07"
"33.17.10","331710 ","33.17","Rembang","2024-03-02 20:05:33.162788+07","2024-03-02 20:05:33.162788+07"
"33.17.11","331711 ","33.17","Pancur","2024-03-02 20:05:33.162788+07","2024-03-02 20:05:33.162788+07"
"33.17.12","331712 ","33.17","Kragan","2024-03-02 20:05:33.162788+07","2024-03-02 20:05:33.162788+07"
"33.17.13","331713 ","33.17","Sluke","2024-03-02 20:05:33.162788+07","2024-03-02 20:05:33.162788+07"
"33.17.14","331714 ","33.17","Lasem","2024-03-02 20:05:33.162788+07","2024-03-02 20:05:33.162788+07"
"33.18.01","331801 ","33.18","Sukolilo","2024-03-02 20:05:33.162788+07","2024-03-02 20:05:33.162788+07"
"33.18.02","331802 ","33.18","Kayen","2024-03-02 20:05:33.162788+07","2024-03-02 20:05:33.162788+07"
"33.18.03","331803 ","33.18","Tambakromo","2024-03-02 20:05:33.162788+07","2024-03-02 20:05:33.162788+07"
"33.18.04","331804 ","33.18","Winong","2024-03-02 20:05:33.162788+07","2024-03-02 20:05:33.162788+07"
"33.18.05","331805 ","33.18","Pucakwangi","2024-03-02 20:05:33.162788+07","2024-03-02 20:05:33.162788+07"
"33.18.06","331806 ","33.18","Jaken","2024-03-02 20:05:33.162788+07","2024-03-02 20:05:33.162788+07"
"33.18.07","331807 ","33.18","Batangan","2024-03-02 20:05:33.162788+07","2024-03-02 20:05:33.162788+07"
"33.18.08","331808 ","33.18","Juwana","2024-03-02 20:05:33.162788+07","2024-03-02 20:05:33.162788+07"
"33.18.09","331809 ","33.18","Jakenan","2024-03-02 20:05:33.162788+07","2024-03-02 20:05:33.162788+07"
"33.18.10","331810 ","33.18","Pati","2024-03-02 20:05:33.162788+07","2024-03-02 20:05:33.162788+07"
"33.18.11","331811 ","33.18","Gabus","2024-03-02 20:05:33.162788+07","2024-03-02 20:05:33.162788+07"
"33.18.12","331812 ","33.18","Margorejo","2024-03-02 20:05:33.162788+07","2024-03-02 20:05:33.162788+07"
"33.18.13","331813 ","33.18","Gembong","2024-03-02 20:05:33.162788+07","2024-03-02 20:05:33.162788+07"
"33.18.14","331814 ","33.18","Tlogowungu","2024-03-02 20:05:33.162788+07","2024-03-02 20:05:33.162788+07"
"33.18.15","331815 ","33.18","Wedarijaksa","2024-03-02 20:05:33.162788+07","2024-03-02 20:05:33.162788+07"
"33.18.16","331816 ","33.18","Margoyoso","2024-03-02 20:05:33.162788+07","2024-03-02 20:05:33.162788+07"
"33.18.17","331817 ","33.18","Gunungwungkal","2024-03-02 20:05:33.162788+07","2024-03-02 20:05:33.162788+07"
"33.18.18","331818 ","33.18","Cluwak","2024-03-02 20:05:33.162788+07","2024-03-02 20:05:33.162788+07"
"33.18.19","331819 ","33.18","Tayu","2024-03-02 20:05:33.162788+07","2024-03-02 20:05:33.162788+07"
"33.18.20","331820 ","33.18","Dukuhseti","2024-03-02 20:05:33.162788+07","2024-03-02 20:05:33.162788+07"
"33.18.21","331821 ","33.18","Trangkil","2024-03-02 20:05:33.162788+07","2024-03-02 20:05:33.162788+07"
"33.19.01","331901 ","33.19","Kaliwungu","2024-03-02 20:05:33.162788+07","2024-03-02 20:05:33.162788+07"
"33.19.02","331902 ","33.19","Kota Kudus","2024-03-02 20:05:33.162788+07","2024-03-02 20:05:33.162788+07"
"33.19.03","331903 ","33.19","Jati","2024-03-02 20:05:33.162788+07","2024-03-02 20:05:33.162788+07"
"33.19.04","331904 ","33.19","Undaan","2024-03-02 20:05:33.162788+07","2024-03-02 20:05:33.162788+07"
"33.19.05","331905 ","33.19","Mejobo","2024-03-02 20:05:33.162788+07","2024-03-02 20:05:33.162788+07"
"33.19.06","331906 ","33.19","Jekulo","2024-03-02 20:05:33.162788+07","2024-03-02 20:05:33.162788+07"
"33.19.07","331907 ","33.19","Bae","2024-03-02 20:05:33.162788+07","2024-03-02 20:05:33.162788+07"
"33.19.08","331908 ","33.19","Gebog","2024-03-02 20:05:33.162788+07","2024-03-02 20:05:33.162788+07"
"33.19.09","331909 ","33.19","Dawe","2024-03-02 20:05:33.162788+07","2024-03-02 20:05:33.162788+07"
"33.20.01","332001 ","33.20","Kedung","2024-03-02 20:05:33.162788+07","2024-03-02 20:05:33.162788+07"
"33.20.02","332002 ","33.20","Pecangaan","2024-03-02 20:05:33.162788+07","2024-03-02 20:05:33.162788+07"
"33.20.03","332003 ","33.20","Welahan","2024-03-02 20:05:33.162788+07","2024-03-02 20:05:33.162788+07"
"33.20.04","332004 ","33.20","Mayong","2024-03-02 20:05:33.162788+07","2024-03-02 20:05:33.162788+07"
"33.20.05","332005 ","33.20","Batealit","2024-03-02 20:05:33.162788+07","2024-03-02 20:05:33.162788+07"
"33.20.06","332006 ","33.20","Jepara","2024-03-02 20:05:33.162788+07","2024-03-02 20:05:33.162788+07"
"33.20.07","332007 ","33.20","Mlonggo","2024-03-02 20:05:33.162788+07","2024-03-02 20:05:33.162788+07"
"33.20.08","332008 ","33.20","Bangsri","2024-03-02 20:05:33.162788+07","2024-03-02 20:05:33.162788+07"
"33.20.09","332009 ","33.20","Keling","2024-03-02 20:05:33.162788+07","2024-03-02 20:05:33.162788+07"
"33.20.10","332010 ","33.20","Karimun Jawa","2024-03-02 20:05:33.162788+07","2024-03-02 20:05:33.162788+07"
"33.20.11","332011 ","33.20","Tahunan","2024-03-02 20:05:33.162788+07","2024-03-02 20:05:33.162788+07"
"33.20.12","332012 ","33.20","Nalumsari","2024-03-02 20:05:33.162788+07","2024-03-02 20:05:33.162788+07"
"33.20.13","332013 ","33.20","Kalinyamatan","2024-03-02 20:05:33.162788+07","2024-03-02 20:05:33.162788+07"
"33.20.14","332014 ","33.20","Kembang","2024-03-02 20:05:33.162788+07","2024-03-02 20:05:33.162788+07"
"33.20.15","332015 ","33.20","Pakis Aji","2024-03-02 20:05:33.162788+07","2024-03-02 20:05:33.162788+07"
"33.20.16","332016 ","33.20","Donorojo","2024-03-02 20:05:33.162788+07","2024-03-02 20:05:33.162788+07"
"33.21.01","332101 ","33.21","Mranggen","2024-03-02 20:05:33.162788+07","2024-03-02 20:05:33.162788+07"
"33.21.02","332102 ","33.21","Karangawen","2024-03-02 20:05:33.162788+07","2024-03-02 20:05:33.162788+07"
"33.21.03","332103 ","33.21","Guntur","2024-03-02 20:05:33.162788+07","2024-03-02 20:05:33.162788+07"
"33.21.04","332104 ","33.21","Sayung","2024-03-02 20:05:33.162788+07","2024-03-02 20:05:33.162788+07"
"33.21.05","332105 ","33.21","Karangtengah","2024-03-02 20:05:33.162788+07","2024-03-02 20:05:33.162788+07"
"33.21.06","332106 ","33.21","Wonosalam","2024-03-02 20:05:33.162788+07","2024-03-02 20:05:33.162788+07"
"33.21.07","332107 ","33.21","Dempet","2024-03-02 20:05:33.162788+07","2024-03-02 20:05:33.162788+07"
"33.21.08","332108 ","33.21","Gajah","2024-03-02 20:05:33.162788+07","2024-03-02 20:05:33.162788+07"
"33.21.09","332109 ","33.21","Karanganyar","2024-03-02 20:05:33.162788+07","2024-03-02 20:05:33.162788+07"
"33.21.10","332110 ","33.21","Mijen","2024-03-02 20:05:33.162788+07","2024-03-02 20:05:33.162788+07"
"33.21.11","332111 ","33.21","Demak","2024-03-02 20:05:33.162788+07","2024-03-02 20:05:33.162788+07"
"33.21.12","332112 ","33.21","Bonang","2024-03-02 20:05:33.162788+07","2024-03-02 20:05:33.162788+07"
"33.21.13","332113 ","33.21","Wedung","2024-03-02 20:05:33.162788+07","2024-03-02 20:05:33.162788+07"
"33.21.14","332114 ","33.21","Kebonagung","2024-03-02 20:05:33.162788+07","2024-03-02 20:05:33.162788+07"
"33.22.01","332201 ","33.22","Getasan","2024-03-02 20:05:33.162788+07","2024-03-02 20:05:33.162788+07"
"33.22.02","332202 ","33.22","Tengaran","2024-03-02 20:05:33.162788+07","2024-03-02 20:05:33.162788+07"
"33.22.03","332203 ","33.22","Susukan","2024-03-02 20:05:33.162788+07","2024-03-02 20:05:33.162788+07"
"33.22.04","332204 ","33.22","Suruh","2024-03-02 20:05:33.162788+07","2024-03-02 20:05:33.162788+07"
"33.22.05","332205 ","33.22","Pabelan","2024-03-02 20:05:33.162788+07","2024-03-02 20:05:33.162788+07"
"33.22.06","332206 ","33.22","Tuntang","2024-03-02 20:05:33.162788+07","2024-03-02 20:05:33.162788+07"
"33.22.07","332207 ","33.22","Banyubiru","2024-03-02 20:05:33.162788+07","2024-03-02 20:05:33.162788+07"
"33.22.08","332208 ","33.22","Jambu","2024-03-02 20:05:33.162788+07","2024-03-02 20:05:33.162788+07"
"33.22.09","332209 ","33.22","Sumowono","2024-03-02 20:05:33.162788+07","2024-03-02 20:05:33.162788+07"
"33.22.10","332210 ","33.22","Ambarawa","2024-03-02 20:05:33.162788+07","2024-03-02 20:05:33.162788+07"
"33.22.11","332211 ","33.22","Bawen","2024-03-02 20:05:33.162788+07","2024-03-02 20:05:33.162788+07"
"33.22.12","332212 ","33.22","Bringin","2024-03-02 20:05:33.162788+07","2024-03-02 20:05:33.162788+07"
"33.22.13","332213 ","33.22","Bergas","2024-03-02 20:05:33.162788+07","2024-03-02 20:05:33.162788+07"
"33.22.15","332215 ","33.22","Pringapus","2024-03-02 20:05:33.162788+07","2024-03-02 20:05:33.162788+07"
"33.22.16","332216 ","33.22","Bancak","2024-03-02 20:05:33.162788+07","2024-03-02 20:05:33.162788+07"
"33.22.17","332217 ","33.22","Kaliwungu","2024-03-02 20:05:33.162788+07","2024-03-02 20:05:33.162788+07"
"33.22.18","332218 ","33.22","Ungaran Barat","2024-03-02 20:05:33.162788+07","2024-03-02 20:05:33.162788+07"
"33.22.19","332219 ","33.22","Ungaran Timur","2024-03-02 20:05:33.162788+07","2024-03-02 20:05:33.162788+07"
"33.22.20","332220 ","33.22","Bandungan","2024-03-02 20:05:33.162788+07","2024-03-02 20:05:33.162788+07"
"33.23.01","332301 ","33.23","Bulu","2024-03-02 20:05:33.162788+07","2024-03-02 20:05:33.162788+07"
"33.23.02","332302 ","33.23","Tembarak","2024-03-02 20:05:33.162788+07","2024-03-02 20:05:33.162788+07"
"33.23.03","332303 ","33.23","Temanggung","2024-03-02 20:05:33.162788+07","2024-03-02 20:05:33.162788+07"
"33.23.04","332304 ","33.23","Pringsurat","2024-03-02 20:05:33.162788+07","2024-03-02 20:05:33.162788+07"
"33.23.05","332305 ","33.23","Kaloran","2024-03-02 20:05:33.162788+07","2024-03-02 20:05:33.162788+07"
"33.23.06","332306 ","33.23","Kandangan","2024-03-02 20:05:33.162788+07","2024-03-02 20:05:33.162788+07"
"33.23.07","332307 ","33.23","Kedu","2024-03-02 20:05:33.162788+07","2024-03-02 20:05:33.162788+07"
"33.23.08","332308 ","33.23","Parakan","2024-03-02 20:05:33.162788+07","2024-03-02 20:05:33.162788+07"
"33.23.09","332309 ","33.23","Ngadirejo","2024-03-02 20:05:33.162788+07","2024-03-02 20:05:33.162788+07"
"33.23.10","332310 ","33.23","Jumo","2024-03-02 20:05:33.162788+07","2024-03-02 20:05:33.162788+07"
"33.23.11","332311 ","33.23","Tretep","2024-03-02 20:05:33.162788+07","2024-03-02 20:05:33.162788+07"
"33.23.12","332312 ","33.23","Candiroto","2024-03-02 20:05:33.162788+07","2024-03-02 20:05:33.162788+07"
"33.23.13","332313 ","33.23","Kranggan","2024-03-02 20:05:33.162788+07","2024-03-02 20:05:33.162788+07"
"33.23.14","332314 ","33.23","Tlogomulyo","2024-03-02 20:05:33.162788+07","2024-03-02 20:05:33.162788+07"
"33.23.15","332315 ","33.23","Selopampang","2024-03-02 20:05:33.162788+07","2024-03-02 20:05:33.162788+07"
"33.23.16","332316 ","33.23","Bansari","2024-03-02 20:05:33.162788+07","2024-03-02 20:05:33.162788+07"
"33.23.17","332317 ","33.23","Kledung","2024-03-02 20:05:33.162788+07","2024-03-02 20:05:33.162788+07"
"33.23.18","332318 ","33.23","Bejen","2024-03-02 20:05:33.162788+07","2024-03-02 20:05:33.162788+07"
"33.23.19","332319 ","33.23","Wonoboyo","2024-03-02 20:05:33.162788+07","2024-03-02 20:05:33.162788+07"
"33.23.20","332320 ","33.23","Gemawang","2024-03-02 20:05:33.162788+07","2024-03-02 20:05:33.162788+07"
"33.24.01","332401 ","33.24","Plantungan","2024-03-02 20:05:33.162788+07","2024-03-02 20:05:33.162788+07"
"33.24.02","332402 ","33.24","Pageruyung","2024-03-02 20:05:33.162788+07","2024-03-02 20:05:33.162788+07"
"33.24.03","332403 ","33.24","Sukorejo","2024-03-02 20:05:33.162788+07","2024-03-02 20:05:33.162788+07"
"33.24.04","332404 ","33.24","Patean","2024-03-02 20:05:33.162788+07","2024-03-02 20:05:33.162788+07"
"33.24.05","332405 ","33.24","Singorojo","2024-03-02 20:05:33.162788+07","2024-03-02 20:05:33.162788+07"
"33.24.06","332406 ","33.24","Limbangan","2024-03-02 20:05:33.162788+07","2024-03-02 20:05:33.162788+07"
"33.24.07","332407 ","33.24","Boja","2024-03-02 20:05:33.162788+07","2024-03-02 20:05:33.162788+07"
"33.24.08","332408 ","33.24","Kaliwungu","2024-03-02 20:05:33.162788+07","2024-03-02 20:05:33.162788+07"
"33.24.09","332409 ","33.24","Brangsong","2024-03-02 20:05:33.162788+07","2024-03-02 20:05:33.162788+07"
"33.24.10","332410 ","33.24","Pegandon","2024-03-02 20:05:33.162788+07","2024-03-02 20:05:33.162788+07"
"33.24.11","332411 ","33.24","Gemuh","2024-03-02 20:05:33.162788+07","2024-03-02 20:05:33.162788+07"
"33.24.12","332412 ","33.24","Weleri","2024-03-02 20:05:33.162788+07","2024-03-02 20:05:33.162788+07"
"33.24.13","332413 ","33.24","Cepiring","2024-03-02 20:05:33.162788+07","2024-03-02 20:05:33.162788+07"
"33.24.14","332414 ","33.24","Patebon","2024-03-02 20:05:33.162788+07","2024-03-02 20:05:33.162788+07"
"33.24.15","332415 ","33.24","Kendal","2024-03-02 20:05:33.162788+07","2024-03-02 20:05:33.162788+07"
"33.24.16","332416 ","33.24","Rowosari","2024-03-02 20:05:33.162788+07","2024-03-02 20:05:33.162788+07"
"33.24.17","332417 ","33.24","Kangkung","2024-03-02 20:05:33.162788+07","2024-03-02 20:05:33.162788+07"
"33.24.18","332418 ","33.24","Ringinarum","2024-03-02 20:05:33.162788+07","2024-03-02 20:05:33.162788+07"
"33.24.19","332419 ","33.24","Ngampel","2024-03-02 20:05:33.162788+07","2024-03-02 20:05:33.162788+07"
"33.24.20","332420 ","33.24","Kaliwungu Selatan","2024-03-02 20:05:33.162788+07","2024-03-02 20:05:33.162788+07"
"33.25.01","332501 ","33.25","Wonotunggal","2024-03-02 20:05:33.162788+07","2024-03-02 20:05:33.162788+07"
"33.25.02","332502 ","33.25","Bandar","2024-03-02 20:05:33.162788+07","2024-03-02 20:05:33.162788+07"
"33.25.03","332503 ","33.25","Blado","2024-03-02 20:05:33.162788+07","2024-03-02 20:05:33.162788+07"
"33.25.04","332504 ","33.25","Reban","2024-03-02 20:05:33.162788+07","2024-03-02 20:05:33.162788+07"
"33.25.05","332505 ","33.25","Bawang","2024-03-02 20:05:33.162788+07","2024-03-02 20:05:33.162788+07"
"33.25.06","332506 ","33.25","Tersono","2024-03-02 20:05:33.162788+07","2024-03-02 20:05:33.162788+07"
"33.25.07","332507 ","33.25","Gringsing","2024-03-02 20:05:33.162788+07","2024-03-02 20:05:33.162788+07"
"33.25.08","332508 ","33.25","Limpung","2024-03-02 20:05:33.162788+07","2024-03-02 20:05:33.162788+07"
"33.25.09","332509 ","33.25","Subah","2024-03-02 20:05:33.162788+07","2024-03-02 20:05:33.162788+07"
"33.25.10","332510 ","33.25","Tulis","2024-03-02 20:05:33.162788+07","2024-03-02 20:05:33.162788+07"
"33.25.11","332511 ","33.25","Batang","2024-03-02 20:05:33.162788+07","2024-03-02 20:05:33.162788+07"
"33.25.12","332512 ","33.25","Warungasem","2024-03-02 20:05:33.162788+07","2024-03-02 20:05:33.162788+07"
"33.25.13","332513 ","33.25","Kandeman","2024-03-02 20:05:33.162788+07","2024-03-02 20:05:33.162788+07"
"33.25.14","332514 ","33.25","Pecalungan","2024-03-02 20:05:33.162788+07","2024-03-02 20:05:33.162788+07"
"33.25.15","332515 ","33.25","Banyuputih","2024-03-02 20:05:33.162788+07","2024-03-02 20:05:33.162788+07"
"33.26.01","332601 ","33.26","Kandangserang","2024-03-02 20:05:33.162788+07","2024-03-02 20:05:33.162788+07"
"33.26.02","332602 ","33.26","Paninggaran","2024-03-02 20:05:33.162788+07","2024-03-02 20:05:33.162788+07"
"33.26.03","332603 ","33.26","Lebakbarang","2024-03-02 20:05:33.162788+07","2024-03-02 20:05:33.162788+07"
"33.26.04","332604 ","33.26","Petungkriyono","2024-03-02 20:05:33.162788+07","2024-03-02 20:05:33.162788+07"
"33.26.05","332605 ","33.26","Talun","2024-03-02 20:05:33.162788+07","2024-03-02 20:05:33.162788+07"
"33.26.06","332606 ","33.26","Doro","2024-03-02 20:05:33.162788+07","2024-03-02 20:05:33.162788+07"
"33.26.07","332607 ","33.26","Karanganyar","2024-03-02 20:05:33.162788+07","2024-03-02 20:05:33.162788+07"
"33.26.08","332608 ","33.26","Kajen","2024-03-02 20:05:33.162788+07","2024-03-02 20:05:33.162788+07"
"33.26.09","332609 ","33.26","Kesesi","2024-03-02 20:05:33.162788+07","2024-03-02 20:05:33.162788+07"
"33.26.10","332610 ","33.26","Sragi","2024-03-02 20:05:33.162788+07","2024-03-02 20:05:33.162788+07"
"33.26.11","332611 ","33.26","Bojong","2024-03-02 20:05:33.162788+07","2024-03-02 20:05:33.162788+07"
"33.26.12","332612 ","33.26","Wonopringgo","2024-03-02 20:05:33.162788+07","2024-03-02 20:05:33.162788+07"
"33.26.13","332613 ","33.26","Kedungwuni","2024-03-02 20:05:33.162788+07","2024-03-02 20:05:33.162788+07"
"33.26.14","332614 ","33.26","Buaran","2024-03-02 20:05:33.162788+07","2024-03-02 20:05:33.162788+07"
"33.26.15","332615 ","33.26","Tirto","2024-03-02 20:05:33.162788+07","2024-03-02 20:05:33.162788+07"
"33.26.16","332616 ","33.26","Wiradesa","2024-03-02 20:05:33.162788+07","2024-03-02 20:05:33.162788+07"
"33.26.17","332617 ","33.26","Siwalan","2024-03-02 20:05:33.162788+07","2024-03-02 20:05:33.162788+07"
"33.26.18","332618 ","33.26","Karangdadap","2024-03-02 20:05:33.162788+07","2024-03-02 20:05:33.162788+07"
"33.26.19","332619 ","33.26","Wonokerto","2024-03-02 20:05:33.162788+07","2024-03-02 20:05:33.162788+07"
"33.27.01","332701 ","33.27","Moga","2024-03-02 20:05:33.162788+07","2024-03-02 20:05:33.162788+07"
"33.27.02","332702 ","33.27","Pulosari","2024-03-02 20:05:33.162788+07","2024-03-02 20:05:33.162788+07"
"33.27.03","332703 ","33.27","Belik","2024-03-02 20:05:33.162788+07","2024-03-02 20:05:33.162788+07"
"33.27.04","332704 ","33.27","Watukumpul","2024-03-02 20:05:33.162788+07","2024-03-02 20:05:33.162788+07"
"33.27.05","332705 ","33.27","Bodeh","2024-03-02 20:05:33.162788+07","2024-03-02 20:05:33.162788+07"
"33.27.06","332706 ","33.27","Bantarbolang","2024-03-02 20:05:33.162788+07","2024-03-02 20:05:33.162788+07"
"33.27.07","332707 ","33.27","Randudongkal","2024-03-02 20:05:33.162788+07","2024-03-02 20:05:33.162788+07"
"33.27.08","332708 ","33.27","Pemalang","2024-03-02 20:05:33.162788+07","2024-03-02 20:05:33.162788+07"
"33.27.09","332709 ","33.27","Taman","2024-03-02 20:05:33.162788+07","2024-03-02 20:05:33.162788+07"
"33.27.10","332710 ","33.27","Petarukan","2024-03-02 20:05:33.162788+07","2024-03-02 20:05:33.162788+07"
"33.27.11","332711 ","33.27","Ampelgading","2024-03-02 20:05:33.162788+07","2024-03-02 20:05:33.162788+07"
"33.27.12","332712 ","33.27","Comal","2024-03-02 20:05:33.162788+07","2024-03-02 20:05:33.162788+07"
"33.27.13","332713 ","33.27","Ulujami","2024-03-02 20:05:33.162788+07","2024-03-02 20:05:33.162788+07"
"33.27.14","332714 ","33.27","Warungpring","2024-03-02 20:05:33.162788+07","2024-03-02 20:05:33.162788+07"
"33.28.01","332801 ","33.28","Margasari","2024-03-02 20:05:33.162788+07","2024-03-02 20:05:33.162788+07"
"33.28.02","332802 ","33.28","Bumijawa","2024-03-02 20:05:33.162788+07","2024-03-02 20:05:33.162788+07"
"33.28.03","332803 ","33.28","Bojong","2024-03-02 20:05:33.162788+07","2024-03-02 20:05:33.162788+07"
"33.28.04","332804 ","33.28","Balapulang","2024-03-02 20:05:33.162788+07","2024-03-02 20:05:33.162788+07"
"33.28.05","332805 ","33.28","Pagerbarang","2024-03-02 20:05:33.162788+07","2024-03-02 20:05:33.162788+07"
"33.28.06","332806 ","33.28","Lebaksiu","2024-03-02 20:05:33.162788+07","2024-03-02 20:05:33.162788+07"
"33.28.07","332807 ","33.28","Jatinegara","2024-03-02 20:05:33.162788+07","2024-03-02 20:05:33.162788+07"
"33.28.08","332808 ","33.28","Kedungbanteng","2024-03-02 20:05:33.162788+07","2024-03-02 20:05:33.162788+07"
"33.28.09","332809 ","33.28","Pangkah","2024-03-02 20:05:33.162788+07","2024-03-02 20:05:33.162788+07"
"33.28.10","332810 ","33.28","Slawi","2024-03-02 20:05:33.162788+07","2024-03-02 20:05:33.162788+07"
"33.28.11","332811 ","33.28","Adiwerna","2024-03-02 20:05:33.162788+07","2024-03-02 20:05:33.162788+07"
"33.28.12","332812 ","33.28","Talang","2024-03-02 20:05:33.162788+07","2024-03-02 20:05:33.162788+07"
"33.28.13","332813 ","33.28","Dukuhturi","2024-03-02 20:05:33.162788+07","2024-03-02 20:05:33.162788+07"
"33.28.14","332814 ","33.28","Tarub","2024-03-02 20:05:33.162788+07","2024-03-02 20:05:33.162788+07"
"33.28.15","332815 ","33.28","Kramat","2024-03-02 20:05:33.162788+07","2024-03-02 20:05:33.162788+07"
"33.28.16","332816 ","33.28","Suradadi","2024-03-02 20:05:33.162788+07","2024-03-02 20:05:33.162788+07"
"33.28.17","332817 ","33.28","Warureja","2024-03-02 20:05:33.162788+07","2024-03-02 20:05:33.162788+07"
"33.28.18","332818 ","33.28","Dukuhwaru","2024-03-02 20:05:33.162788+07","2024-03-02 20:05:33.162788+07"
"33.29.01","332901 ","33.29","Salem","2024-03-02 20:05:33.162788+07","2024-03-02 20:05:33.162788+07"
"33.29.02","332902 ","33.29","Bantarkawung","2024-03-02 20:05:33.162788+07","2024-03-02 20:05:33.162788+07"
"33.29.03","332903 ","33.29","Bumiayu","2024-03-02 20:05:33.162788+07","2024-03-02 20:05:33.162788+07"
"33.29.04","332904 ","33.29","Paguyangan","2024-03-02 20:05:33.162788+07","2024-03-02 20:05:33.162788+07"
"33.29.05","332905 ","33.29","Sirampog","2024-03-02 20:05:33.162788+07","2024-03-02 20:05:33.162788+07"
"33.29.06","332906 ","33.29","Tonjong","2024-03-02 20:05:33.162788+07","2024-03-02 20:05:33.162788+07"
"33.29.07","332907 ","33.29","Jatibarang","2024-03-02 20:05:33.162788+07","2024-03-02 20:05:33.162788+07"
"33.29.08","332908 ","33.29","Wanasari","2024-03-02 20:05:33.162788+07","2024-03-02 20:05:33.162788+07"
"33.29.09","332909 ","33.29","Brebes","2024-03-02 20:05:33.162788+07","2024-03-02 20:05:33.162788+07"
"33.29.10","332910 ","33.29","Songgom","2024-03-02 20:05:33.162788+07","2024-03-02 20:05:33.162788+07"
"33.29.11","332911 ","33.29","Kersana","2024-03-02 20:05:33.162788+07","2024-03-02 20:05:33.162788+07"
"33.29.12","332912 ","33.29","Losari","2024-03-02 20:05:33.162788+07","2024-03-02 20:05:33.162788+07"
"33.29.13","332913 ","33.29","Tanjung","2024-03-02 20:05:33.162788+07","2024-03-02 20:05:33.162788+07"
"33.29.14","332914 ","33.29","Bulakamba","2024-03-02 20:05:33.162788+07","2024-03-02 20:05:33.162788+07"
"33.29.15","332915 ","33.29","Larangan","2024-03-02 20:05:33.162788+07","2024-03-02 20:05:33.162788+07"
"33.29.16","332916 ","33.29","Ketanggungan","2024-03-02 20:05:33.162788+07","2024-03-02 20:05:33.162788+07"
"33.29.17","332917 ","33.29","Banjarharjo","2024-03-02 20:05:33.162788+07","2024-03-02 20:05:33.162788+07"
"33.71.01","337101 ","33.71","Magelang Selatan","2024-03-02 20:05:33.162788+07","2024-03-02 20:05:33.162788+07"
"33.71.02","337102 ","33.71","Magelang Utara","2024-03-02 20:05:33.162788+07","2024-03-02 20:05:33.162788+07"
"33.71.03","337103 ","33.71","Magelang Tengah","2024-03-02 20:05:33.162788+07","2024-03-02 20:05:33.162788+07"
"33.72.01","337201 ","33.72","Laweyan","2024-03-02 20:05:33.162788+07","2024-03-02 20:05:33.162788+07"
"33.72.02","337202 ","33.72","Serengan","2024-03-02 20:05:33.162788+07","2024-03-02 20:05:33.162788+07"
"33.72.03","337203 ","33.72","Pasar Kliwon","2024-03-02 20:05:33.162788+07","2024-03-02 20:05:33.162788+07"
"33.72.04","337204 ","33.72","Jebres","2024-03-02 20:05:33.162788+07","2024-03-02 20:05:33.162788+07"
"33.72.05","337205 ","33.72","Banjarsari","2024-03-02 20:05:33.162788+07","2024-03-02 20:05:33.162788+07"
"33.73.01","337301 ","33.73","Sidorejo","2024-03-02 20:05:33.162788+07","2024-03-02 20:05:33.162788+07"
"33.73.02","337302 ","33.73","Tingkir","2024-03-02 20:05:33.162788+07","2024-03-02 20:05:33.162788+07"
"33.73.03","337303 ","33.73","Argomulyo","2024-03-02 20:05:33.162788+07","2024-03-02 20:05:33.162788+07"
"33.73.04","337304 ","33.73","Sidomukti","2024-03-02 20:05:33.162788+07","2024-03-02 20:05:33.162788+07"
"33.74.01","337401 ","33.74","Semarang Tengah","2024-03-02 20:05:33.162788+07","2024-03-02 20:05:33.162788+07"
"33.74.02","337402 ","33.74","Semarang Utara","2024-03-02 20:05:33.162788+07","2024-03-02 20:05:33.162788+07"
"33.74.03","337403 ","33.74","Semarang Timur","2024-03-02 20:05:33.162788+07","2024-03-02 20:05:33.162788+07"
"33.74.04","337404 ","33.74","Gayamsari","2024-03-02 20:05:33.162788+07","2024-03-02 20:05:33.162788+07"
"33.74.05","337405 ","33.74","Genuk","2024-03-02 20:05:33.162788+07","2024-03-02 20:05:33.162788+07"
"33.74.06","337406 ","33.74","Pedurungan","2024-03-02 20:05:33.162788+07","2024-03-02 20:05:33.162788+07"
"33.74.07","337407 ","33.74","Semarang Selatan","2024-03-02 20:05:33.162788+07","2024-03-02 20:05:33.162788+07"
"33.74.08","337408 ","33.74","Candisari","2024-03-02 20:05:33.162788+07","2024-03-02 20:05:33.162788+07"
"33.74.09","337409 ","33.74","Gajahmungkur","2024-03-02 20:05:33.162788+07","2024-03-02 20:05:33.162788+07"
"33.74.10","337410 ","33.74","Tembalang","2024-03-02 20:05:33.162788+07","2024-03-02 20:05:33.162788+07"
"33.74.11","337411 ","33.74","Banyumanik","2024-03-02 20:05:33.162788+07","2024-03-02 20:05:33.162788+07"
"33.74.12","337412 ","33.74","Gunungpati","2024-03-02 20:05:33.162788+07","2024-03-02 20:05:33.162788+07"
"33.74.13","337413 ","33.74","Semarang Barat","2024-03-02 20:05:33.162788+07","2024-03-02 20:05:33.162788+07"
"33.74.14","337414 ","33.74","Mijen","2024-03-02 20:05:33.162788+07","2024-03-02 20:05:33.162788+07"
"33.74.15","337415 ","33.74","Ngaliyan","2024-03-02 20:05:33.162788+07","2024-03-02 20:05:33.162788+07"
"33.74.16","337416 ","33.74","Tugu","2024-03-02 20:05:33.162788+07","2024-03-02 20:05:33.162788+07"
"33.75.01","337501 ","33.75","Pekalongan Barat","2024-03-02 20:05:33.162788+07","2024-03-02 20:05:33.162788+07"
"33.75.02","337502 ","33.75","Pekalongan Timur","2024-03-02 20:05:33.162788+07","2024-03-02 20:05:33.162788+07"
"33.75.03","337503 ","33.75","Pekalongan Utara","2024-03-02 20:05:33.162788+07","2024-03-02 20:05:33.162788+07"
"33.75.04","337504 ","33.75","Pekalongan Selatan","2024-03-02 20:05:33.162788+07","2024-03-02 20:05:33.162788+07"
"33.76.01","337601 ","33.76","Tegal Barat","2024-03-02 20:05:33.162788+07","2024-03-02 20:05:33.162788+07"
"33.76.02","337602 ","33.76","Tegal Timur","2024-03-02 20:05:33.162788+07","2024-03-02 20:05:33.162788+07"
"33.76.03","337603 ","33.76","Tegal Selatan","2024-03-02 20:05:33.162788+07","2024-03-02 20:05:33.162788+07"
"33.76.04","337604 ","33.76","Margadana","2024-03-02 20:05:33.162788+07","2024-03-02 20:05:33.162788+07"
"34.01.01","340101 ","34.01","Temon","2024-03-02 20:05:33.162788+07","2024-03-02 20:05:33.162788+07"
"34.01.02","340102 ","34.01","Wates","2024-03-02 20:05:33.162788+07","2024-03-02 20:05:33.162788+07"
"34.01.03","340103 ","34.01","Panjatan","2024-03-02 20:05:33.162788+07","2024-03-02 20:05:33.162788+07"
"34.01.04","340104 ","34.01","Galur","2024-03-02 20:05:33.162788+07","2024-03-02 20:05:33.162788+07"
"34.01.05","340105 ","34.01","Lendah","2024-03-02 20:05:33.162788+07","2024-03-02 20:05:33.162788+07"
"34.01.06","340106 ","34.01","Sentolo","2024-03-02 20:05:33.162788+07","2024-03-02 20:05:33.162788+07"
"34.01.07","340107 ","34.01","Pengasih","2024-03-02 20:05:33.162788+07","2024-03-02 20:05:33.162788+07"
"34.01.08","340108 ","34.01","Kokap","2024-03-02 20:05:33.162788+07","2024-03-02 20:05:33.162788+07"
"34.01.09","340109 ","34.01","Girimulyo","2024-03-02 20:05:33.162788+07","2024-03-02 20:05:33.162788+07"
"34.01.10","340110 ","34.01","Nanggulan","2024-03-02 20:05:33.162788+07","2024-03-02 20:05:33.162788+07"
"34.01.11","340111 ","34.01","Samigaluh","2024-03-02 20:05:33.162788+07","2024-03-02 20:05:33.162788+07"
"34.01.12","340112 ","34.01","Kalibawang","2024-03-02 20:05:33.162788+07","2024-03-02 20:05:33.162788+07"
"34.02.01","340201 ","34.02","Srandakan","2024-03-02 20:05:33.162788+07","2024-03-02 20:05:33.162788+07"
"34.02.02","340202 ","34.02","Sanden","2024-03-02 20:05:33.162788+07","2024-03-02 20:05:33.162788+07"
"34.02.03","340203 ","34.02","Kretek","2024-03-02 20:05:33.162788+07","2024-03-02 20:05:33.162788+07"
"34.02.04","340204 ","34.02","Pundong","2024-03-02 20:05:33.162788+07","2024-03-02 20:05:33.162788+07"
"34.02.05","340205 ","34.02","Bambanglipuro","2024-03-02 20:05:33.162788+07","2024-03-02 20:05:33.162788+07"
"34.02.06","340206 ","34.02","Pandak","2024-03-02 20:05:33.162788+07","2024-03-02 20:05:33.162788+07"
"34.02.07","340207 ","34.02","Pajangan","2024-03-02 20:05:33.162788+07","2024-03-02 20:05:33.162788+07"
"34.02.08","340208 ","34.02","Bantul","2024-03-02 20:05:33.162788+07","2024-03-02 20:05:33.162788+07"
"34.02.09","340209 ","34.02","Jetis","2024-03-02 20:05:33.162788+07","2024-03-02 20:05:33.162788+07"
"34.02.10","340210 ","34.02","Imogiri","2024-03-02 20:05:33.162788+07","2024-03-02 20:05:33.162788+07"
"34.02.11","340211 ","34.02","Dlingo","2024-03-02 20:05:33.162788+07","2024-03-02 20:05:33.162788+07"
"34.02.12","340212 ","34.02","Banguntapan","2024-03-02 20:05:33.162788+07","2024-03-02 20:05:33.162788+07"
"34.02.13","340213 ","34.02","Pleret","2024-03-02 20:05:33.162788+07","2024-03-02 20:05:33.162788+07"
"34.02.14","340214 ","34.02","Piyungan","2024-03-02 20:05:33.162788+07","2024-03-02 20:05:33.162788+07"
"34.02.15","340215 ","34.02","Sewon","2024-03-02 20:05:33.162788+07","2024-03-02 20:05:33.162788+07"
"34.02.16","340216 ","34.02","Kasihan","2024-03-02 20:05:33.162788+07","2024-03-02 20:05:33.162788+07"
"34.02.17","340217 ","34.02","Sedayu","2024-03-02 20:05:33.162788+07","2024-03-02 20:05:33.162788+07"
"34.03.01","340301 ","34.03","Wonosari","2024-03-02 20:05:33.162788+07","2024-03-02 20:05:33.162788+07"
"34.03.02","340302 ","34.03","Nglipar","2024-03-02 20:05:33.162788+07","2024-03-02 20:05:33.162788+07"
"34.03.03","340303 ","34.03","Playen","2024-03-02 20:05:33.162788+07","2024-03-02 20:05:33.162788+07"
"34.03.04","340304 ","34.03","Patuk","2024-03-02 20:05:33.162788+07","2024-03-02 20:05:33.162788+07"
"34.03.05","340305 ","34.03","Paliyan","2024-03-02 20:05:33.162788+07","2024-03-02 20:05:33.162788+07"
"34.03.06","340306 ","34.03","Panggang","2024-03-02 20:05:33.162788+07","2024-03-02 20:05:33.162788+07"
"34.03.07","340307 ","34.03","Tepus","2024-03-02 20:05:33.162788+07","2024-03-02 20:05:33.162788+07"
"34.03.08","340308 ","34.03","Semanu","2024-03-02 20:05:33.162788+07","2024-03-02 20:05:33.162788+07"
"34.03.09","340309 ","34.03","Karangmojo","2024-03-02 20:05:33.162788+07","2024-03-02 20:05:33.162788+07"
"34.03.10","340310 ","34.03","Ponjong","2024-03-02 20:05:33.162788+07","2024-03-02 20:05:33.162788+07"
"34.03.11","340311 ","34.03","Rongkop","2024-03-02 20:05:33.162788+07","2024-03-02 20:05:33.162788+07"
"34.03.12","340312 ","34.03","Semin","2024-03-02 20:05:33.162788+07","2024-03-02 20:05:33.162788+07"
"34.03.13","340313 ","34.03","Ngawen","2024-03-02 20:05:33.162788+07","2024-03-02 20:05:33.162788+07"
"34.03.14","340314 ","34.03","Gedangsari","2024-03-02 20:05:33.162788+07","2024-03-02 20:05:33.162788+07"
"34.03.15","340315 ","34.03","Saptosari","2024-03-02 20:05:33.162788+07","2024-03-02 20:05:33.162788+07"
"34.03.16","340316 ","34.03","Girisubo","2024-03-02 20:05:33.162788+07","2024-03-02 20:05:33.162788+07"
"34.03.17","340317 ","34.03","Tanjungsari","2024-03-02 20:05:33.162788+07","2024-03-02 20:05:33.162788+07"
"34.03.18","340318 ","34.03","Purwosari","2024-03-02 20:05:33.162788+07","2024-03-02 20:05:33.162788+07"
"34.04.01","340401 ","34.04","Gamping","2024-03-02 20:05:33.162788+07","2024-03-02 20:05:33.162788+07"
"34.04.02","340402 ","34.04","Godean","2024-03-02 20:05:33.162788+07","2024-03-02 20:05:33.162788+07"
"34.04.03","340403 ","34.04","Moyudan","2024-03-02 20:05:33.162788+07","2024-03-02 20:05:33.162788+07"
"34.04.04","340404 ","34.04","Minggir","2024-03-02 20:05:33.162788+07","2024-03-02 20:05:33.162788+07"
"34.04.05","340405 ","34.04","Seyegan","2024-03-02 20:05:33.162788+07","2024-03-02 20:05:33.162788+07"
"34.04.06","340406 ","34.04","Mlati","2024-03-02 20:05:33.162788+07","2024-03-02 20:05:33.162788+07"
"34.04.07","340407 ","34.04","Depok","2024-03-02 20:05:33.162788+07","2024-03-02 20:05:33.162788+07"
"34.04.08","340408 ","34.04","Berbah","2024-03-02 20:05:33.162788+07","2024-03-02 20:05:33.162788+07"
"34.04.09","340409 ","34.04","Prambanan","2024-03-02 20:05:33.162788+07","2024-03-02 20:05:33.162788+07"
"34.04.10","340410 ","34.04","Kalasan","2024-03-02 20:05:33.162788+07","2024-03-02 20:05:33.162788+07"
"34.04.11","340411 ","34.04","Ngemplak","2024-03-02 20:05:33.162788+07","2024-03-02 20:05:33.162788+07"
"34.04.12","340412 ","34.04","Ngaglik","2024-03-02 20:05:33.162788+07","2024-03-02 20:05:33.162788+07"
"34.04.13","340413 ","34.04","Sleman","2024-03-02 20:05:33.162788+07","2024-03-02 20:05:33.162788+07"
"34.04.14","340414 ","34.04","Tempel","2024-03-02 20:05:33.162788+07","2024-03-02 20:05:33.162788+07"
"34.04.15","340415 ","34.04","Turi","2024-03-02 20:05:33.162788+07","2024-03-02 20:05:33.162788+07"
"34.04.16","340416 ","34.04","Pakem","2024-03-02 20:05:33.162788+07","2024-03-02 20:05:33.162788+07"
"34.04.17","340417 ","34.04","Cangkringan","2024-03-02 20:05:33.162788+07","2024-03-02 20:05:33.162788+07"
"34.71.01","347101 ","34.71","Tegalrejo","2024-03-02 20:05:33.162788+07","2024-03-02 20:05:33.162788+07"
"34.71.02","347102 ","34.71","Jetis","2024-03-02 20:05:33.162788+07","2024-03-02 20:05:33.162788+07"
"34.71.03","347103 ","34.71","Gondokusuman","2024-03-02 20:05:33.162788+07","2024-03-02 20:05:33.162788+07"
"34.71.04","347104 ","34.71","Danurejan","2024-03-02 20:05:33.162788+07","2024-03-02 20:05:33.162788+07"
"34.71.05","347105 ","34.71","Gedongtengen","2024-03-02 20:05:33.162788+07","2024-03-02 20:05:33.162788+07"
"34.71.06","347106 ","34.71","Ngampilan","2024-03-02 20:05:33.162788+07","2024-03-02 20:05:33.162788+07"
"34.71.07","347107 ","34.71","Wirobrajan","2024-03-02 20:05:33.162788+07","2024-03-02 20:05:33.162788+07"
"34.71.08","347108 ","34.71","Mantrijeron","2024-03-02 20:05:33.162788+07","2024-03-02 20:05:33.162788+07"
"34.71.09","347109 ","34.71","Kraton","2024-03-02 20:05:33.162788+07","2024-03-02 20:05:33.162788+07"
"34.71.10","347110 ","34.71","Gondomanan","2024-03-02 20:05:33.162788+07","2024-03-02 20:05:33.162788+07"
"34.71.11","347111 ","34.71","Pakualaman","2024-03-02 20:05:33.162788+07","2024-03-02 20:05:33.162788+07"
"34.71.12","347112 ","34.71","Mergangsan","2024-03-02 20:05:33.162788+07","2024-03-02 20:05:33.162788+07"
"34.71.13","347113 ","34.71","Umbulharjo","2024-03-02 20:05:33.162788+07","2024-03-02 20:05:33.162788+07"
"34.71.14","347114 ","34.71","Kotagede","2024-03-02 20:05:33.162788+07","2024-03-02 20:05:33.162788+07"
"35.01.01","350101 ","35.01","Donorojo","2024-03-02 20:05:33.162788+07","2024-03-02 20:05:33.162788+07"
"35.01.02","350102 ","35.01","Pringkuku","2024-03-02 20:05:33.162788+07","2024-03-02 20:05:33.162788+07"
"35.01.03","350103 ","35.01","Punung","2024-03-02 20:05:33.162788+07","2024-03-02 20:05:33.162788+07"
"35.01.04","350104 ","35.01","Pacitan","2024-03-02 20:05:33.162788+07","2024-03-02 20:05:33.162788+07"
"35.01.05","350105 ","35.01","Kebonagung","2024-03-02 20:05:33.162788+07","2024-03-02 20:05:33.162788+07"
"35.01.06","350106 ","35.01","Arjosari","2024-03-02 20:05:33.162788+07","2024-03-02 20:05:33.162788+07"
"35.01.07","350107 ","35.01","Nawangan","2024-03-02 20:05:33.162788+07","2024-03-02 20:05:33.162788+07"
"35.01.08","350108 ","35.01","Bandar","2024-03-02 20:05:33.162788+07","2024-03-02 20:05:33.162788+07"
"35.01.09","350109 ","35.01","Tegalombo","2024-03-02 20:05:33.162788+07","2024-03-02 20:05:33.162788+07"
"35.01.10","350110 ","35.01","Tulakan","2024-03-02 20:05:33.162788+07","2024-03-02 20:05:33.162788+07"
"35.01.11","350111 ","35.01","Ngadirojo","2024-03-02 20:05:33.162788+07","2024-03-02 20:05:33.162788+07"
"35.01.12","350112 ","35.01","Sudimoro","2024-03-02 20:05:33.162788+07","2024-03-02 20:05:33.162788+07"
"35.02.01","350201 ","35.02","Slahung","2024-03-02 20:05:33.162788+07","2024-03-02 20:05:33.162788+07"
"35.02.02","350202 ","35.02","Ngrayun","2024-03-02 20:05:33.162788+07","2024-03-02 20:05:33.162788+07"
"35.02.03","350203 ","35.02","Bungkal","2024-03-02 20:05:33.162788+07","2024-03-02 20:05:33.162788+07"
"35.02.04","350204 ","35.02","Sambit","2024-03-02 20:05:33.162788+07","2024-03-02 20:05:33.162788+07"
"35.02.05","350205 ","35.02","Sawoo","2024-03-02 20:05:33.162788+07","2024-03-02 20:05:33.162788+07"
"35.02.06","350206 ","35.02","Sooko","2024-03-02 20:05:33.162788+07","2024-03-02 20:05:33.162788+07"
"35.02.07","350207 ","35.02","Pulung","2024-03-02 20:05:33.162788+07","2024-03-02 20:05:33.162788+07"
"35.02.08","350208 ","35.02","Mlarak","2024-03-02 20:05:33.162788+07","2024-03-02 20:05:33.162788+07"
"35.02.09","350209 ","35.02","Jetis","2024-03-02 20:05:33.162788+07","2024-03-02 20:05:33.162788+07"
"35.02.10","350210 ","35.02","Siman","2024-03-02 20:05:33.162788+07","2024-03-02 20:05:33.162788+07"
"35.02.11","350211 ","35.02","Balong","2024-03-02 20:05:33.162788+07","2024-03-02 20:05:33.162788+07"
"35.02.12","350212 ","35.02","Kauman","2024-03-02 20:05:33.162788+07","2024-03-02 20:05:33.162788+07"
"35.02.13","350213 ","35.02","Badegan","2024-03-02 20:05:33.162788+07","2024-03-02 20:05:33.162788+07"
"35.02.14","350214 ","35.02","Sampung","2024-03-02 20:05:33.162788+07","2024-03-02 20:05:33.162788+07"
"35.02.15","350215 ","35.02","Sukorejo","2024-03-02 20:05:33.162788+07","2024-03-02 20:05:33.162788+07"
"35.02.16","350216 ","35.02","Babadan","2024-03-02 20:05:33.162788+07","2024-03-02 20:05:33.162788+07"
"35.02.17","350217 ","35.02","Ponorogo","2024-03-02 20:05:33.162788+07","2024-03-02 20:05:33.162788+07"
"35.02.18","350218 ","35.02","Jenangan","2024-03-02 20:05:33.162788+07","2024-03-02 20:05:33.162788+07"
"35.02.19","350219 ","35.02","Ngebel","2024-03-02 20:05:33.162788+07","2024-03-02 20:05:33.162788+07"
"35.02.20","350220 ","35.02","Jambon","2024-03-02 20:05:33.162788+07","2024-03-02 20:05:33.162788+07"
"35.02.21","350221 ","35.02","Pudak","2024-03-02 20:05:33.162788+07","2024-03-02 20:05:33.162788+07"
"35.03.01","350301 ","35.03","Panggul","2024-03-02 20:05:33.162788+07","2024-03-02 20:05:33.162788+07"
"35.03.02","350302 ","35.03","Munjungan","2024-03-02 20:05:33.162788+07","2024-03-02 20:05:33.162788+07"
"35.03.03","350303 ","35.03","Pule","2024-03-02 20:05:33.162788+07","2024-03-02 20:05:33.162788+07"
"35.03.04","350304 ","35.03","Dongko","2024-03-02 20:05:33.162788+07","2024-03-02 20:05:33.162788+07"
"35.03.05","350305 ","35.03","Tugu","2024-03-02 20:05:33.162788+07","2024-03-02 20:05:33.162788+07"
"35.03.06","350306 ","35.03","Karangan","2024-03-02 20:05:33.162788+07","2024-03-02 20:05:33.162788+07"
"35.03.07","350307 ","35.03","Kampak","2024-03-02 20:05:33.162788+07","2024-03-02 20:05:33.162788+07"
"35.03.08","350308 ","35.03","Watulimo","2024-03-02 20:05:33.162788+07","2024-03-02 20:05:33.162788+07"
"35.03.09","350309 ","35.03","Bendungan","2024-03-02 20:05:33.162788+07","2024-03-02 20:05:33.162788+07"
"35.03.10","350310 ","35.03","Gandusari","2024-03-02 20:05:33.162788+07","2024-03-02 20:05:33.162788+07"
"35.03.11","350311 ","35.03","Trenggalek","2024-03-02 20:05:33.162788+07","2024-03-02 20:05:33.162788+07"
"35.03.12","350312 ","35.03","Pogalan","2024-03-02 20:05:33.162788+07","2024-03-02 20:05:33.162788+07"
"35.03.13","350313 ","35.03","Durenan","2024-03-02 20:05:33.162788+07","2024-03-02 20:05:33.162788+07"
"35.03.14","350314 ","35.03","Suruh","2024-03-02 20:05:33.162788+07","2024-03-02 20:05:33.162788+07"
"35.04.01","350401 ","35.04","Tulungagung","2024-03-02 20:05:33.162788+07","2024-03-02 20:05:33.162788+07"
"35.04.02","350402 ","35.04","Boyolangu","2024-03-02 20:05:33.162788+07","2024-03-02 20:05:33.162788+07"
"35.04.03","350403 ","35.04","Kedungwaru","2024-03-02 20:05:33.162788+07","2024-03-02 20:05:33.162788+07"
"35.04.04","350404 ","35.04","Ngantru","2024-03-02 20:05:33.162788+07","2024-03-02 20:05:33.162788+07"
"35.04.05","350405 ","35.04","Kauman","2024-03-02 20:05:33.162788+07","2024-03-02 20:05:33.162788+07"
"35.04.06","350406 ","35.04","Pagerwojo","2024-03-02 20:05:33.162788+07","2024-03-02 20:05:33.162788+07"
"35.04.07","350407 ","35.04","Sendang","2024-03-02 20:05:33.162788+07","2024-03-02 20:05:33.162788+07"
"35.04.08","350408 ","35.04","Karangrejo","2024-03-02 20:05:33.162788+07","2024-03-02 20:05:33.162788+07"
"35.04.09","350409 ","35.04","Gondang","2024-03-02 20:05:33.162788+07","2024-03-02 20:05:33.162788+07"
"35.04.10","350410 ","35.04","Sumbergempol","2024-03-02 20:05:33.162788+07","2024-03-02 20:05:33.162788+07"
"35.04.11","350411 ","35.04","Ngunut","2024-03-02 20:05:33.162788+07","2024-03-02 20:05:33.162788+07"
"35.04.12","350412 ","35.04","Pucanglaban","2024-03-02 20:05:33.162788+07","2024-03-02 20:05:33.162788+07"
"35.04.13","350413 ","35.04","Rejotangan","2024-03-02 20:05:33.162788+07","2024-03-02 20:05:33.162788+07"
"35.04.14","350414 ","35.04","Kalidawir","2024-03-02 20:05:33.162788+07","2024-03-02 20:05:33.162788+07"
"35.04.15","350415 ","35.04","Besuki","2024-03-02 20:05:33.162788+07","2024-03-02 20:05:33.162788+07"
"35.04.16","350416 ","35.04","Campurdarat","2024-03-02 20:05:33.162788+07","2024-03-02 20:05:33.162788+07"
"35.04.17","350417 ","35.04","Bandung","2024-03-02 20:05:33.162788+07","2024-03-02 20:05:33.162788+07"
"35.04.18","350418 ","35.04","Pakel","2024-03-02 20:05:33.162788+07","2024-03-02 20:05:33.162788+07"
"35.04.19","350419 ","35.04","Tanggunggunung","2024-03-02 20:05:33.162788+07","2024-03-02 20:05:33.162788+07"
"35.05.01","350501 ","35.05","Wonodadi","2024-03-02 20:05:33.162788+07","2024-03-02 20:05:33.162788+07"
"35.05.02","350502 ","35.05","Udanawu","2024-03-02 20:05:33.162788+07","2024-03-02 20:05:33.162788+07"
"35.05.03","350503 ","35.05","Srengat","2024-03-02 20:05:33.162788+07","2024-03-02 20:05:33.162788+07"
"35.05.04","350504 ","35.05","Kademangan","2024-03-02 20:05:33.162788+07","2024-03-02 20:05:33.162788+07"
"35.05.05","350505 ","35.05","Bakung","2024-03-02 20:05:33.162788+07","2024-03-02 20:05:33.162788+07"
"35.05.06","350506 ","35.05","Ponggok","2024-03-02 20:05:33.162788+07","2024-03-02 20:05:33.162788+07"
"35.05.07","350507 ","35.05","Sanankulon","2024-03-02 20:05:33.162788+07","2024-03-02 20:05:33.162788+07"
"35.05.08","350508 ","35.05","Wonotirto","2024-03-02 20:05:33.162788+07","2024-03-02 20:05:33.162788+07"
"35.05.09","350509 ","35.05","Nglegok","2024-03-02 20:05:33.162788+07","2024-03-02 20:05:33.162788+07"
"35.05.10","350510 ","35.05","Kanigoro","2024-03-02 20:05:33.162788+07","2024-03-02 20:05:33.162788+07"
"35.05.11","350511 ","35.05","Garum","2024-03-02 20:05:33.162788+07","2024-03-02 20:05:33.162788+07"
"35.05.12","350512 ","35.05","Sutojayan","2024-03-02 20:05:33.162788+07","2024-03-02 20:05:33.162788+07"
"35.05.13","350513 ","35.05","Panggungrejo","2024-03-02 20:05:33.162788+07","2024-03-02 20:05:33.162788+07"
"35.05.14","350514 ","35.05","Talun","2024-03-02 20:05:33.162788+07","2024-03-02 20:05:33.162788+07"
"35.05.15","350515 ","35.05","Gandusari","2024-03-02 20:05:33.162788+07","2024-03-02 20:05:33.162788+07"
"35.05.16","350516 ","35.05","Binangun","2024-03-02 20:05:33.162788+07","2024-03-02 20:05:33.162788+07"
"35.05.17","350517 ","35.05","Wlingi","2024-03-02 20:05:33.162788+07","2024-03-02 20:05:33.162788+07"
"35.05.18","350518 ","35.05","Doko","2024-03-02 20:05:33.162788+07","2024-03-02 20:05:33.162788+07"
"35.05.19","350519 ","35.05","Kesamben","2024-03-02 20:05:33.162788+07","2024-03-02 20:05:33.162788+07"
"35.05.20","350520 ","35.05","Wates","2024-03-02 20:05:33.162788+07","2024-03-02 20:05:33.162788+07"
"35.05.21","350521 ","35.05","Selorejo","2024-03-02 20:05:33.162788+07","2024-03-02 20:05:33.162788+07"
"35.05.22","350522 ","35.05","Selopuro","2024-03-02 20:05:33.162788+07","2024-03-02 20:05:33.162788+07"
"35.06.01","350601 ","35.06","Semen","2024-03-02 20:05:33.162788+07","2024-03-02 20:05:33.162788+07"
"35.06.02","350602 ","35.06","Mojo","2024-03-02 20:05:33.162788+07","2024-03-02 20:05:33.162788+07"
"35.06.03","350603 ","35.06","Kras","2024-03-02 20:05:33.162788+07","2024-03-02 20:05:33.162788+07"
"35.06.04","350604 ","35.06","Ngadiluwih","2024-03-02 20:05:33.162788+07","2024-03-02 20:05:33.162788+07"
"35.06.05","350605 ","35.06","Kandat","2024-03-02 20:05:33.162788+07","2024-03-02 20:05:33.162788+07"
"35.06.06","350606 ","35.06","Wates","2024-03-02 20:05:33.162788+07","2024-03-02 20:05:33.162788+07"
"35.06.07","350607 ","35.06","Ngancar","2024-03-02 20:05:33.162788+07","2024-03-02 20:05:33.162788+07"
"35.06.08","350608 ","35.06","Puncu","2024-03-02 20:05:33.162788+07","2024-03-02 20:05:33.162788+07"
"35.06.09","350609 ","35.06","Plosoklaten","2024-03-02 20:05:33.162788+07","2024-03-02 20:05:33.162788+07"
"35.06.10","350610 ","35.06","Gurah","2024-03-02 20:05:33.162788+07","2024-03-02 20:05:33.162788+07"
"35.06.11","350611 ","35.06","Pagu","2024-03-02 20:05:33.162788+07","2024-03-02 20:05:33.162788+07"
"35.06.12","350612 ","35.06","Gampengrejo","2024-03-02 20:05:33.162788+07","2024-03-02 20:05:33.162788+07"
"35.06.13","350613 ","35.06","Grogol","2024-03-02 20:05:33.162788+07","2024-03-02 20:05:33.162788+07"
"35.06.14","350614 ","35.06","Papar","2024-03-02 20:05:33.162788+07","2024-03-02 20:05:33.162788+07"
"35.06.15","350615 ","35.06","Purwoasri","2024-03-02 20:05:33.162788+07","2024-03-02 20:05:33.162788+07"
"35.06.16","350616 ","35.06","Plemahan","2024-03-02 20:05:33.162788+07","2024-03-02 20:05:33.162788+07"
"35.06.17","350617 ","35.06","Pare","2024-03-02 20:05:33.162788+07","2024-03-02 20:05:33.162788+07"
"35.06.18","350618 ","35.06","Kepung","2024-03-02 20:05:33.162788+07","2024-03-02 20:05:33.162788+07"
"35.06.19","350619 ","35.06","Kandangan","2024-03-02 20:05:33.162788+07","2024-03-02 20:05:33.162788+07"
"35.06.20","350620 ","35.06","Tarokan","2024-03-02 20:05:33.162788+07","2024-03-02 20:05:33.162788+07"
"35.06.21","350621 ","35.06","Kunjang","2024-03-02 20:05:33.162788+07","2024-03-02 20:05:33.162788+07"
"35.06.22","350622 ","35.06","Banyakan","2024-03-02 20:05:33.162788+07","2024-03-02 20:05:33.162788+07"
"35.06.23","350623 ","35.06","Ringinrejo","2024-03-02 20:05:33.162788+07","2024-03-02 20:05:33.162788+07"
"35.06.24","350624 ","35.06","Kayen Kidul","2024-03-02 20:05:33.162788+07","2024-03-02 20:05:33.162788+07"
"35.06.25","350625 ","35.06","Ngasem","2024-03-02 20:05:33.162788+07","2024-03-02 20:05:33.162788+07"
"35.06.26","350626 ","35.06","Badas","2024-03-02 20:05:33.162788+07","2024-03-02 20:05:33.162788+07"
"35.07.01","350701 ","35.07","Donomulyo","2024-03-02 20:05:33.162788+07","2024-03-02 20:05:33.162788+07"
"35.07.02","350702 ","35.07","Pagak","2024-03-02 20:05:33.162788+07","2024-03-02 20:05:33.162788+07"
"35.07.03","350703 ","35.07","Bantur","2024-03-02 20:05:33.162788+07","2024-03-02 20:05:33.162788+07"
"35.07.04","350704 ","35.07","Sumbermanjing Wetan","2024-03-02 20:05:33.162788+07","2024-03-02 20:05:33.162788+07"
"35.07.05","350705 ","35.07","Dampit","2024-03-02 20:05:33.162788+07","2024-03-02 20:05:33.162788+07"
"35.07.06","350706 ","35.07","Ampelgading","2024-03-02 20:05:33.162788+07","2024-03-02 20:05:33.162788+07"
"35.07.07","350707 ","35.07","Poncokusumo","2024-03-02 20:05:33.162788+07","2024-03-02 20:05:33.162788+07"
"35.07.08","350708 ","35.07","Wajak","2024-03-02 20:05:33.162788+07","2024-03-02 20:05:33.162788+07"
"35.07.09","350709 ","35.07","Turen","2024-03-02 20:05:33.162788+07","2024-03-02 20:05:33.162788+07"
"35.07.10","350710 ","35.07","Gondanglegi","2024-03-02 20:05:33.162788+07","2024-03-02 20:05:33.162788+07"
"35.07.11","350711 ","35.07","Kalipare","2024-03-02 20:05:33.162788+07","2024-03-02 20:05:33.162788+07"
"35.07.12","350712 ","35.07","Sumberpucung","2024-03-02 20:05:33.162788+07","2024-03-02 20:05:33.162788+07"
"35.07.13","350713 ","35.07","Kepanjen","2024-03-02 20:05:33.162788+07","2024-03-02 20:05:33.162788+07"
"35.07.14","350714 ","35.07","Bululawang","2024-03-02 20:05:33.162788+07","2024-03-02 20:05:33.162788+07"
"35.07.15","350715 ","35.07","Tajinan","2024-03-02 20:05:33.162788+07","2024-03-02 20:05:33.162788+07"
"35.07.16","350716 ","35.07","Tumpang","2024-03-02 20:05:33.162788+07","2024-03-02 20:05:33.162788+07"
"35.07.17","350717 ","35.07","Jabung","2024-03-02 20:05:33.162788+07","2024-03-02 20:05:33.162788+07"
"35.07.18","350718 ","35.07","Pakis","2024-03-02 20:05:33.162788+07","2024-03-02 20:05:33.162788+07"
"35.07.19","350719 ","35.07","Pakisaji","2024-03-02 20:05:33.162788+07","2024-03-02 20:05:33.162788+07"
"35.07.20","350720 ","35.07","Ngajum","2024-03-02 20:05:33.162788+07","2024-03-02 20:05:33.162788+07"
"35.07.21","350721 ","35.07","Wagir","2024-03-02 20:05:33.162788+07","2024-03-02 20:05:33.162788+07"
"35.07.22","350722 ","35.07","Dau","2024-03-02 20:05:33.162788+07","2024-03-02 20:05:33.162788+07"
"35.07.23","350723 ","35.07","Karang Ploso","2024-03-02 20:05:33.162788+07","2024-03-02 20:05:33.162788+07"
"35.07.24","350724 ","35.07","Singosari","2024-03-02 20:05:33.162788+07","2024-03-02 20:05:33.162788+07"
"35.07.25","350725 ","35.07","Lawang","2024-03-02 20:05:33.162788+07","2024-03-02 20:05:33.162788+07"
"35.07.26","350726 ","35.07","Pujon","2024-03-02 20:05:33.162788+07","2024-03-02 20:05:33.162788+07"
"35.07.27","350727 ","35.07","Ngantang","2024-03-02 20:05:33.162788+07","2024-03-02 20:05:33.162788+07"
"35.07.28","350728 ","35.07","Kasembon","2024-03-02 20:05:33.162788+07","2024-03-02 20:05:33.162788+07"
"35.07.29","350729 ","35.07","Gedangan","2024-03-02 20:05:33.162788+07","2024-03-02 20:05:33.162788+07"
"35.07.30","350730 ","35.07","Tirtoyudo","2024-03-02 20:05:33.162788+07","2024-03-02 20:05:33.162788+07"
"35.07.31","350731 ","35.07","Kromengan","2024-03-02 20:05:33.162788+07","2024-03-02 20:05:33.162788+07"
"35.07.32","350732 ","35.07","Wonosari","2024-03-02 20:05:33.162788+07","2024-03-02 20:05:33.162788+07"
"35.07.33","350733 ","35.07","Pagelaran","2024-03-02 20:05:33.162788+07","2024-03-02 20:05:33.162788+07"
"35.08.01","350801 ","35.08","Tempursari","2024-03-02 20:05:33.162788+07","2024-03-02 20:05:33.162788+07"
"35.08.02","350802 ","35.08","Pronojiwo","2024-03-02 20:05:33.162788+07","2024-03-02 20:05:33.162788+07"
"35.08.03","350803 ","35.08","Candipuro","2024-03-02 20:05:33.162788+07","2024-03-02 20:05:33.162788+07"
"35.08.04","350804 ","35.08","Pasirian","2024-03-02 20:05:33.162788+07","2024-03-02 20:05:33.162788+07"
"35.08.05","350805 ","35.08","Tempeh","2024-03-02 20:05:33.162788+07","2024-03-02 20:05:33.162788+07"
"35.08.06","350806 ","35.08","Kunir","2024-03-02 20:05:33.162788+07","2024-03-02 20:05:33.162788+07"
"35.08.07","350807 ","35.08","Yosowilangun","2024-03-02 20:05:33.162788+07","2024-03-02 20:05:33.162788+07"
"35.08.08","350808 ","35.08","Rowokangkung","2024-03-02 20:05:33.162788+07","2024-03-02 20:05:33.162788+07"
"35.08.09","350809 ","35.08","Tekung","2024-03-02 20:05:33.162788+07","2024-03-02 20:05:33.162788+07"
"35.08.10","350810 ","35.08","Lumajang","2024-03-02 20:05:33.162788+07","2024-03-02 20:05:33.162788+07"
"35.08.11","350811 ","35.08","Pasrujambe","2024-03-02 20:05:33.162788+07","2024-03-02 20:05:33.162788+07"
"35.08.12","350812 ","35.08","Senduro","2024-03-02 20:05:33.162788+07","2024-03-02 20:05:33.162788+07"
"35.08.13","350813 ","35.08","Gucialit","2024-03-02 20:05:33.162788+07","2024-03-02 20:05:33.162788+07"
"35.08.14","350814 ","35.08","Padang","2024-03-02 20:05:33.162788+07","2024-03-02 20:05:33.162788+07"
"35.08.15","350815 ","35.08","Sukodono","2024-03-02 20:05:33.162788+07","2024-03-02 20:05:33.162788+07"
"35.08.16","350816 ","35.08","Kedungjajang","2024-03-02 20:05:33.162788+07","2024-03-02 20:05:33.162788+07"
"35.08.17","350817 ","35.08","Jatiroto","2024-03-02 20:05:33.162788+07","2024-03-02 20:05:33.162788+07"
"35.08.18","350818 ","35.08","Randuagung","2024-03-02 20:05:33.162788+07","2024-03-02 20:05:33.162788+07"
"35.08.19","350819 ","35.08","Klakah","2024-03-02 20:05:33.162788+07","2024-03-02 20:05:33.162788+07"
"35.08.20","350820 ","35.08","Ranuyoso","2024-03-02 20:05:33.162788+07","2024-03-02 20:05:33.162788+07"
"35.08.21","350821 ","35.08","Sumbersuko","2024-03-02 20:05:33.162788+07","2024-03-02 20:05:33.162788+07"
"35.09.01","350901 ","35.09","Jombang","2024-03-02 20:05:33.162788+07","2024-03-02 20:05:33.162788+07"
"35.09.02","350902 ","35.09","Kencong","2024-03-02 20:05:33.162788+07","2024-03-02 20:05:33.162788+07"
"35.09.03","350903 ","35.09","Sumberbaru","2024-03-02 20:05:33.162788+07","2024-03-02 20:05:33.162788+07"
"35.09.04","350904 ","35.09","Gumukmas","2024-03-02 20:05:33.162788+07","2024-03-02 20:05:33.162788+07"
"35.09.05","350905 ","35.09","Umbulsari","2024-03-02 20:05:33.162788+07","2024-03-02 20:05:33.162788+07"
"35.09.06","350906 ","35.09","Tanggul","2024-03-02 20:05:33.162788+07","2024-03-02 20:05:33.162788+07"
"35.09.07","350907 ","35.09","Semboro","2024-03-02 20:05:33.162788+07","2024-03-02 20:05:33.162788+07"
"35.09.08","350908 ","35.09","Puger","2024-03-02 20:05:33.162788+07","2024-03-02 20:05:33.162788+07"
"35.09.09","350909 ","35.09","Bangsalsari","2024-03-02 20:05:33.162788+07","2024-03-02 20:05:33.162788+07"
"35.09.10","350910 ","35.09","Balung","2024-03-02 20:05:33.162788+07","2024-03-02 20:05:33.162788+07"
"35.09.11","350911 ","35.09","Wuluhan","2024-03-02 20:05:33.162788+07","2024-03-02 20:05:33.162788+07"
"35.09.12","350912 ","35.09","Ambulu","2024-03-02 20:05:33.162788+07","2024-03-02 20:05:33.162788+07"
"35.09.13","350913 ","35.09","Rambipuji","2024-03-02 20:05:33.162788+07","2024-03-02 20:05:33.162788+07"
"35.09.14","350914 ","35.09","Panti","2024-03-02 20:05:33.162788+07","2024-03-02 20:05:33.162788+07"
"35.09.15","350915 ","35.09","Sukorambi","2024-03-02 20:05:33.162788+07","2024-03-02 20:05:33.162788+07"
"35.09.16","350916 ","35.09","Jenggawah","2024-03-02 20:05:33.162788+07","2024-03-02 20:05:33.162788+07"
"35.09.17","350917 ","35.09","Ajung","2024-03-02 20:05:33.162788+07","2024-03-02 20:05:33.162788+07"
"35.09.18","350918 ","35.09","Tempurejo","2024-03-02 20:05:33.162788+07","2024-03-02 20:05:33.162788+07"
"35.09.19","350919 ","35.09","Kaliwates","2024-03-02 20:05:33.162788+07","2024-03-02 20:05:33.162788+07"
"35.09.20","350920 ","35.09","Patrang","2024-03-02 20:05:33.162788+07","2024-03-02 20:05:33.162788+07"
"35.09.21","350921 ","35.09","Sumbersari","2024-03-02 20:05:33.162788+07","2024-03-02 20:05:33.162788+07"
"35.09.22","350922 ","35.09","Arjasa","2024-03-02 20:05:33.162788+07","2024-03-02 20:05:33.162788+07"
"35.09.23","350923 ","35.09","Mumbulsari","2024-03-02 20:05:33.162788+07","2024-03-02 20:05:33.162788+07"
"35.09.24","350924 ","35.09","Pakusari","2024-03-02 20:05:33.162788+07","2024-03-02 20:05:33.162788+07"
"35.09.25","350925 ","35.09","Jelbuk","2024-03-02 20:05:33.162788+07","2024-03-02 20:05:33.162788+07"
"35.09.26","350926 ","35.09","Mayang","2024-03-02 20:05:33.162788+07","2024-03-02 20:05:33.162788+07"
"35.09.27","350927 ","35.09","Kalisat","2024-03-02 20:05:33.162788+07","2024-03-02 20:05:33.162788+07"
"35.09.28","350928 ","35.09","Ledokombo","2024-03-02 20:05:33.162788+07","2024-03-02 20:05:33.162788+07"
"35.09.29","350929 ","35.09","Sukowono","2024-03-02 20:05:33.162788+07","2024-03-02 20:05:33.162788+07"
"35.09.30","350930 ","35.09","Silo","2024-03-02 20:05:33.162788+07","2024-03-02 20:05:33.162788+07"
"35.09.31","350931 ","35.09","Sumberjambe","2024-03-02 20:05:33.162788+07","2024-03-02 20:05:33.162788+07"
"35.10.01","351001 ","35.10","Pesanggaran","2024-03-02 20:05:33.162788+07","2024-03-02 20:05:33.162788+07"
"35.10.02","351002 ","35.10","Bangorejo","2024-03-02 20:05:33.162788+07","2024-03-02 20:05:33.162788+07"
"35.10.03","351003 ","35.10","Purwoharjo","2024-03-02 20:05:33.162788+07","2024-03-02 20:05:33.162788+07"
"35.10.04","351004 ","35.10","Tegaldlimo","2024-03-02 20:05:33.162788+07","2024-03-02 20:05:33.162788+07"
"35.10.05","351005 ","35.10","Muncar","2024-03-02 20:05:33.162788+07","2024-03-02 20:05:33.162788+07"
"35.10.06","351006 ","35.10","Cluring","2024-03-02 20:05:33.162788+07","2024-03-02 20:05:33.162788+07"
"35.10.07","351007 ","35.10","Gambiran","2024-03-02 20:05:33.162788+07","2024-03-02 20:05:33.162788+07"
"35.10.08","351008 ","35.10","Srono","2024-03-02 20:05:33.162788+07","2024-03-02 20:05:33.162788+07"
"35.10.09","351009 ","35.10","Genteng","2024-03-02 20:05:33.162788+07","2024-03-02 20:05:33.162788+07"
"35.10.10","351010 ","35.10","Glenmore","2024-03-02 20:05:33.162788+07","2024-03-02 20:05:33.162788+07"
"35.10.11","351011 ","35.10","Kalibaru","2024-03-02 20:05:33.162788+07","2024-03-02 20:05:33.162788+07"
"35.10.12","351012 ","35.10","Singojuruh","2024-03-02 20:05:33.162788+07","2024-03-02 20:05:33.162788+07"
"35.10.13","351013 ","35.10","Rogojampi","2024-03-02 20:05:33.162788+07","2024-03-02 20:05:33.162788+07"
"35.10.14","351014 ","35.10","Kabat","2024-03-02 20:05:33.162788+07","2024-03-02 20:05:33.162788+07"
"35.10.15","351015 ","35.10","Glagah","2024-03-02 20:05:33.162788+07","2024-03-02 20:05:33.162788+07"
"35.10.16","351016 ","35.10","Banyuwangi","2024-03-02 20:05:33.162788+07","2024-03-02 20:05:33.162788+07"
"35.10.17","351017 ","35.10","Giri","2024-03-02 20:05:33.162788+07","2024-03-02 20:05:33.162788+07"
"35.10.18","351018 ","35.10","Wongsorejo","2024-03-02 20:05:33.162788+07","2024-03-02 20:05:33.162788+07"
"35.10.19","351019 ","35.10","Songgon","2024-03-02 20:05:33.162788+07","2024-03-02 20:05:33.162788+07"
"35.10.20","351020 ","35.10","Sempu","2024-03-02 20:05:33.162788+07","2024-03-02 20:05:33.162788+07"
"35.10.21","351021 ","35.10","Kalipuro","2024-03-02 20:05:33.162788+07","2024-03-02 20:05:33.162788+07"
"35.10.22","351022 ","35.10","Siliragung","2024-03-02 20:05:33.162788+07","2024-03-02 20:05:33.162788+07"
"35.10.23","351023 ","35.10","Tegalsari","2024-03-02 20:05:33.162788+07","2024-03-02 20:05:33.162788+07"
"35.10.24","351024 ","35.10","Licin","2024-03-02 20:05:33.162788+07","2024-03-02 20:05:33.162788+07"
"35.10.25","351025 ","35.10","Blimbingsari","2024-03-02 20:05:33.162788+07","2024-03-02 20:05:33.162788+07"
"35.11.01","351101 ","35.11","Maesan","2024-03-02 20:05:33.162788+07","2024-03-02 20:05:33.162788+07"
"35.11.02","351102 ","35.11","Tamanan","2024-03-02 20:05:33.162788+07","2024-03-02 20:05:33.162788+07"
"35.11.03","351103 ","35.11","Tlogosari","2024-03-02 20:05:33.162788+07","2024-03-02 20:05:33.162788+07"
"35.11.04","351104 ","35.11","Sukosari","2024-03-02 20:05:33.162788+07","2024-03-02 20:05:33.162788+07"
"35.11.05","351105 ","35.11","Pujer","2024-03-02 20:05:33.162788+07","2024-03-02 20:05:33.162788+07"
"35.11.06","351106 ","35.11","Grujugan","2024-03-02 20:05:33.162788+07","2024-03-02 20:05:33.162788+07"
"35.11.07","351107 ","35.11","Curahdami","2024-03-02 20:05:33.162788+07","2024-03-02 20:05:33.162788+07"
"35.11.08","351108 ","35.11","Tenggarang","2024-03-02 20:05:33.162788+07","2024-03-02 20:05:33.162788+07"
"35.11.09","351109 ","35.11","Wonosari","2024-03-02 20:05:33.162788+07","2024-03-02 20:05:33.162788+07"
"35.11.10","351110 ","35.11","Tapen","2024-03-02 20:05:33.162788+07","2024-03-02 20:05:33.162788+07"
"35.11.11","351111 ","35.11","Bondowoso","2024-03-02 20:05:33.162788+07","2024-03-02 20:05:33.162788+07"
"35.11.12","351112 ","35.11","Wringin","2024-03-02 20:05:33.162788+07","2024-03-02 20:05:33.162788+07"
"35.11.13","351113 ","35.11","Tegalampel","2024-03-02 20:05:33.162788+07","2024-03-02 20:05:33.162788+07"
"35.11.14","351114 ","35.11","Klabang","2024-03-02 20:05:33.162788+07","2024-03-02 20:05:33.162788+07"
"35.11.15","351115 ","35.11","Cermee","2024-03-02 20:05:33.162788+07","2024-03-02 20:05:33.162788+07"
"35.11.16","351116 ","35.11","Prajekan","2024-03-02 20:05:33.162788+07","2024-03-02 20:05:33.162788+07"
"35.11.17","351117 ","35.11","Pakem","2024-03-02 20:05:33.162788+07","2024-03-02 20:05:33.162788+07"
"35.11.18","351118 ","35.11","Sumberwringin","2024-03-02 20:05:33.162788+07","2024-03-02 20:05:33.162788+07"
"35.11.19","351119 ","35.11","Sempol","2024-03-02 20:05:33.162788+07","2024-03-02 20:05:33.162788+07"
"35.11.20","351120 ","35.11","Binakal","2024-03-02 20:05:33.162788+07","2024-03-02 20:05:33.162788+07"
"35.11.21","351121 ","35.11","Taman Krocok","2024-03-02 20:05:33.162788+07","2024-03-02 20:05:33.162788+07"
"35.11.22","351122 ","35.11","Botolinggo","2024-03-02 20:05:33.162788+07","2024-03-02 20:05:33.162788+07"
"35.11.23","351123 ","35.11","Jambesari Darus Sholah","2024-03-02 20:05:33.162788+07","2024-03-02 20:05:33.162788+07"
"35.12.01","351201 ","35.12","Jatibanteng","2024-03-02 20:05:33.162788+07","2024-03-02 20:05:33.162788+07"
"35.12.02","351202 ","35.12","Besuki","2024-03-02 20:05:33.162788+07","2024-03-02 20:05:33.162788+07"
"35.12.03","351203 ","35.12","Suboh","2024-03-02 20:05:33.162788+07","2024-03-02 20:05:33.162788+07"
"35.12.04","351204 ","35.12","Mlandingan","2024-03-02 20:05:33.162788+07","2024-03-02 20:05:33.162788+07"
"35.12.05","351205 ","35.12","Kendit","2024-03-02 20:05:33.162788+07","2024-03-02 20:05:33.162788+07"
"35.12.06","351206 ","35.12","Panarukan","2024-03-02 20:05:33.162788+07","2024-03-02 20:05:33.162788+07"
"35.12.07","351207 ","35.12","Situbondo","2024-03-02 20:05:33.162788+07","2024-03-02 20:05:33.162788+07"
"35.12.08","351208 ","35.12","Panji","2024-03-02 20:05:33.162788+07","2024-03-02 20:05:33.162788+07"
"35.12.09","351209 ","35.12","Mangaran","2024-03-02 20:05:33.162788+07","2024-03-02 20:05:33.162788+07"
"35.12.10","351210 ","35.12","Kapongan","2024-03-02 20:05:33.162788+07","2024-03-02 20:05:33.162788+07"
"35.12.11","351211 ","35.12","Arjasa","2024-03-02 20:05:33.162788+07","2024-03-02 20:05:33.162788+07"
"35.12.12","351212 ","35.12","Jangkar","2024-03-02 20:05:33.162788+07","2024-03-02 20:05:33.162788+07"
"35.12.13","351213 ","35.12","Asembagus","2024-03-02 20:05:33.162788+07","2024-03-02 20:05:33.162788+07"
"35.12.14","351214 ","35.12","Banyuputih","2024-03-02 20:05:33.162788+07","2024-03-02 20:05:33.162788+07"
"35.12.15","351215 ","35.12","Sumbermalang","2024-03-02 20:05:33.162788+07","2024-03-02 20:05:33.162788+07"
"35.12.16","351216 ","35.12","Banyuglugur","2024-03-02 20:05:33.162788+07","2024-03-02 20:05:33.162788+07"
"35.12.17","351217 ","35.12","Bungatan","2024-03-02 20:05:33.162788+07","2024-03-02 20:05:33.162788+07"
"35.13.01","351301 ","35.13","Sukapura","2024-03-02 20:05:33.162788+07","2024-03-02 20:05:33.162788+07"
"35.13.02","351302 ","35.13","Sumber","2024-03-02 20:05:33.162788+07","2024-03-02 20:05:33.162788+07"
"35.13.03","351303 ","35.13","Kuripan","2024-03-02 20:05:33.162788+07","2024-03-02 20:05:33.162788+07"
"35.13.04","351304 ","35.13","Bantaran","2024-03-02 20:05:33.162788+07","2024-03-02 20:05:33.162788+07"
"35.13.05","351305 ","35.13","Leces","2024-03-02 20:05:33.162788+07","2024-03-02 20:05:33.162788+07"
"35.13.06","351306 ","35.13","Banyuanyar","2024-03-02 20:05:33.162788+07","2024-03-02 20:05:33.162788+07"
"35.13.07","351307 ","35.13","Tiris","2024-03-02 20:05:33.162788+07","2024-03-02 20:05:33.162788+07"
"35.13.08","351308 ","35.13","Krucil","2024-03-02 20:05:33.162788+07","2024-03-02 20:05:33.162788+07"
"35.13.09","351309 ","35.13","Gading","2024-03-02 20:05:33.162788+07","2024-03-02 20:05:33.162788+07"
"35.13.10","351310 ","35.13","Pakuniran","2024-03-02 20:05:33.162788+07","2024-03-02 20:05:33.162788+07"
"35.13.11","351311 ","35.13","Kotaanyar","2024-03-02 20:05:33.162788+07","2024-03-02 20:05:33.162788+07"
"35.13.12","351312 ","35.13","Paiton","2024-03-02 20:05:33.162788+07","2024-03-02 20:05:33.162788+07"
"35.13.13","351313 ","35.13","Besuk","2024-03-02 20:05:33.162788+07","2024-03-02 20:05:33.162788+07"
"35.13.14","351314 ","35.13","Kraksaan","2024-03-02 20:05:33.162788+07","2024-03-02 20:05:33.162788+07"
"35.13.15","351315 ","35.13","Krejengan","2024-03-02 20:05:33.162788+07","2024-03-02 20:05:33.162788+07"
"35.13.16","351316 ","35.13","Pejarakan","2024-03-02 20:05:33.162788+07","2024-03-02 20:05:33.162788+07"
"35.13.17","351317 ","35.13","Maron","2024-03-02 20:05:33.162788+07","2024-03-02 20:05:33.162788+07"
"35.13.18","351318 ","35.13","Gending","2024-03-02 20:05:33.162788+07","2024-03-02 20:05:33.162788+07"
"35.13.19","351319 ","35.13","Dringu","2024-03-02 20:05:33.162788+07","2024-03-02 20:05:33.162788+07"
"35.13.20","351320 ","35.13","Tegalsiwalan","2024-03-02 20:05:33.162788+07","2024-03-02 20:05:33.162788+07"
"35.13.21","351321 ","35.13","Sumberasih","2024-03-02 20:05:33.162788+07","2024-03-02 20:05:33.162788+07"
"35.13.22","351322 ","35.13","Wonomerto","2024-03-02 20:05:33.162788+07","2024-03-02 20:05:33.162788+07"
"35.13.23","351323 ","35.13","Tongas","2024-03-02 20:05:33.162788+07","2024-03-02 20:05:33.162788+07"
"35.13.24","351324 ","35.13","Lumbang","2024-03-02 20:05:33.162788+07","2024-03-02 20:05:33.162788+07"
"35.14.01","351401 ","35.14","Purwodadi","2024-03-02 20:05:33.162788+07","2024-03-02 20:05:33.162788+07"
"35.14.02","351402 ","35.14","Tutur","2024-03-02 20:05:33.162788+07","2024-03-02 20:05:33.162788+07"
"35.14.03","351403 ","35.14","Puspo","2024-03-02 20:05:33.162788+07","2024-03-02 20:05:33.162788+07"
"35.14.04","351404 ","35.14","Lumbang","2024-03-02 20:05:33.162788+07","2024-03-02 20:05:33.162788+07"
"35.14.05","351405 ","35.14","Pasrepan","2024-03-02 20:05:33.162788+07","2024-03-02 20:05:33.162788+07"
"35.14.06","351406 ","35.14","Kejayan","2024-03-02 20:05:33.162788+07","2024-03-02 20:05:33.162788+07"
"35.14.07","351407 ","35.14","Wonorejo","2024-03-02 20:05:33.162788+07","2024-03-02 20:05:33.162788+07"
"35.14.08","351408 ","35.14","Purwosari","2024-03-02 20:05:33.162788+07","2024-03-02 20:05:33.162788+07"
"35.14.09","351409 ","35.14","Sukorejo","2024-03-02 20:05:33.162788+07","2024-03-02 20:05:33.162788+07"
"35.14.10","351410 ","35.14","Prigen","2024-03-02 20:05:33.162788+07","2024-03-02 20:05:33.162788+07"
"35.14.11","351411 ","35.14","Pandaan","2024-03-02 20:05:33.162788+07","2024-03-02 20:05:33.162788+07"
"35.14.12","351412 ","35.14","Gempol","2024-03-02 20:05:33.162788+07","2024-03-02 20:05:33.162788+07"
"35.14.13","351413 ","35.14","Beji","2024-03-02 20:05:33.162788+07","2024-03-02 20:05:33.162788+07"
"35.14.14","351414 ","35.14","Bangil","2024-03-02 20:05:33.162788+07","2024-03-02 20:05:33.162788+07"
"35.14.15","351415 ","35.14","Rembang","2024-03-02 20:05:33.162788+07","2024-03-02 20:05:33.162788+07"
"35.14.16","351416 ","35.14","Kraton","2024-03-02 20:05:33.162788+07","2024-03-02 20:05:33.162788+07"
"35.14.17","351417 ","35.14","Pohjentrek","2024-03-02 20:05:33.162788+07","2024-03-02 20:05:33.162788+07"
"35.14.18","351418 ","35.14","Gondangwetan","2024-03-02 20:05:33.162788+07","2024-03-02 20:05:33.162788+07"
"35.14.19","351419 ","35.14","Winongan","2024-03-02 20:05:33.162788+07","2024-03-02 20:05:33.162788+07"
"35.14.20","351420 ","35.14","Grati","2024-03-02 20:05:33.162788+07","2024-03-02 20:05:33.162788+07"
"35.14.21","351421 ","35.14","Nguling","2024-03-02 20:05:33.162788+07","2024-03-02 20:05:33.162788+07"
"35.14.22","351422 ","35.14","Lekok","2024-03-02 20:05:33.162788+07","2024-03-02 20:05:33.162788+07"
"35.14.23","351423 ","35.14","Rejoso","2024-03-02 20:05:33.162788+07","2024-03-02 20:05:33.162788+07"
"35.14.24","351424 ","35.14","Tosari","2024-03-02 20:05:33.162788+07","2024-03-02 20:05:33.162788+07"
"35.15.01","351501 ","35.15","Tarik","2024-03-02 20:05:33.162788+07","2024-03-02 20:05:33.162788+07"
"35.15.02","351502 ","35.15","Prambon","2024-03-02 20:05:33.162788+07","2024-03-02 20:05:33.162788+07"
"35.15.03","351503 ","35.15","Krembung","2024-03-02 20:05:33.162788+07","2024-03-02 20:05:33.162788+07"
"35.15.04","351504 ","35.15","Porong","2024-03-02 20:05:33.162788+07","2024-03-02 20:05:33.162788+07"
"35.15.05","351505 ","35.15","Jabon","2024-03-02 20:05:33.162788+07","2024-03-02 20:05:33.162788+07"
"35.15.06","351506 ","35.15","Tanggulangin","2024-03-02 20:05:33.162788+07","2024-03-02 20:05:33.162788+07"
"35.15.07","351507 ","35.15","Candi","2024-03-02 20:05:33.162788+07","2024-03-02 20:05:33.162788+07"
"35.15.08","351508 ","35.15","Sidoarjo","2024-03-02 20:05:33.162788+07","2024-03-02 20:05:33.162788+07"
"35.15.09","351509 ","35.15","Tulangan","2024-03-02 20:05:33.162788+07","2024-03-02 20:05:33.162788+07"
"35.15.10","351510 ","35.15","Wonoayu","2024-03-02 20:05:33.162788+07","2024-03-02 20:05:33.162788+07"
"35.15.11","351511 ","35.15","Krian","2024-03-02 20:05:33.162788+07","2024-03-02 20:05:33.162788+07"
"35.15.12","351512 ","35.15","Balongbendo","2024-03-02 20:05:33.162788+07","2024-03-02 20:05:33.162788+07"
"35.15.13","351513 ","35.15","Taman","2024-03-02 20:05:33.162788+07","2024-03-02 20:05:33.162788+07"
"35.15.14","351514 ","35.15","Sukodono","2024-03-02 20:05:33.162788+07","2024-03-02 20:05:33.162788+07"
"35.15.15","351515 ","35.15","Buduran","2024-03-02 20:05:33.162788+07","2024-03-02 20:05:33.162788+07"
"35.15.16","351516 ","35.15","Gedangan","2024-03-02 20:05:33.162788+07","2024-03-02 20:05:33.162788+07"
"35.15.17","351517 ","35.15","Sedati","2024-03-02 20:05:33.162788+07","2024-03-02 20:05:33.162788+07"
"35.15.18","351518 ","35.15","Waru","2024-03-02 20:05:33.162788+07","2024-03-02 20:05:33.162788+07"
"35.16.01","351601 ","35.16","Jatirejo","2024-03-02 20:05:33.162788+07","2024-03-02 20:05:33.162788+07"
"35.16.02","351602 ","35.16","Gondang","2024-03-02 20:05:33.162788+07","2024-03-02 20:05:33.162788+07"
"35.16.03","351603 ","35.16","Pacet","2024-03-02 20:05:33.162788+07","2024-03-02 20:05:33.162788+07"
"35.16.04","351604 ","35.16","Trawas","2024-03-02 20:05:33.162788+07","2024-03-02 20:05:33.162788+07"
"35.16.05","351605 ","35.16","Ngoro","2024-03-02 20:05:33.162788+07","2024-03-02 20:05:33.162788+07"
"35.16.06","351606 ","35.16","Pungging","2024-03-02 20:05:33.162788+07","2024-03-02 20:05:33.162788+07"
"35.16.07","351607 ","35.16","Kutorejo","2024-03-02 20:05:33.162788+07","2024-03-02 20:05:33.162788+07"
"35.16.08","351608 ","35.16","Mojosari","2024-03-02 20:05:33.162788+07","2024-03-02 20:05:33.162788+07"
"35.16.09","351609 ","35.16","Dlanggu","2024-03-02 20:05:33.162788+07","2024-03-02 20:05:33.162788+07"
"35.16.10","351610 ","35.16","Bangsal","2024-03-02 20:05:33.162788+07","2024-03-02 20:05:33.162788+07"
"35.16.11","351611 ","35.16","Puri","2024-03-02 20:05:33.162788+07","2024-03-02 20:05:33.162788+07"
"35.16.12","351612 ","35.16","Trowulan","2024-03-02 20:05:33.162788+07","2024-03-02 20:05:33.162788+07"
"35.16.13","351613 ","35.16","Sooko","2024-03-02 20:05:33.162788+07","2024-03-02 20:05:33.162788+07"
"35.16.14","351614 ","35.16","Gedeg","2024-03-02 20:05:33.162788+07","2024-03-02 20:05:33.162788+07"
"35.16.15","351615 ","35.16","Kemlagi","2024-03-02 20:05:33.162788+07","2024-03-02 20:05:33.162788+07"
"35.16.16","351616 ","35.16","Jetis","2024-03-02 20:05:33.162788+07","2024-03-02 20:05:33.162788+07"
"35.16.17","351617 ","35.16","Dawarblandong","2024-03-02 20:05:33.162788+07","2024-03-02 20:05:33.162788+07"
"35.16.18","351618 ","35.16","Mojoanyar","2024-03-02 20:05:33.162788+07","2024-03-02 20:05:33.162788+07"
"35.17.01","351701 ","35.17","Perak","2024-03-02 20:05:33.162788+07","2024-03-02 20:05:33.162788+07"
"35.17.02","351702 ","35.17","Gudo","2024-03-02 20:05:33.162788+07","2024-03-02 20:05:33.162788+07"
"35.17.03","351703 ","35.17","Ngoro","2024-03-02 20:05:33.162788+07","2024-03-02 20:05:33.162788+07"
"35.17.04","351704 ","35.17","Bareng","2024-03-02 20:05:33.162788+07","2024-03-02 20:05:33.162788+07"
"35.17.05","351705 ","35.17","Wonosalam","2024-03-02 20:05:33.162788+07","2024-03-02 20:05:33.162788+07"
"35.17.06","351706 ","35.17","Mojoagung","2024-03-02 20:05:33.162788+07","2024-03-02 20:05:33.162788+07"
"35.17.07","351707 ","35.17","Mojowarno","2024-03-02 20:05:33.162788+07","2024-03-02 20:05:33.162788+07"
"35.17.08","351708 ","35.17","Diwek","2024-03-02 20:05:33.162788+07","2024-03-02 20:05:33.162788+07"
"35.17.09","351709 ","35.17","Jombang","2024-03-02 20:05:33.162788+07","2024-03-02 20:05:33.162788+07"
"35.17.10","351710 ","35.17","Peterongan","2024-03-02 20:05:33.162788+07","2024-03-02 20:05:33.162788+07"
"35.17.11","351711 ","35.17","Sumobito","2024-03-02 20:05:33.162788+07","2024-03-02 20:05:33.162788+07"
"35.17.12","351712 ","35.17","Kesamben","2024-03-02 20:05:33.162788+07","2024-03-02 20:05:33.162788+07"
"35.17.13","351713 ","35.17","Tembelang","2024-03-02 20:05:33.162788+07","2024-03-02 20:05:33.162788+07"
"35.17.14","351714 ","35.17","Ploso","2024-03-02 20:05:33.162788+07","2024-03-02 20:05:33.162788+07"
"35.17.15","351715 ","35.17","Plandaan","2024-03-02 20:05:33.162788+07","2024-03-02 20:05:33.162788+07"
"35.17.16","351716 ","35.17","Kabuh","2024-03-02 20:05:33.162788+07","2024-03-02 20:05:33.162788+07"
"35.17.17","351717 ","35.17","Kudu","2024-03-02 20:05:33.162788+07","2024-03-02 20:05:33.162788+07"
"35.17.18","351718 ","35.17","Bandarkedungmulyo","2024-03-02 20:05:33.162788+07","2024-03-02 20:05:33.162788+07"
"35.17.19","351719 ","35.17","Jogoroto","2024-03-02 20:05:33.162788+07","2024-03-02 20:05:33.162788+07"
"35.17.20","351720 ","35.17","Megaluh","2024-03-02 20:05:33.162788+07","2024-03-02 20:05:33.162788+07"
"35.17.21","351721 ","35.17","Ngusikan","2024-03-02 20:05:33.162788+07","2024-03-02 20:05:33.162788+07"
"35.18.01","351801 ","35.18","Sawahan","2024-03-02 20:05:33.162788+07","2024-03-02 20:05:33.162788+07"
"35.18.02","351802 ","35.18","Ngetos","2024-03-02 20:05:33.162788+07","2024-03-02 20:05:33.162788+07"
"35.18.03","351803 ","35.18","Berbek","2024-03-02 20:05:33.162788+07","2024-03-02 20:05:33.162788+07"
"35.18.04","351804 ","35.18","Loceret","2024-03-02 20:05:33.162788+07","2024-03-02 20:05:33.162788+07"
"35.18.05","351805 ","35.18","Pace","2024-03-02 20:05:33.162788+07","2024-03-02 20:05:33.162788+07"
"35.18.06","351806 ","35.18","Prambon","2024-03-02 20:05:33.162788+07","2024-03-02 20:05:33.162788+07"
"35.18.07","351807 ","35.18","Ngronggot","2024-03-02 20:05:33.162788+07","2024-03-02 20:05:33.162788+07"
"35.18.08","351808 ","35.18","Kertosono","2024-03-02 20:05:33.162788+07","2024-03-02 20:05:33.162788+07"
"35.18.09","351809 ","35.18","Patianrowo","2024-03-02 20:05:33.162788+07","2024-03-02 20:05:33.162788+07"
"35.18.10","351810 ","35.18","Baron","2024-03-02 20:05:33.162788+07","2024-03-02 20:05:33.162788+07"
"35.18.11","351811 ","35.18","Tanjunganom","2024-03-02 20:05:33.162788+07","2024-03-02 20:05:33.162788+07"
"35.18.12","351812 ","35.18","Sukomoro","2024-03-02 20:05:33.162788+07","2024-03-02 20:05:33.162788+07"
"35.18.13","351813 ","35.18","Nganjuk","2024-03-02 20:05:33.162788+07","2024-03-02 20:05:33.162788+07"
"35.18.14","351814 ","35.18","Bagor","2024-03-02 20:05:33.162788+07","2024-03-02 20:05:33.162788+07"
"35.18.15","351815 ","35.18","Wilangan","2024-03-02 20:05:33.162788+07","2024-03-02 20:05:33.162788+07"
"35.18.16","351816 ","35.18","Rejoso","2024-03-02 20:05:33.162788+07","2024-03-02 20:05:33.162788+07"
"35.18.17","351817 ","35.18","Gondang","2024-03-02 20:05:33.162788+07","2024-03-02 20:05:33.162788+07"
"35.18.18","351818 ","35.18","Ngluyu","2024-03-02 20:05:33.162788+07","2024-03-02 20:05:33.162788+07"
"35.18.19","351819 ","35.18","Lengkong","2024-03-02 20:05:33.162788+07","2024-03-02 20:05:33.162788+07"
"35.18.20","351820 ","35.18","Jatikalen","2024-03-02 20:05:33.162788+07","2024-03-02 20:05:33.162788+07"
"35.19.01","351901 ","35.19","Kebon Sari","2024-03-02 20:05:33.162788+07","2024-03-02 20:05:33.162788+07"
"35.19.02","351902 ","35.19","Dolopo","2024-03-02 20:05:33.162788+07","2024-03-02 20:05:33.162788+07"
"35.19.03","351903 ","35.19","Geger","2024-03-02 20:05:33.162788+07","2024-03-02 20:05:33.162788+07"
"35.19.04","351904 ","35.19","Dagangan","2024-03-02 20:05:33.162788+07","2024-03-02 20:05:33.162788+07"
"35.19.05","351905 ","35.19","Kare","2024-03-02 20:05:33.162788+07","2024-03-02 20:05:33.162788+07"
"35.19.06","351906 ","35.19","Gemarang","2024-03-02 20:05:33.162788+07","2024-03-02 20:05:33.162788+07"
"35.19.07","351907 ","35.19","Wungu","2024-03-02 20:05:33.162788+07","2024-03-02 20:05:33.162788+07"
"35.19.08","351908 ","35.19","Madiun","2024-03-02 20:05:33.162788+07","2024-03-02 20:05:33.162788+07"
"35.19.09","351909 ","35.19","Jiwan","2024-03-02 20:05:33.162788+07","2024-03-02 20:05:33.162788+07"
"35.19.10","351910 ","35.19","Balerejo","2024-03-02 20:05:33.162788+07","2024-03-02 20:05:33.162788+07"
"35.19.11","351911 ","35.19","Mejayan","2024-03-02 20:05:33.162788+07","2024-03-02 20:05:33.162788+07"
"35.19.12","351912 ","35.19","Saradan","2024-03-02 20:05:33.162788+07","2024-03-02 20:05:33.162788+07"
"35.19.13","351913 ","35.19","Pilangkenceng","2024-03-02 20:05:33.162788+07","2024-03-02 20:05:33.162788+07"
"35.19.14","351914 ","35.19","Sawahan","2024-03-02 20:05:33.162788+07","2024-03-02 20:05:33.162788+07"
"35.19.15","351915 ","35.19","Wonoasri","2024-03-02 20:05:33.162788+07","2024-03-02 20:05:33.162788+07"
"35.20.01","352001 ","35.20","Poncol","2024-03-02 20:05:33.162788+07","2024-03-02 20:05:33.162788+07"
"35.20.02","352002 ","35.20","Parang","2024-03-02 20:05:33.162788+07","2024-03-02 20:05:33.162788+07"
"35.20.03","352003 ","35.20","Lembeyan","2024-03-02 20:05:33.162788+07","2024-03-02 20:05:33.162788+07"
"35.20.04","352004 ","35.20","Takeran","2024-03-02 20:05:33.162788+07","2024-03-02 20:05:33.162788+07"
"35.20.05","352005 ","35.20","Kawedanan","2024-03-02 20:05:33.162788+07","2024-03-02 20:05:33.162788+07"
"35.20.06","352006 ","35.20","Magetan","2024-03-02 20:05:33.162788+07","2024-03-02 20:05:33.162788+07"
"35.20.07","352007 ","35.20","Plaosan","2024-03-02 20:05:33.162788+07","2024-03-02 20:05:33.162788+07"
"35.20.08","352008 ","35.20","Panekan","2024-03-02 20:05:33.162788+07","2024-03-02 20:05:33.162788+07"
"35.20.09","352009 ","35.20","Sukomoro","2024-03-02 20:05:33.162788+07","2024-03-02 20:05:33.162788+07"
"35.20.10","352010 ","35.20","Bendo","2024-03-02 20:05:33.162788+07","2024-03-02 20:05:33.162788+07"
"35.20.11","352011 ","35.20","Maospati","2024-03-02 20:05:33.162788+07","2024-03-02 20:05:33.162788+07"
"35.20.12","352012 ","35.20","Barat","2024-03-02 20:05:33.162788+07","2024-03-02 20:05:33.162788+07"
"35.20.13","352013 ","35.20","Karangrejo","2024-03-02 20:05:33.162788+07","2024-03-02 20:05:33.162788+07"
"35.20.14","352014 ","35.20","Karas","2024-03-02 20:05:33.162788+07","2024-03-02 20:05:33.162788+07"
"35.20.15","352015 ","35.20","Kartoharjo","2024-03-02 20:05:33.162788+07","2024-03-02 20:05:33.162788+07"
"35.20.16","352016 ","35.20","Ngariboyo","2024-03-02 20:05:33.162788+07","2024-03-02 20:05:33.162788+07"
"35.20.17","352017 ","35.20","Nguntoronadi","2024-03-02 20:05:33.162788+07","2024-03-02 20:05:33.162788+07"
"35.20.18","352018 ","35.20","Sidorejo","2024-03-02 20:05:33.162788+07","2024-03-02 20:05:33.162788+07"
"35.21.01","352101 ","35.21","Sine","2024-03-02 20:05:33.162788+07","2024-03-02 20:05:33.162788+07"
"35.21.02","352102 ","35.21","Ngrambe","2024-03-02 20:05:33.162788+07","2024-03-02 20:05:33.162788+07"
"35.21.03","352103 ","35.21","Jogorogo","2024-03-02 20:05:33.162788+07","2024-03-02 20:05:33.162788+07"
"35.21.04","352104 ","35.21","Kendal","2024-03-02 20:05:33.162788+07","2024-03-02 20:05:33.162788+07"
"35.21.05","352105 ","35.21","Geneng","2024-03-02 20:05:33.162788+07","2024-03-02 20:05:33.162788+07"
"35.21.06","352106 ","35.21","Kwadungan","2024-03-02 20:05:33.162788+07","2024-03-02 20:05:33.162788+07"
"35.21.07","352107 ","35.21","Karangjati","2024-03-02 20:05:33.162788+07","2024-03-02 20:05:33.162788+07"
"35.21.08","352108 ","35.21","Padas","2024-03-02 20:05:33.162788+07","2024-03-02 20:05:33.162788+07"
"35.21.09","352109 ","35.21","Ngawi","2024-03-02 20:05:33.162788+07","2024-03-02 20:05:33.162788+07"
"35.21.10","352110 ","35.21","Paron","2024-03-02 20:05:33.162788+07","2024-03-02 20:05:33.162788+07"
"35.21.11","352111 ","35.21","Kedunggalar","2024-03-02 20:05:33.162788+07","2024-03-02 20:05:33.162788+07"
"35.21.12","352112 ","35.21","Widodaren","2024-03-02 20:05:33.162788+07","2024-03-02 20:05:33.162788+07"
"35.21.13","352113 ","35.21","Mantingan","2024-03-02 20:05:33.162788+07","2024-03-02 20:05:33.162788+07"
"35.21.14","352114 ","35.21","Pangkur","2024-03-02 20:05:33.162788+07","2024-03-02 20:05:33.162788+07"
"35.21.15","352115 ","35.21","Bringin","2024-03-02 20:05:33.162788+07","2024-03-02 20:05:33.162788+07"
"35.21.16","352116 ","35.21","Pitu","2024-03-02 20:05:33.162788+07","2024-03-02 20:05:33.162788+07"
"35.21.17","352117 ","35.21","Karanganyar","2024-03-02 20:05:33.162788+07","2024-03-02 20:05:33.162788+07"
"35.21.18","352118 ","35.21","Gerih","2024-03-02 20:05:33.162788+07","2024-03-02 20:05:33.162788+07"
"35.21.19","352119 ","35.21","Kasreman","2024-03-02 20:05:33.162788+07","2024-03-02 20:05:33.162788+07"
"35.22.01","352201 ","35.22","Ngraho","2024-03-02 20:05:33.162788+07","2024-03-02 20:05:33.162788+07"
"35.22.02","352202 ","35.22","Tambakrejo","2024-03-02 20:05:33.162788+07","2024-03-02 20:05:33.162788+07"
"35.22.03","352203 ","35.22","Ngambon","2024-03-02 20:05:33.162788+07","2024-03-02 20:05:33.162788+07"
"35.22.04","352204 ","35.22","Ngasem","2024-03-02 20:05:33.162788+07","2024-03-02 20:05:33.162788+07"
"35.22.05","352205 ","35.22","Bubulan","2024-03-02 20:05:33.162788+07","2024-03-02 20:05:33.162788+07"
"35.22.06","352206 ","35.22","Dander","2024-03-02 20:05:33.162788+07","2024-03-02 20:05:33.162788+07"
"35.22.07","352207 ","35.22","Sugihwaras","2024-03-02 20:05:33.162788+07","2024-03-02 20:05:33.162788+07"
"35.22.08","352208 ","35.22","Kedungadem","2024-03-02 20:05:33.162788+07","2024-03-02 20:05:33.162788+07"
"35.22.09","352209 ","35.22","Kepohbaru","2024-03-02 20:05:33.162788+07","2024-03-02 20:05:33.162788+07"
"35.22.10","352210 ","35.22","Baureno","2024-03-02 20:05:33.162788+07","2024-03-02 20:05:33.162788+07"
"35.22.11","352211 ","35.22","Kanor","2024-03-02 20:05:33.162788+07","2024-03-02 20:05:33.162788+07"
"35.22.12","352212 ","35.22","Sumberejo","2024-03-02 20:05:33.162788+07","2024-03-02 20:05:33.162788+07"
"35.22.13","352213 ","35.22","Balen","2024-03-02 20:05:33.162788+07","2024-03-02 20:05:33.162788+07"
"35.22.14","352214 ","35.22","Kapas","2024-03-02 20:05:33.162788+07","2024-03-02 20:05:33.162788+07"
"35.22.15","352215 ","35.22","Bojonegoro","2024-03-02 20:05:33.162788+07","2024-03-02 20:05:33.162788+07"
"35.22.16","352216 ","35.22","Kalitidu","2024-03-02 20:05:33.162788+07","2024-03-02 20:05:33.162788+07"
"35.22.17","352217 ","35.22","Malo","2024-03-02 20:05:33.162788+07","2024-03-02 20:05:33.162788+07"
"35.22.18","352218 ","35.22","Purwosari","2024-03-02 20:05:33.162788+07","2024-03-02 20:05:33.162788+07"
"35.22.19","352219 ","35.22","Padangan","2024-03-02 20:05:33.162788+07","2024-03-02 20:05:33.162788+07"
"35.22.20","352220 ","35.22","Kasiman","2024-03-02 20:05:33.162788+07","2024-03-02 20:05:33.162788+07"
"35.22.21","352221 ","35.22","Temayang","2024-03-02 20:05:33.162788+07","2024-03-02 20:05:33.162788+07"
"35.22.22","352222 ","35.22","Margomulyo","2024-03-02 20:05:33.162788+07","2024-03-02 20:05:33.162788+07"
"35.22.23","352223 ","35.22","Trucuk","2024-03-02 20:05:33.162788+07","2024-03-02 20:05:33.162788+07"
"35.22.24","352224 ","35.22","Sukosewu","2024-03-02 20:05:33.162788+07","2024-03-02 20:05:33.162788+07"
"35.22.25","352225 ","35.22","Kedewan","2024-03-02 20:05:33.162788+07","2024-03-02 20:05:33.162788+07"
"35.22.26","352226 ","35.22","Gondang","2024-03-02 20:05:33.162788+07","2024-03-02 20:05:33.162788+07"
"35.22.27","352227 ","35.22","Sekar","2024-03-02 20:05:33.162788+07","2024-03-02 20:05:33.162788+07"
"35.22.28","352228 ","35.22","Gayam","2024-03-02 20:05:33.162788+07","2024-03-02 20:05:33.162788+07"
"35.23.01","352301 ","35.23","Kenduruan","2024-03-02 20:05:33.162788+07","2024-03-02 20:05:33.162788+07"
"35.23.02","352302 ","35.23","Jatirogo","2024-03-02 20:05:33.162788+07","2024-03-02 20:05:33.162788+07"
"35.23.03","352303 ","35.23","Bangilan","2024-03-02 20:05:33.162788+07","2024-03-02 20:05:33.162788+07"
"35.23.04","352304 ","35.23","Bancar","2024-03-02 20:05:33.162788+07","2024-03-02 20:05:33.162788+07"
"35.23.05","352305 ","35.23","Senori","2024-03-02 20:05:33.162788+07","2024-03-02 20:05:33.162788+07"
"35.23.06","352306 ","35.23","Tambakboyo","2024-03-02 20:05:33.162788+07","2024-03-02 20:05:33.162788+07"
"35.23.07","352307 ","35.23","Singgahan","2024-03-02 20:05:33.162788+07","2024-03-02 20:05:33.162788+07"
"35.23.08","352308 ","35.23","Kerek","2024-03-02 20:05:33.162788+07","2024-03-02 20:05:33.162788+07"
"35.23.09","352309 ","35.23","Parengan","2024-03-02 20:05:33.162788+07","2024-03-02 20:05:33.162788+07"
"35.23.10","352310 ","35.23","Montong","2024-03-02 20:05:33.162788+07","2024-03-02 20:05:33.162788+07"
"35.23.11","352311 ","35.23","Soko","2024-03-02 20:05:33.162788+07","2024-03-02 20:05:33.162788+07"
"35.23.12","352312 ","35.23","Jenu","2024-03-02 20:05:33.162788+07","2024-03-02 20:05:33.162788+07"
"35.23.13","352313 ","35.23","Merakurak","2024-03-02 20:05:33.162788+07","2024-03-02 20:05:33.162788+07"
"35.23.14","352314 ","35.23","Rengel","2024-03-02 20:05:33.162788+07","2024-03-02 20:05:33.162788+07"
"35.23.15","352315 ","35.23","Semanding","2024-03-02 20:05:33.162788+07","2024-03-02 20:05:33.162788+07"
"35.23.16","352316 ","35.23","Tuban","2024-03-02 20:05:33.162788+07","2024-03-02 20:05:33.162788+07"
"35.23.17","352317 ","35.23","Plumpang","2024-03-02 20:05:33.162788+07","2024-03-02 20:05:33.162788+07"
"35.23.18","352318 ","35.23","Palang","2024-03-02 20:05:33.162788+07","2024-03-02 20:05:33.162788+07"
"35.23.19","352319 ","35.23","Widang","2024-03-02 20:05:33.162788+07","2024-03-02 20:05:33.162788+07"
"35.23.20","352320 ","35.23","Grabagan","2024-03-02 20:05:33.162788+07","2024-03-02 20:05:33.162788+07"
"35.24.01","352401 ","35.24","Sukorame","2024-03-02 20:05:33.162788+07","2024-03-02 20:05:33.162788+07"
"35.24.02","352402 ","35.24","Bluluk","2024-03-02 20:05:33.162788+07","2024-03-02 20:05:33.162788+07"
"35.24.03","352403 ","35.24","Modo","2024-03-02 20:05:33.162788+07","2024-03-02 20:05:33.162788+07"
"35.24.04","352404 ","35.24","Ngimbang","2024-03-02 20:05:33.162788+07","2024-03-02 20:05:33.162788+07"
"35.24.05","352405 ","35.24","Babat","2024-03-02 20:05:33.162788+07","2024-03-02 20:05:33.162788+07"
"35.24.06","352406 ","35.24","Kedungpring","2024-03-02 20:05:33.162788+07","2024-03-02 20:05:33.162788+07"
"35.24.07","352407 ","35.24","Brondong","2024-03-02 20:05:33.162788+07","2024-03-02 20:05:33.162788+07"
"35.24.08","352408 ","35.24","Laren","2024-03-02 20:05:33.162788+07","2024-03-02 20:05:33.162788+07"
"35.24.09","352409 ","35.24","Sekaran","2024-03-02 20:05:33.162788+07","2024-03-02 20:05:33.162788+07"
"35.24.10","352410 ","35.24","Maduran","2024-03-02 20:05:33.162788+07","2024-03-02 20:05:33.162788+07"
"35.24.11","352411 ","35.24","Sambeng","2024-03-02 20:05:33.162788+07","2024-03-02 20:05:33.162788+07"
"35.24.12","352412 ","35.24","Sugio","2024-03-02 20:05:33.162788+07","2024-03-02 20:05:33.162788+07"
"35.24.13","352413 ","35.24","Pucuk","2024-03-02 20:05:33.162788+07","2024-03-02 20:05:33.162788+07"
"35.24.14","352414 ","35.24","Paciran","2024-03-02 20:05:33.162788+07","2024-03-02 20:05:33.162788+07"
"35.24.15","352415 ","35.24","Solokuro","2024-03-02 20:05:33.162788+07","2024-03-02 20:05:33.162788+07"
"35.24.16","352416 ","35.24","Mantup","2024-03-02 20:05:33.162788+07","2024-03-02 20:05:33.162788+07"
"35.24.17","352417 ","35.24","Sukodadi","2024-03-02 20:05:33.162788+07","2024-03-02 20:05:33.162788+07"
"35.24.18","352418 ","35.24","Karanggeneng","2024-03-02 20:05:33.162788+07","2024-03-02 20:05:33.162788+07"
"35.24.19","352419 ","35.24","Kembangbahu","2024-03-02 20:05:33.162788+07","2024-03-02 20:05:33.162788+07"
"35.24.20","352420 ","35.24","Kalitengah","2024-03-02 20:05:33.162788+07","2024-03-02 20:05:33.162788+07"
"35.24.21","352421 ","35.24","Turi","2024-03-02 20:05:33.162788+07","2024-03-02 20:05:33.162788+07"
"35.24.22","352422 ","35.24","Lamongan","2024-03-02 20:05:33.162788+07","2024-03-02 20:05:33.162788+07"
"35.24.23","352423 ","35.24","Tikung","2024-03-02 20:05:33.162788+07","2024-03-02 20:05:33.162788+07"
"35.24.24","352424 ","35.24","Karangbinangun","2024-03-02 20:05:33.162788+07","2024-03-02 20:05:33.162788+07"
"35.24.25","352425 ","35.24","Deket","2024-03-02 20:05:33.162788+07","2024-03-02 20:05:33.162788+07"
"35.24.26","352426 ","35.24","Glagah","2024-03-02 20:05:33.162788+07","2024-03-02 20:05:33.162788+07"
"35.24.27","352427 ","35.24","Sarirejo","2024-03-02 20:05:33.162788+07","2024-03-02 20:05:33.162788+07"
"35.25.01","352501 ","35.25","Dukun","2024-03-02 20:05:33.162788+07","2024-03-02 20:05:33.162788+07"
"35.25.02","352502 ","35.25","Balongpanggang","2024-03-02 20:05:33.162788+07","2024-03-02 20:05:33.162788+07"
"35.25.03","352503 ","35.25","Panceng","2024-03-02 20:05:33.162788+07","2024-03-02 20:05:33.162788+07"
"35.25.04","352504 ","35.25","Benjeng","2024-03-02 20:05:33.162788+07","2024-03-02 20:05:33.162788+07"
"35.25.05","352505 ","35.25","Duduksampeyan","2024-03-02 20:05:33.162788+07","2024-03-02 20:05:33.162788+07"
"35.25.06","352506 ","35.25","Wringinanom","2024-03-02 20:05:33.162788+07","2024-03-02 20:05:33.162788+07"
"35.25.07","352507 ","35.25","Ujungpangkah","2024-03-02 20:05:33.162788+07","2024-03-02 20:05:33.162788+07"
"35.25.08","352508 ","35.25","Kedamean","2024-03-02 20:05:33.162788+07","2024-03-02 20:05:33.162788+07"
"35.25.09","352509 ","35.25","Sidayu","2024-03-02 20:05:33.162788+07","2024-03-02 20:05:33.162788+07"
"35.25.10","352510 ","35.25","Manyar","2024-03-02 20:05:33.162788+07","2024-03-02 20:05:33.162788+07"
"35.25.11","352511 ","35.25","Cerme","2024-03-02 20:05:33.162788+07","2024-03-02 20:05:33.162788+07"
"35.25.12","352512 ","35.25","Bungah","2024-03-02 20:05:33.162788+07","2024-03-02 20:05:33.162788+07"
"35.25.13","352513 ","35.25","Menganti","2024-03-02 20:05:33.162788+07","2024-03-02 20:05:33.162788+07"
"35.25.14","352514 ","35.25","Kebomas","2024-03-02 20:05:33.162788+07","2024-03-02 20:05:33.162788+07"
"35.25.15","352515 ","35.25","Driyorejo","2024-03-02 20:05:33.162788+07","2024-03-02 20:05:33.162788+07"
"35.25.16","352516 ","35.25","Gresik","2024-03-02 20:05:33.162788+07","2024-03-02 20:05:33.162788+07"
"35.25.17","352517 ","35.25","Sangkapura","2024-03-02 20:05:33.162788+07","2024-03-02 20:05:33.162788+07"
"35.25.18","352518 ","35.25","Tambak","2024-03-02 20:05:33.162788+07","2024-03-02 20:05:33.162788+07"
"35.26.01","352601 ","35.26","Bangkalan","2024-03-02 20:05:33.162788+07","2024-03-02 20:05:33.162788+07"
"35.26.02","352602 ","35.26","Socah","2024-03-02 20:05:33.162788+07","2024-03-02 20:05:33.162788+07"
"35.26.03","352603 ","35.26","Burneh","2024-03-02 20:05:33.162788+07","2024-03-02 20:05:33.162788+07"
"35.26.04","352604 ","35.26","Kamal","2024-03-02 20:05:33.162788+07","2024-03-02 20:05:33.162788+07"
"35.26.05","352605 ","35.26","Arosbaya","2024-03-02 20:05:33.162788+07","2024-03-02 20:05:33.162788+07"
"35.26.06","352606 ","35.26","Geger","2024-03-02 20:05:33.162788+07","2024-03-02 20:05:33.162788+07"
"35.26.07","352607 ","35.26","Klampis","2024-03-02 20:05:33.162788+07","2024-03-02 20:05:33.162788+07"
"35.26.08","352608 ","35.26","Sepulu","2024-03-02 20:05:33.162788+07","2024-03-02 20:05:33.162788+07"
"35.26.09","352609 ","35.26","Tanjung Bumi","2024-03-02 20:05:33.162788+07","2024-03-02 20:05:33.162788+07"
"35.26.10","352610 ","35.26","Kokop","2024-03-02 20:05:33.162788+07","2024-03-02 20:05:33.162788+07"
"35.26.11","352611 ","35.26","Kwanyar","2024-03-02 20:05:33.162788+07","2024-03-02 20:05:33.162788+07"
"35.26.12","352612 ","35.26","Labang","2024-03-02 20:05:33.162788+07","2024-03-02 20:05:33.162788+07"
"35.26.13","352613 ","35.26","Tanah Merah","2024-03-02 20:05:33.162788+07","2024-03-02 20:05:33.162788+07"
"35.26.14","352614 ","35.26","Tragah","2024-03-02 20:05:33.162788+07","2024-03-02 20:05:33.162788+07"
"35.26.15","352615 ","35.26","Blega","2024-03-02 20:05:33.162788+07","2024-03-02 20:05:33.162788+07"
"35.26.16","352616 ","35.26","Modung","2024-03-02 20:05:33.162788+07","2024-03-02 20:05:33.162788+07"
"35.26.17","352617 ","35.26","Konang","2024-03-02 20:05:33.162788+07","2024-03-02 20:05:33.162788+07"
"35.26.18","352618 ","35.26","Galis","2024-03-02 20:05:33.162788+07","2024-03-02 20:05:33.162788+07"
"35.27.01","352701 ","35.27","Sreseh","2024-03-02 20:05:33.162788+07","2024-03-02 20:05:33.162788+07"
"35.27.02","352702 ","35.27","Torjun","2024-03-02 20:05:33.162788+07","2024-03-02 20:05:33.162788+07"
"35.27.03","352703 ","35.27","Sampang","2024-03-02 20:05:33.162788+07","2024-03-02 20:05:33.162788+07"
"35.27.04","352704 ","35.27","Camplong","2024-03-02 20:05:33.162788+07","2024-03-02 20:05:33.162788+07"
"35.27.05","352705 ","35.27","Omben","2024-03-02 20:05:33.162788+07","2024-03-02 20:05:33.162788+07"
"35.27.06","352706 ","35.27","Kedungdung","2024-03-02 20:05:33.162788+07","2024-03-02 20:05:33.162788+07"
"35.27.07","352707 ","35.27","Jrengik","2024-03-02 20:05:33.162788+07","2024-03-02 20:05:33.162788+07"
"35.27.08","352708 ","35.27","Tambelangan","2024-03-02 20:05:33.162788+07","2024-03-02 20:05:33.162788+07"
"35.27.09","352709 ","35.27","Banyuates","2024-03-02 20:05:33.162788+07","2024-03-02 20:05:33.162788+07"
"35.27.10","352710 ","35.27","Robatal","2024-03-02 20:05:33.162788+07","2024-03-02 20:05:33.162788+07"
"35.27.11","352711 ","35.27","Sokobanah","2024-03-02 20:05:33.162788+07","2024-03-02 20:05:33.162788+07"
"35.27.12","352712 ","35.27","Ketapang","2024-03-02 20:05:33.162788+07","2024-03-02 20:05:33.162788+07"
"35.27.13","352713 ","35.27","Pangarengan","2024-03-02 20:05:33.162788+07","2024-03-02 20:05:33.162788+07"
"35.27.14","352714 ","35.27","Karangpenang","2024-03-02 20:05:33.162788+07","2024-03-02 20:05:33.162788+07"
"35.28.01","352801 ","35.28","Tlanakan","2024-03-02 20:05:33.162788+07","2024-03-02 20:05:33.162788+07"
"35.28.02","352802 ","35.28","Pademawu","2024-03-02 20:05:33.162788+07","2024-03-02 20:05:33.162788+07"
"35.28.03","352803 ","35.28","Galis","2024-03-02 20:05:33.162788+07","2024-03-02 20:05:33.162788+07"
"35.28.04","352804 ","35.28","Pamekasan","2024-03-02 20:05:33.162788+07","2024-03-02 20:05:33.162788+07"
"35.28.05","352805 ","35.28","Proppo","2024-03-02 20:05:33.162788+07","2024-03-02 20:05:33.162788+07"
"35.28.06","352806 ","35.28","Palenggaan","2024-03-02 20:05:33.162788+07","2024-03-02 20:05:33.162788+07"
"35.28.07","352807 ","35.28","Pegantenan","2024-03-02 20:05:33.162788+07","2024-03-02 20:05:33.162788+07"
"35.28.08","352808 ","35.28","Larangan","2024-03-02 20:05:33.162788+07","2024-03-02 20:05:33.162788+07"
"35.28.09","352809 ","35.28","Pakong","2024-03-02 20:05:33.162788+07","2024-03-02 20:05:33.162788+07"
"35.28.10","352810 ","35.28","Waru","2024-03-02 20:05:33.162788+07","2024-03-02 20:05:33.162788+07"
"35.28.11","352811 ","35.28","Batumarmar","2024-03-02 20:05:33.162788+07","2024-03-02 20:05:33.162788+07"
"35.28.12","352812 ","35.28","Kadur","2024-03-02 20:05:33.162788+07","2024-03-02 20:05:33.162788+07"
"35.28.13","352813 ","35.28","Pasean","2024-03-02 20:05:33.162788+07","2024-03-02 20:05:33.162788+07"
"35.29.01","352901 ","35.29","Kota Sumenep","2024-03-02 20:05:33.162788+07","2024-03-02 20:05:33.162788+07"
"35.29.02","352902 ","35.29","Kalianget","2024-03-02 20:05:33.162788+07","2024-03-02 20:05:33.162788+07"
"35.29.03","352903 ","35.29","Manding","2024-03-02 20:05:33.162788+07","2024-03-02 20:05:33.162788+07"
"35.29.04","352904 ","35.29","Talango","2024-03-02 20:05:33.162788+07","2024-03-02 20:05:33.162788+07"
"35.29.05","352905 ","35.29","Bluto","2024-03-02 20:05:33.162788+07","2024-03-02 20:05:33.162788+07"
"35.29.06","352906 ","35.29","Saronggi","2024-03-02 20:05:33.162788+07","2024-03-02 20:05:33.162788+07"
"35.29.07","352907 ","35.29","Lenteng","2024-03-02 20:05:33.162788+07","2024-03-02 20:05:33.162788+07"
"35.29.08","352908 ","35.29","Giliginting","2024-03-02 20:05:33.162788+07","2024-03-02 20:05:33.162788+07"
"35.29.09","352909 ","35.29","Guluk-Guluk","2024-03-02 20:05:33.162788+07","2024-03-02 20:05:33.162788+07"
"35.29.10","352910 ","35.29","Ganding","2024-03-02 20:05:33.162788+07","2024-03-02 20:05:33.162788+07"
"35.29.11","352911 ","35.29","Pragaan","2024-03-02 20:05:33.162788+07","2024-03-02 20:05:33.162788+07"
"35.29.12","352912 ","35.29","Ambunten","2024-03-02 20:05:33.162788+07","2024-03-02 20:05:33.162788+07"
"35.29.13","352913 ","35.29","Pasongsongan","2024-03-02 20:05:33.162788+07","2024-03-02 20:05:33.162788+07"
"35.29.14","352914 ","35.29","Dasuk","2024-03-02 20:05:33.162788+07","2024-03-02 20:05:33.162788+07"
"35.29.15","352915 ","35.29","Rubaru","2024-03-02 20:05:33.162788+07","2024-03-02 20:05:33.162788+07"
"35.29.16","352916 ","35.29","Batang Batang","2024-03-02 20:05:33.162788+07","2024-03-02 20:05:33.162788+07"
"35.29.17","352917 ","35.29","Batuputih","2024-03-02 20:05:33.162788+07","2024-03-02 20:05:33.162788+07"
"35.29.18","352918 ","35.29","Dungkek","2024-03-02 20:05:33.162788+07","2024-03-02 20:05:33.162788+07"
"35.29.19","352919 ","35.29","Gapura","2024-03-02 20:05:33.162788+07","2024-03-02 20:05:33.162788+07"
"35.29.20","352920 ","35.29","Gayam","2024-03-02 20:05:33.162788+07","2024-03-02 20:05:33.162788+07"
"35.29.21","352921 ","35.29","Nonggunong","2024-03-02 20:05:33.162788+07","2024-03-02 20:05:33.162788+07"
"35.29.22","352922 ","35.29","Raas","2024-03-02 20:05:33.162788+07","2024-03-02 20:05:33.162788+07"
"35.29.23","352923 ","35.29","Masalembu","2024-03-02 20:05:33.162788+07","2024-03-02 20:05:33.162788+07"
"35.29.24","352924 ","35.29","Arjasa","2024-03-02 20:05:33.162788+07","2024-03-02 20:05:33.162788+07"
"35.29.25","352925 ","35.29","Sapeken","2024-03-02 20:05:33.162788+07","2024-03-02 20:05:33.162788+07"
"35.29.26","352926 ","35.29","Batuan","2024-03-02 20:05:33.162788+07","2024-03-02 20:05:33.162788+07"
"35.29.27","352927 ","35.29","Kangayan","2024-03-02 20:05:33.162788+07","2024-03-02 20:05:33.162788+07"
"35.71.01","357101 ","35.71","Mojoroto","2024-03-02 20:05:33.162788+07","2024-03-02 20:05:33.162788+07"
"35.71.02","357102 ","35.71","Kota","2024-03-02 20:05:33.162788+07","2024-03-02 20:05:33.162788+07"
"35.71.03","357103 ","35.71","Pesantren","2024-03-02 20:05:33.162788+07","2024-03-02 20:05:33.162788+07"
"35.72.01","357201 ","35.72","Kepanjenkidul","2024-03-02 20:05:33.162788+07","2024-03-02 20:05:33.162788+07"
"35.72.02","357202 ","35.72","Sukorejo","2024-03-02 20:05:33.162788+07","2024-03-02 20:05:33.162788+07"
"35.72.03","357203 ","35.72","Sananwetan","2024-03-02 20:05:33.162788+07","2024-03-02 20:05:33.162788+07"
"35.73.01","357301 ","35.73","Blimbing","2024-03-02 20:05:33.162788+07","2024-03-02 20:05:33.162788+07"
"35.73.02","357302 ","35.73","Klojen","2024-03-02 20:05:33.162788+07","2024-03-02 20:05:33.162788+07"
"35.73.03","357303 ","35.73","Kedungkandang","2024-03-02 20:05:33.162788+07","2024-03-02 20:05:33.162788+07"
"35.73.04","357304 ","35.73","Sukun","2024-03-02 20:05:33.162788+07","2024-03-02 20:05:33.162788+07"
"35.73.05","357305 ","35.73","Lowokwaru","2024-03-02 20:05:33.162788+07","2024-03-02 20:05:33.162788+07"
"35.74.01","357401 ","35.74","Kademangan","2024-03-02 20:05:33.162788+07","2024-03-02 20:05:33.162788+07"
"35.74.02","357402 ","35.74","Wonoasih","2024-03-02 20:05:33.162788+07","2024-03-02 20:05:33.162788+07"
"35.74.03","357403 ","35.74","Mayangan","2024-03-02 20:05:33.162788+07","2024-03-02 20:05:33.162788+07"
"35.74.04","357404 ","35.74","Kanigaran","2024-03-02 20:05:33.162788+07","2024-03-02 20:05:33.162788+07"
"35.74.05","357405 ","35.74","Kedopok","2024-03-02 20:05:33.162788+07","2024-03-02 20:05:33.162788+07"
"35.75.01","357501 ","35.75","Gadingrejo","2024-03-02 20:05:33.162788+07","2024-03-02 20:05:33.162788+07"
"35.75.02","357502 ","35.75","Purworejo","2024-03-02 20:05:33.162788+07","2024-03-02 20:05:33.162788+07"
"35.75.03","357503 ","35.75","Bugul Kidul","2024-03-02 20:05:33.162788+07","2024-03-02 20:05:33.162788+07"
"35.75.04","357504 ","35.75","Panggungrejo","2024-03-02 20:05:33.162788+07","2024-03-02 20:05:33.162788+07"
"35.76.01","357601 ","35.76","Prajuritkulon","2024-03-02 20:05:33.162788+07","2024-03-02 20:05:33.162788+07"
"35.76.02","357602 ","35.76","Magersari","2024-03-02 20:05:33.162788+07","2024-03-02 20:05:33.162788+07"
"35.76.03","357603 ","35.76","Kranggan","2024-03-02 20:05:33.162788+07","2024-03-02 20:05:33.162788+07"
"35.77.01","357701 ","35.77","Kartoharjo","2024-03-02 20:05:33.162788+07","2024-03-02 20:05:33.162788+07"
"35.77.02","357702 ","35.77","Manguharjo","2024-03-02 20:05:33.162788+07","2024-03-02 20:05:33.162788+07"
"35.77.03","357703 ","35.77","Taman","2024-03-02 20:05:33.162788+07","2024-03-02 20:05:33.162788+07"
"35.78.01","357801 ","35.78","Karang Pilang","2024-03-02 20:05:33.162788+07","2024-03-02 20:05:33.162788+07"
"35.78.02","357802 ","35.78","Wonocolo","2024-03-02 20:05:33.162788+07","2024-03-02 20:05:33.162788+07"
"35.78.03","357803 ","35.78","Rungkut","2024-03-02 20:05:33.162788+07","2024-03-02 20:05:33.162788+07"
"35.78.04","357804 ","35.78","Wonokromo","2024-03-02 20:05:33.162788+07","2024-03-02 20:05:33.162788+07"
"35.78.05","357805 ","35.78","Tegalsari","2024-03-02 20:05:33.162788+07","2024-03-02 20:05:33.162788+07"
"35.78.06","357806 ","35.78","Sawahan","2024-03-02 20:05:33.162788+07","2024-03-02 20:05:33.162788+07"
"35.78.07","357807 ","35.78","Genteng","2024-03-02 20:05:33.162788+07","2024-03-02 20:05:33.162788+07"
"35.78.08","357808 ","35.78","Gubeng","2024-03-02 20:05:33.162788+07","2024-03-02 20:05:33.162788+07"
"35.78.09","357809 ","35.78","Sukolilo","2024-03-02 20:05:33.162788+07","2024-03-02 20:05:33.162788+07"
"35.78.10","357810 ","35.78","Tambaksari","2024-03-02 20:05:33.162788+07","2024-03-02 20:05:33.162788+07"
"35.78.11","357811 ","35.78","Simokerto","2024-03-02 20:05:33.162788+07","2024-03-02 20:05:33.162788+07"
"35.78.12","357812 ","35.78","Pabean Cantian","2024-03-02 20:05:33.162788+07","2024-03-02 20:05:33.162788+07"
"35.78.13","357813 ","35.78","Bubutan","2024-03-02 20:05:33.162788+07","2024-03-02 20:05:33.162788+07"
"35.78.14","357814 ","35.78","Tandes","2024-03-02 20:05:33.162788+07","2024-03-02 20:05:33.162788+07"
"35.78.15","357815 ","35.78","Krembangan","2024-03-02 20:05:33.162788+07","2024-03-02 20:05:33.162788+07"
"35.78.16","357816 ","35.78","Semampir","2024-03-02 20:05:33.162788+07","2024-03-02 20:05:33.162788+07"
"35.78.17","357817 ","35.78","Kenjeran","2024-03-02 20:05:33.162788+07","2024-03-02 20:05:33.162788+07"
"35.78.18","357818 ","35.78","Lakarsantri","2024-03-02 20:05:33.162788+07","2024-03-02 20:05:33.162788+07"
"35.78.19","357819 ","35.78","Benowo","2024-03-02 20:05:33.162788+07","2024-03-02 20:05:33.162788+07"
"35.78.20","357820 ","35.78","Wiyung","2024-03-02 20:05:33.162788+07","2024-03-02 20:05:33.162788+07"
"35.78.21","357821 ","35.78","Dukuh Pakis","2024-03-02 20:05:33.162788+07","2024-03-02 20:05:33.162788+07"
"35.78.22","357822 ","35.78","Gayungan","2024-03-02 20:05:33.162788+07","2024-03-02 20:05:33.162788+07"
"35.78.23","357823 ","35.78","Jambangan","2024-03-02 20:05:33.162788+07","2024-03-02 20:05:33.162788+07"
"35.78.24","357824 ","35.78","Tenggilis Mejoyo","2024-03-02 20:05:33.162788+07","2024-03-02 20:05:33.162788+07"
"35.78.25","357825 ","35.78","Gunung Anyar","2024-03-02 20:05:33.162788+07","2024-03-02 20:05:33.162788+07"
"35.78.26","357826 ","35.78","Mulyorejo","2024-03-02 20:05:33.162788+07","2024-03-02 20:05:33.162788+07"
"35.78.27","357827 ","35.78","Sukomanunggal","2024-03-02 20:05:33.162788+07","2024-03-02 20:05:33.162788+07"
"35.78.28","357828 ","35.78","Asem Rowo","2024-03-02 20:05:33.162788+07","2024-03-02 20:05:33.162788+07"
"35.78.29","357829 ","35.78","Bulak","2024-03-02 20:05:33.162788+07","2024-03-02 20:05:33.162788+07"
"35.78.30","357830 ","35.78","Pakal","2024-03-02 20:05:33.162788+07","2024-03-02 20:05:33.162788+07"
"35.78.31","357831 ","35.78","Sambikerep","2024-03-02 20:05:33.162788+07","2024-03-02 20:05:33.162788+07"
"35.79.01","357901 ","35.79","Batu","2024-03-02 20:05:33.162788+07","2024-03-02 20:05:33.162788+07"
"35.79.02","357902 ","35.79","Bumiaji","2024-03-02 20:05:33.162788+07","2024-03-02 20:05:33.162788+07"
"35.79.03","357903 ","35.79","Junrejo","2024-03-02 20:05:33.162788+07","2024-03-02 20:05:33.162788+07"
"36.01.01","360101 ","36.01","Sumur","2024-03-02 20:05:33.162788+07","2024-03-02 20:05:33.162788+07"
"36.01.02","360102 ","36.01","Cimanggu","2024-03-02 20:05:33.162788+07","2024-03-02 20:05:33.162788+07"
"36.01.03","360103 ","36.01","Cibaliung","2024-03-02 20:05:33.162788+07","2024-03-02 20:05:33.162788+07"
"36.01.04","360104 ","36.01","Cikeusik","2024-03-02 20:05:33.162788+07","2024-03-02 20:05:33.162788+07"
"36.01.05","360105 ","36.01","Cigeulis","2024-03-02 20:05:33.162788+07","2024-03-02 20:05:33.162788+07"
"36.01.06","360106 ","36.01","Panimbang","2024-03-02 20:05:33.162788+07","2024-03-02 20:05:33.162788+07"
"36.01.07","360107 ","36.01","Angsana","2024-03-02 20:05:33.162788+07","2024-03-02 20:05:33.162788+07"
"36.01.08","360108 ","36.01","Munjul","2024-03-02 20:05:33.162788+07","2024-03-02 20:05:33.162788+07"
"36.01.09","360109 ","36.01","Pagelaran","2024-03-02 20:05:33.162788+07","2024-03-02 20:05:33.162788+07"
"36.01.10","360110 ","36.01","Bojong","2024-03-02 20:05:33.162788+07","2024-03-02 20:05:33.162788+07"
"36.01.11","360111 ","36.01","Picung","2024-03-02 20:05:33.162788+07","2024-03-02 20:05:33.162788+07"
"36.01.12","360112 ","36.01","Labuan","2024-03-02 20:05:33.162788+07","2024-03-02 20:05:33.162788+07"
"36.01.13","360113 ","36.01","Menes","2024-03-02 20:05:33.162788+07","2024-03-02 20:05:33.162788+07"
"36.01.14","360114 ","36.01","Saketi","2024-03-02 20:05:33.162788+07","2024-03-02 20:05:33.162788+07"
"36.01.15","360115 ","36.01","Cipeucang","2024-03-02 20:05:33.162788+07","2024-03-02 20:05:33.162788+07"
"36.01.16","360116 ","36.01","Jiput","2024-03-02 20:05:33.162788+07","2024-03-02 20:05:33.162788+07"
"36.01.17","360117 ","36.01","Mandalawangi","2024-03-02 20:05:33.162788+07","2024-03-02 20:05:33.162788+07"
"36.01.18","360118 ","36.01","Cimanuk","2024-03-02 20:05:33.162788+07","2024-03-02 20:05:33.162788+07"
"36.01.19","360119 ","36.01","Kaduhejo","2024-03-02 20:05:33.162788+07","2024-03-02 20:05:33.162788+07"
"36.01.20","360120 ","36.01","Banjar","2024-03-02 20:05:33.162788+07","2024-03-02 20:05:33.162788+07"
"36.01.21","360121 ","36.01","Pandeglang","2024-03-02 20:05:33.162788+07","2024-03-02 20:05:33.162788+07"
"36.01.22","360122 ","36.01","Cadasari","2024-03-02 20:05:33.162788+07","2024-03-02 20:05:33.162788+07"
"36.01.23","360123 ","36.01","Cisata","2024-03-02 20:05:33.162788+07","2024-03-02 20:05:33.162788+07"
"36.01.24","360124 ","36.01","Patia","2024-03-02 20:05:33.162788+07","2024-03-02 20:05:33.162788+07"
"36.01.25","360125 ","36.01","Karang Tanjung","2024-03-02 20:05:33.162788+07","2024-03-02 20:05:33.162788+07"
"36.01.26","360126 ","36.01","Cikedal","2024-03-02 20:05:33.162788+07","2024-03-02 20:05:33.162788+07"
"36.01.27","360127 ","36.01","Cibitung","2024-03-02 20:05:33.162788+07","2024-03-02 20:05:33.162788+07"
"36.01.28","360128 ","36.01","Carita","2024-03-02 20:05:33.162788+07","2024-03-02 20:05:33.162788+07"
"36.01.29","360129 ","36.01","Sukaresmi","2024-03-02 20:05:33.162788+07","2024-03-02 20:05:33.162788+07"
"36.01.30","360130 ","36.01","Mekarjaya","2024-03-02 20:05:33.162788+07","2024-03-02 20:05:33.162788+07"
"36.01.31","360131 ","36.01","Sindangresmi","2024-03-02 20:05:33.162788+07","2024-03-02 20:05:33.162788+07"
"36.01.32","360132 ","36.01","Pulosari","2024-03-02 20:05:33.162788+07","2024-03-02 20:05:33.162788+07"
"36.01.33","360133 ","36.01","Koroncong","2024-03-02 20:05:33.162788+07","2024-03-02 20:05:33.162788+07"
"36.01.34","360134 ","36.01","Majasari","2024-03-02 20:05:33.162788+07","2024-03-02 20:05:33.162788+07"
"36.01.35","360135 ","36.01","Sobang","2024-03-02 20:05:33.162788+07","2024-03-02 20:05:33.162788+07"
"36.02.01","360201 ","36.02","Malingping","2024-03-02 20:05:33.162788+07","2024-03-02 20:05:33.162788+07"
"36.02.02","360202 ","36.02","Panggarangan","2024-03-02 20:05:33.162788+07","2024-03-02 20:05:33.162788+07"
"36.02.03","360203 ","36.02","Bayah","2024-03-02 20:05:33.162788+07","2024-03-02 20:05:33.162788+07"
"36.02.04","360204 ","36.02","Cipanas","2024-03-02 20:05:33.162788+07","2024-03-02 20:05:33.162788+07"
"36.02.05","360205 ","36.02","Muncang","2024-03-02 20:05:33.162788+07","2024-03-02 20:05:33.162788+07"
"36.02.06","360206 ","36.02","Leuwidamar","2024-03-02 20:05:33.162788+07","2024-03-02 20:05:33.162788+07"
"36.02.07","360207 ","36.02","Bojongmanik","2024-03-02 20:05:33.162788+07","2024-03-02 20:05:33.162788+07"
"36.02.08","360208 ","36.02","Gunungkencana","2024-03-02 20:05:33.162788+07","2024-03-02 20:05:33.162788+07"
"36.02.09","360209 ","36.02","Banjarsari","2024-03-02 20:05:33.162788+07","2024-03-02 20:05:33.162788+07"
"36.02.10","360210 ","36.02","Cileles","2024-03-02 20:05:33.162788+07","2024-03-02 20:05:33.162788+07"
"36.02.11","360211 ","36.02","Cimarga","2024-03-02 20:05:33.162788+07","2024-03-02 20:05:33.162788+07"
"36.02.12","360212 ","36.02","Sajira","2024-03-02 20:05:33.162788+07","2024-03-02 20:05:33.162788+07"
"36.02.13","360213 ","36.02","Maja","2024-03-02 20:05:33.162788+07","2024-03-02 20:05:33.162788+07"
"36.02.14","360214 ","36.02","Rangkasbitung","2024-03-02 20:05:33.162788+07","2024-03-02 20:05:33.162788+07"
"36.02.15","360215 ","36.02","Warunggunung","2024-03-02 20:05:33.162788+07","2024-03-02 20:05:33.162788+07"
"36.02.16","360216 ","36.02","Cijaku","2024-03-02 20:05:33.162788+07","2024-03-02 20:05:33.162788+07"
"36.02.17","360217 ","36.02","Cikulur","2024-03-02 20:05:33.162788+07","2024-03-02 20:05:33.162788+07"
"36.02.18","360218 ","36.02","Cibadak","2024-03-02 20:05:33.162788+07","2024-03-02 20:05:33.162788+07"
"36.02.19","360219 ","36.02","Cibeber","2024-03-02 20:05:33.162788+07","2024-03-02 20:05:33.162788+07"
"36.02.20","360220 ","36.02","Cilograng","2024-03-02 20:05:33.162788+07","2024-03-02 20:05:33.162788+07"
"36.02.21","360221 ","36.02","Wanasalam","2024-03-02 20:05:33.162788+07","2024-03-02 20:05:33.162788+07"
"36.02.22","360222 ","36.02","Sobang","2024-03-02 20:05:33.162788+07","2024-03-02 20:05:33.162788+07"
"36.02.23","360223 ","36.02","Curug bitung","2024-03-02 20:05:33.162788+07","2024-03-02 20:05:33.162788+07"
"36.02.24","360224 ","36.02","Kalanganyar","2024-03-02 20:05:33.162788+07","2024-03-02 20:05:33.162788+07"
"36.02.25","360225 ","36.02","Lebakgedong","2024-03-02 20:05:33.162788+07","2024-03-02 20:05:33.162788+07"
"36.02.26","360226 ","36.02","Cihara","2024-03-02 20:05:33.162788+07","2024-03-02 20:05:33.162788+07"
"36.02.27","360227 ","36.02","Cirinten","2024-03-02 20:05:33.162788+07","2024-03-02 20:05:33.162788+07"
"36.02.28","360228 ","36.02","Cigemlong","2024-03-02 20:05:33.162788+07","2024-03-02 20:05:33.162788+07"
"36.03.01","360301 ","36.03","Balaraja","2024-03-02 20:05:33.162788+07","2024-03-02 20:05:33.162788+07"
"36.03.02","360302 ","36.03","Jayanti","2024-03-02 20:05:33.162788+07","2024-03-02 20:05:33.162788+07"
"36.03.03","360303 ","36.03","Tigaraksa","2024-03-02 20:05:33.162788+07","2024-03-02 20:05:33.162788+07"
"36.03.04","360304 ","36.03","Jambe","2024-03-02 20:05:33.162788+07","2024-03-02 20:05:33.162788+07"
"36.03.05","360305 ","36.03","Cisoka","2024-03-02 20:05:33.162788+07","2024-03-02 20:05:33.162788+07"
"36.03.06","360306 ","36.03","Kresek","2024-03-02 20:05:33.162788+07","2024-03-02 20:05:33.162788+07"
"36.03.07","360307 ","36.03","Kronjo","2024-03-02 20:05:33.162788+07","2024-03-02 20:05:33.162788+07"
"36.03.08","360308 ","36.03","Mauk","2024-03-02 20:05:33.162788+07","2024-03-02 20:05:33.162788+07"
"36.03.09","360309 ","36.03","Kemiri","2024-03-02 20:05:33.162788+07","2024-03-02 20:05:33.162788+07"
"36.03.10","360310 ","36.03","Sukadiri","2024-03-02 20:05:33.162788+07","2024-03-02 20:05:33.162788+07"
"36.03.11","360311 ","36.03","Rajeg","2024-03-02 20:05:33.162788+07","2024-03-02 20:05:33.162788+07"
"36.03.12","360312 ","36.03","Pasar Kemis","2024-03-02 20:05:33.162788+07","2024-03-02 20:05:33.162788+07"
"36.03.13","360313 ","36.03","Teluknaga","2024-03-02 20:05:33.162788+07","2024-03-02 20:05:33.162788+07"
"36.03.14","360314 ","36.03","Kosambi","2024-03-02 20:05:33.162788+07","2024-03-02 20:05:33.162788+07"
"36.03.15","360315 ","36.03","Pakuhaji","2024-03-02 20:05:33.162788+07","2024-03-02 20:05:33.162788+07"
"36.03.16","360316 ","36.03","Sepatan","2024-03-02 20:05:33.162788+07","2024-03-02 20:05:33.162788+07"
"36.03.17","360317 ","36.03","Curug","2024-03-02 20:05:33.162788+07","2024-03-02 20:05:33.162788+07"
"36.03.18","360318 ","36.03","Cikupa","2024-03-02 20:05:33.162788+07","2024-03-02 20:05:33.162788+07"
"36.03.19","360319 ","36.03","Panongan","2024-03-02 20:05:33.162788+07","2024-03-02 20:05:33.162788+07"
"36.03.20","360320 ","36.03","Legok","2024-03-02 20:05:33.162788+07","2024-03-02 20:05:33.162788+07"
"36.03.22","360322 ","36.03","Pagedangan","2024-03-02 20:05:33.162788+07","2024-03-02 20:05:33.162788+07"
"36.03.23","360323 ","36.03","Cisauk","2024-03-02 20:05:33.162788+07","2024-03-02 20:05:33.162788+07"
"36.03.27","360327 ","36.03","Sukamulya","2024-03-02 20:05:33.162788+07","2024-03-02 20:05:33.162788+07"
"36.03.28","360328 ","36.03","Kelapa Dua","2024-03-02 20:05:33.162788+07","2024-03-02 20:05:33.162788+07"
"36.03.29","360329 ","36.03","Sindang Jaya","2024-03-02 20:05:33.162788+07","2024-03-02 20:05:33.162788+07"
"36.03.30","360330 ","36.03","Sepatan Timur","2024-03-02 20:05:33.162788+07","2024-03-02 20:05:33.162788+07"
"36.03.31","360331 ","36.03","Solear","2024-03-02 20:05:33.162788+07","2024-03-02 20:05:33.162788+07"
"36.03.32","360332 ","36.03","Gunung Kaler","2024-03-02 20:05:33.162788+07","2024-03-02 20:05:33.162788+07"
"36.03.33","360333 ","36.03","Mekar Baru","2024-03-02 20:05:33.162788+07","2024-03-02 20:05:33.162788+07"
"36.04.05","360405 ","36.04","Kramatwatu","2024-03-02 20:05:33.162788+07","2024-03-02 20:05:33.162788+07"
"36.04.06","360406 ","36.04","Waringinkurung","2024-03-02 20:05:33.162788+07","2024-03-02 20:05:33.162788+07"
"36.04.07","360407 ","36.04","Bojonegara","2024-03-02 20:05:33.162788+07","2024-03-02 20:05:33.162788+07"
"36.04.08","360408 ","36.04","Pulo Ampel","2024-03-02 20:05:33.162788+07","2024-03-02 20:05:33.162788+07"
"36.04.09","360409 ","36.04","Ciruas","2024-03-02 20:05:33.162788+07","2024-03-02 20:05:33.162788+07"
"36.04.11","360411 ","36.04","Kragilan","2024-03-02 20:05:33.162788+07","2024-03-02 20:05:33.162788+07"
"36.04.12","360412 ","36.04","Pontang","2024-03-02 20:05:33.162788+07","2024-03-02 20:05:33.162788+07"
"36.04.13","360413 ","36.04","Tirtayasa","2024-03-02 20:05:33.162788+07","2024-03-02 20:05:33.162788+07"
"36.04.14","360414 ","36.04","Tanara","2024-03-02 20:05:33.162788+07","2024-03-02 20:05:33.162788+07"
"36.04.15","360415 ","36.04","Cikande","2024-03-02 20:05:33.162788+07","2024-03-02 20:05:33.162788+07"
"36.04.16","360416 ","36.04","Kibin","2024-03-02 20:05:33.162788+07","2024-03-02 20:05:33.162788+07"
"36.04.17","360417 ","36.04","Carenang","2024-03-02 20:05:33.162788+07","2024-03-02 20:05:33.162788+07"
"36.04.18","360418 ","36.04","Binuang","2024-03-02 20:05:33.162788+07","2024-03-02 20:05:33.162788+07"
"36.04.19","360419 ","36.04","Petir","2024-03-02 20:05:33.162788+07","2024-03-02 20:05:33.162788+07"
"36.04.20","360420 ","36.04","Tunjung Teja","2024-03-02 20:05:33.162788+07","2024-03-02 20:05:33.162788+07"
"36.04.22","360422 ","36.04","Baros","2024-03-02 20:05:33.162788+07","2024-03-02 20:05:33.162788+07"
"36.04.23","360423 ","36.04","Cikeusal","2024-03-02 20:05:33.162788+07","2024-03-02 20:05:33.162788+07"
"36.04.24","360424 ","36.04","Pamarayan","2024-03-02 20:05:33.162788+07","2024-03-02 20:05:33.162788+07"
"36.04.25","360425 ","36.04","Kopo","2024-03-02 20:05:33.162788+07","2024-03-02 20:05:33.162788+07"
"36.04.26","360426 ","36.04","Jawilan","2024-03-02 20:05:33.162788+07","2024-03-02 20:05:33.162788+07"
"36.04.27","360427 ","36.04","Ciomas","2024-03-02 20:05:33.162788+07","2024-03-02 20:05:33.162788+07"
"36.04.28","360428 ","36.04","Pabuaran","2024-03-02 20:05:33.162788+07","2024-03-02 20:05:33.162788+07"
"36.04.29","360429 ","36.04","Padarincang","2024-03-02 20:05:33.162788+07","2024-03-02 20:05:33.162788+07"
"36.04.30","360430 ","36.04","Anyar","2024-03-02 20:05:33.162788+07","2024-03-02 20:05:33.162788+07"
"36.04.31","360431 ","36.04","Cinangka","2024-03-02 20:05:33.162788+07","2024-03-02 20:05:33.162788+07"
"36.04.32","360432 ","36.04","Mancak","2024-03-02 20:05:33.162788+07","2024-03-02 20:05:33.162788+07"
"36.04.33","360433 ","36.04","Gunung Sari","2024-03-02 20:05:33.162788+07","2024-03-02 20:05:33.162788+07"
"36.04.34","360434 ","36.04","Bandung","2024-03-02 20:05:33.162788+07","2024-03-02 20:05:33.162788+07"
"36.04.35","360435 ","36.04","Lebak Wangi","2024-03-02 20:05:33.162788+07","2024-03-02 20:05:33.162788+07"
"36.71.01","367101 ","36.71","Tangerang","2024-03-02 20:05:33.162788+07","2024-03-02 20:05:33.162788+07"
"36.71.02","367102 ","36.71","Jatiuwung","2024-03-02 20:05:33.162788+07","2024-03-02 20:05:33.162788+07"
"36.71.03","367103 ","36.71","Batuceper","2024-03-02 20:05:33.162788+07","2024-03-02 20:05:33.162788+07"
"36.71.04","367104 ","36.71","Benda","2024-03-02 20:05:33.162788+07","2024-03-02 20:05:33.162788+07"
"36.71.05","367105 ","36.71","Cipondoh","2024-03-02 20:05:33.162788+07","2024-03-02 20:05:33.162788+07"
"36.71.06","367106 ","36.71","Ciledug","2024-03-02 20:05:33.162788+07","2024-03-02 20:05:33.162788+07"
"36.71.07","367107 ","36.71","Karawaci","2024-03-02 20:05:33.162788+07","2024-03-02 20:05:33.162788+07"
"36.71.08","367108 ","36.71","Periuk","2024-03-02 20:05:33.162788+07","2024-03-02 20:05:33.162788+07"
"36.71.09","367109 ","36.71","Cibodas","2024-03-02 20:05:33.162788+07","2024-03-02 20:05:33.162788+07"
"36.71.10","367110 ","36.71","Neglasari","2024-03-02 20:05:33.162788+07","2024-03-02 20:05:33.162788+07"
"36.71.11","367111 ","36.71","Pinang","2024-03-02 20:05:33.162788+07","2024-03-02 20:05:33.162788+07"
"36.71.12","367112 ","36.71","Karang Tengah","2024-03-02 20:05:33.162788+07","2024-03-02 20:05:33.162788+07"
"36.71.13","367113 ","36.71","Larangan","2024-03-02 20:05:33.162788+07","2024-03-02 20:05:33.162788+07"
"36.72.01","367201 ","36.72","Cibeber","2024-03-02 20:05:33.162788+07","2024-03-02 20:05:33.162788+07"
"36.72.02","367202 ","36.72","Cilegon","2024-03-02 20:05:33.162788+07","2024-03-02 20:05:33.162788+07"
"36.72.03","367203 ","36.72","Pulomerak","2024-03-02 20:05:33.162788+07","2024-03-02 20:05:33.162788+07"
"36.72.04","367204 ","36.72","Ciwandan","2024-03-02 20:05:33.162788+07","2024-03-02 20:05:33.162788+07"
"36.72.05","367205 ","36.72","Jombang","2024-03-02 20:05:33.162788+07","2024-03-02 20:05:33.162788+07"
"36.72.06","367206 ","36.72","Gerogol","2024-03-02 20:05:33.162788+07","2024-03-02 20:05:33.162788+07"
"36.72.07","367207 ","36.72","Purwakarta","2024-03-02 20:05:33.162788+07","2024-03-02 20:05:33.162788+07"
"36.72.08","367208 ","36.72","Citangkil","2024-03-02 20:05:33.162788+07","2024-03-02 20:05:33.162788+07"
"36.73.01","367301 ","36.73","Serang","2024-03-02 20:05:33.162788+07","2024-03-02 20:05:33.162788+07"
"36.73.02","367302 ","36.73","Kasemen","2024-03-02 20:05:33.162788+07","2024-03-02 20:05:33.162788+07"
"36.73.03","367303 ","36.73","Walantaka","2024-03-02 20:05:33.162788+07","2024-03-02 20:05:33.162788+07"
"36.73.04","367304 ","36.73","Curug","2024-03-02 20:05:33.162788+07","2024-03-02 20:05:33.162788+07"
"36.73.05","367305 ","36.73","Cipocok Jaya","2024-03-02 20:05:33.162788+07","2024-03-02 20:05:33.162788+07"
"36.73.06","367306 ","36.73","Taktakan","2024-03-02 20:05:33.162788+07","2024-03-02 20:05:33.162788+07"
"36.74.01","367401 ","36.74","Serpong","2024-03-02 20:05:33.162788+07","2024-03-02 20:05:33.162788+07"
"36.74.02","367402 ","36.74","Serpong Utara","2024-03-02 20:05:33.162788+07","2024-03-02 20:05:33.162788+07"
"36.74.03","367403 ","36.74","Pondok Aren","2024-03-02 20:05:33.162788+07","2024-03-02 20:05:33.162788+07"
"36.74.04","367404 ","36.74","Ciputat","2024-03-02 20:05:33.162788+07","2024-03-02 20:05:33.162788+07"
"36.74.05","367405 ","36.74","Ciputat Timur","2024-03-02 20:05:33.162788+07","2024-03-02 20:05:33.162788+07"
"36.74.06","367406 ","36.74","Pamulang","2024-03-02 20:05:33.162788+07","2024-03-02 20:05:33.162788+07"
"36.74.07","367407 ","36.74","Setu","2024-03-02 20:05:33.162788+07","2024-03-02 20:05:33.162788+07"
"51.01.01","510101 ","51.01","Negara","2024-03-02 20:05:33.162788+07","2024-03-02 20:05:33.162788+07"
"51.01.02","510102 ","51.01","Mendoyo","2024-03-02 20:05:33.162788+07","2024-03-02 20:05:33.162788+07"
"51.01.03","510103 ","51.01","Pekutatan","2024-03-02 20:05:33.162788+07","2024-03-02 20:05:33.162788+07"
"51.01.04","510104 ","51.01","Melaya","2024-03-02 20:05:33.162788+07","2024-03-02 20:05:33.162788+07"
"51.01.05","510105 ","51.01","Jembrana","2024-03-02 20:05:33.162788+07","2024-03-02 20:05:33.162788+07"
"51.02.01","510201 ","51.02","Selemadeg","2024-03-02 20:05:33.162788+07","2024-03-02 20:05:33.162788+07"
"51.02.02","510202 ","51.02","Salamadeg Timur","2024-03-02 20:05:33.162788+07","2024-03-02 20:05:33.162788+07"
"51.02.03","510203 ","51.02","Salemadeg Barat","2024-03-02 20:05:33.162788+07","2024-03-02 20:05:33.162788+07"
"51.02.04","510204 ","51.02","Kerambitan","2024-03-02 20:05:33.162788+07","2024-03-02 20:05:33.162788+07"
"51.02.05","510205 ","51.02","Tabanan","2024-03-02 20:05:33.162788+07","2024-03-02 20:05:33.162788+07"
"51.02.06","510206 ","51.02","Kediri","2024-03-02 20:05:33.162788+07","2024-03-02 20:05:33.162788+07"
"51.02.07","510207 ","51.02","Marga","2024-03-02 20:05:33.162788+07","2024-03-02 20:05:33.162788+07"
"51.02.08","510208 ","51.02","Penebel","2024-03-02 20:05:33.162788+07","2024-03-02 20:05:33.162788+07"
"51.02.09","510209 ","51.02","Baturiti","2024-03-02 20:05:33.162788+07","2024-03-02 20:05:33.162788+07"
"51.02.10","510210 ","51.02","Pupuan","2024-03-02 20:05:33.162788+07","2024-03-02 20:05:33.162788+07"
"51.03.01","510301 ","51.03","Kuta","2024-03-02 20:05:33.162788+07","2024-03-02 20:05:33.162788+07"
"51.03.02","510302 ","51.03","Mengwi","2024-03-02 20:05:33.162788+07","2024-03-02 20:05:33.162788+07"
"51.03.03","510303 ","51.03","Abiansemal","2024-03-02 20:05:33.162788+07","2024-03-02 20:05:33.162788+07"
"51.03.04","510304 ","51.03","Petang","2024-03-02 20:05:33.162788+07","2024-03-02 20:05:33.162788+07"
"51.03.05","510305 ","51.03","Kuta Selatan","2024-03-02 20:05:33.162788+07","2024-03-02 20:05:33.162788+07"
"51.03.06","510306 ","51.03","Kuta Utara","2024-03-02 20:05:33.162788+07","2024-03-02 20:05:33.162788+07"
"51.04.01","510401 ","51.04","Sukawati","2024-03-02 20:05:33.162788+07","2024-03-02 20:05:33.162788+07"
"51.04.02","510402 ","51.04","Blahbatuh","2024-03-02 20:05:33.162788+07","2024-03-02 20:05:33.162788+07"
"51.04.03","510403 ","51.04","Gianyar","2024-03-02 20:05:33.162788+07","2024-03-02 20:05:33.162788+07"
"51.04.04","510404 ","51.04","Tampaksiring","2024-03-02 20:05:33.162788+07","2024-03-02 20:05:33.162788+07"
"51.04.05","510405 ","51.04","Ubud","2024-03-02 20:05:33.162788+07","2024-03-02 20:05:33.162788+07"
"51.04.06","510406 ","51.04","Tegallalang","2024-03-02 20:05:33.162788+07","2024-03-02 20:05:33.162788+07"
"51.04.07","510407 ","51.04","Payangan","2024-03-02 20:05:33.162788+07","2024-03-02 20:05:33.162788+07"
"51.05.01","510501 ","51.05","Nusa Penida","2024-03-02 20:05:33.162788+07","2024-03-02 20:05:33.162788+07"
"51.05.02","510502 ","51.05","Banjarangkan","2024-03-02 20:05:33.162788+07","2024-03-02 20:05:33.162788+07"
"51.05.03","510503 ","51.05","Klungkung","2024-03-02 20:05:33.162788+07","2024-03-02 20:05:33.162788+07"
"51.05.04","510504 ","51.05","Dawan","2024-03-02 20:05:33.162788+07","2024-03-02 20:05:33.162788+07"
"51.06.01","510601 ","51.06","Susut","2024-03-02 20:05:33.162788+07","2024-03-02 20:05:33.162788+07"
"51.06.02","510602 ","51.06","Bangli","2024-03-02 20:05:33.162788+07","2024-03-02 20:05:33.162788+07"
"51.06.03","510603 ","51.06","Tembuku","2024-03-02 20:05:33.162788+07","2024-03-02 20:05:33.162788+07"
"51.06.04","510604 ","51.06","Kintamani","2024-03-02 20:05:33.162788+07","2024-03-02 20:05:33.162788+07"
"51.07.01","510701 ","51.07","Rendang","2024-03-02 20:05:33.162788+07","2024-03-02 20:05:33.162788+07"
"51.07.02","510702 ","51.07","Sidemen","2024-03-02 20:05:33.162788+07","2024-03-02 20:05:33.162788+07"
"51.07.03","510703 ","51.07","Manggis","2024-03-02 20:05:33.162788+07","2024-03-02 20:05:33.162788+07"
"51.07.04","510704 ","51.07","Karangasem","2024-03-02 20:05:33.162788+07","2024-03-02 20:05:33.162788+07"
"51.07.05","510705 ","51.07","Abang","2024-03-02 20:05:33.162788+07","2024-03-02 20:05:33.162788+07"
"51.07.06","510706 ","51.07","Bebandem","2024-03-02 20:05:33.162788+07","2024-03-02 20:05:33.162788+07"
"51.07.07","510707 ","51.07","Selat","2024-03-02 20:05:33.162788+07","2024-03-02 20:05:33.162788+07"
"51.07.08","510708 ","51.07","Kubu","2024-03-02 20:05:33.162788+07","2024-03-02 20:05:33.162788+07"
"51.08.01","510801 ","51.08","Gerokgak","2024-03-02 20:05:33.162788+07","2024-03-02 20:05:33.162788+07"
"51.08.02","510802 ","51.08","Seririt","2024-03-02 20:05:33.162788+07","2024-03-02 20:05:33.162788+07"
"51.08.03","510803 ","51.08","Busungbiu","2024-03-02 20:05:33.162788+07","2024-03-02 20:05:33.162788+07"
"51.08.04","510804 ","51.08","Banjar","2024-03-02 20:05:33.162788+07","2024-03-02 20:05:33.162788+07"
"51.08.05","510805 ","51.08","Sukasada","2024-03-02 20:05:33.162788+07","2024-03-02 20:05:33.162788+07"
"51.08.06","510806 ","51.08","Buleleng","2024-03-02 20:05:33.162788+07","2024-03-02 20:05:33.162788+07"
"51.08.07","510807 ","51.08","Sawan","2024-03-02 20:05:33.162788+07","2024-03-02 20:05:33.162788+07"
"51.08.08","510808 ","51.08","Kubutambahan","2024-03-02 20:05:33.162788+07","2024-03-02 20:05:33.162788+07"
"51.08.09","510809 ","51.08","Tejakula","2024-03-02 20:05:33.162788+07","2024-03-02 20:05:33.162788+07"
"51.71.01","517101 ","51.71","Denpasar Selatan","2024-03-02 20:05:33.162788+07","2024-03-02 20:05:33.162788+07"
"51.71.02","517102 ","51.71","Denpasar Timur","2024-03-02 20:05:33.162788+07","2024-03-02 20:05:33.162788+07"
"51.71.03","517103 ","51.71","Denpasar Barat","2024-03-02 20:05:33.162788+07","2024-03-02 20:05:33.162788+07"
"51.71.04","517104 ","51.71","Denpasar Utara","2024-03-02 20:05:33.162788+07","2024-03-02 20:05:33.162788+07"
"52.01.01","520101 ","52.01","Gerung","2024-03-02 20:05:33.162788+07","2024-03-02 20:05:33.162788+07"
"52.01.02","520102 ","52.01","Kediri","2024-03-02 20:05:33.162788+07","2024-03-02 20:05:33.162788+07"
"52.01.03","520103 ","52.01","Narmada","2024-03-02 20:05:33.162788+07","2024-03-02 20:05:33.162788+07"
"52.01.07","520107 ","52.01","Sekotong","2024-03-02 20:05:33.162788+07","2024-03-02 20:05:33.162788+07"
"52.01.08","520108 ","52.01","Labuapi","2024-03-02 20:05:33.162788+07","2024-03-02 20:05:33.162788+07"
"52.01.09","520109 ","52.01","Gunungsari","2024-03-02 20:05:33.162788+07","2024-03-02 20:05:33.162788+07"
"52.01.12","520112 ","52.01","Lingsar","2024-03-02 20:05:33.162788+07","2024-03-02 20:05:33.162788+07"
"52.01.13","520113 ","52.01","Lembar","2024-03-02 20:05:33.162788+07","2024-03-02 20:05:33.162788+07"
"52.01.14","520114 ","52.01","Batu Layar","2024-03-02 20:05:33.162788+07","2024-03-02 20:05:33.162788+07"
"52.01.15","520115 ","52.01","Kuripan","2024-03-02 20:05:33.162788+07","2024-03-02 20:05:33.162788+07"
"52.02.01","520201 ","52.02","Praya","2024-03-02 20:05:33.162788+07","2024-03-02 20:05:33.162788+07"
"52.02.02","520202 ","52.02","Jonggat","2024-03-02 20:05:33.162788+07","2024-03-02 20:05:33.162788+07"
"52.02.03","520203 ","52.02","Batukliang","2024-03-02 20:05:33.162788+07","2024-03-02 20:05:33.162788+07"
"52.02.04","520204 ","52.02","Pujut","2024-03-02 20:05:33.162788+07","2024-03-02 20:05:33.162788+07"
"52.02.05","520205 ","52.02","Praya Barat","2024-03-02 20:05:33.162788+07","2024-03-02 20:05:33.162788+07"
"52.02.06","520206 ","52.02","Praya Timur","2024-03-02 20:05:33.162788+07","2024-03-02 20:05:33.162788+07"
"52.02.07","520207 ","52.02","Janapria","2024-03-02 20:05:33.162788+07","2024-03-02 20:05:33.162788+07"
"52.02.08","520208 ","52.02","Pringgarata","2024-03-02 20:05:33.162788+07","2024-03-02 20:05:33.162788+07"
"52.02.09","520209 ","52.02","Kopang","2024-03-02 20:05:33.162788+07","2024-03-02 20:05:33.162788+07"
"52.02.10","520210 ","52.02","Praya Tengah","2024-03-02 20:05:33.162788+07","2024-03-02 20:05:33.162788+07"
"52.02.11","520211 ","52.02","Praya Barat Daya","2024-03-02 20:05:33.162788+07","2024-03-02 20:05:33.162788+07"
"52.02.12","520212 ","52.02","Batukliang Utara","2024-03-02 20:05:33.162788+07","2024-03-02 20:05:33.162788+07"
"52.03.01","520301 ","52.03","Keruak","2024-03-02 20:05:33.162788+07","2024-03-02 20:05:33.162788+07"
"52.03.02","520302 ","52.03","Sakra","2024-03-02 20:05:33.162788+07","2024-03-02 20:05:33.162788+07"
"52.03.03","520303 ","52.03","Terara","2024-03-02 20:05:33.162788+07","2024-03-02 20:05:33.162788+07"
"52.03.04","520304 ","52.03","Sikur","2024-03-02 20:05:33.162788+07","2024-03-02 20:05:33.162788+07"
"52.03.05","520305 ","52.03","Masbagik","2024-03-02 20:05:33.162788+07","2024-03-02 20:05:33.162788+07"
"52.03.06","520306 ","52.03","Sukamulia","2024-03-02 20:05:33.162788+07","2024-03-02 20:05:33.162788+07"
"52.03.07","520307 ","52.03","Selong","2024-03-02 20:05:33.162788+07","2024-03-02 20:05:33.162788+07"
"52.03.08","520308 ","52.03","Pringgabaya","2024-03-02 20:05:33.162788+07","2024-03-02 20:05:33.162788+07"
"52.03.09","520309 ","52.03","Aikmel","2024-03-02 20:05:33.162788+07","2024-03-02 20:05:33.162788+07"
"52.03.10","520310 ","52.03","Sambelia","2024-03-02 20:05:33.162788+07","2024-03-02 20:05:33.162788+07"
"52.03.11","520311 ","52.03","Montong Gading","2024-03-02 20:05:33.162788+07","2024-03-02 20:05:33.162788+07"
"52.03.12","520312 ","52.03","Pringgasela","2024-03-02 20:05:33.162788+07","2024-03-02 20:05:33.162788+07"
"52.03.13","520313 ","52.03","Suralaga","2024-03-02 20:05:33.162788+07","2024-03-02 20:05:33.162788+07"
"52.03.14","520314 ","52.03","Wanasaba","2024-03-02 20:05:33.162788+07","2024-03-02 20:05:33.162788+07"
"52.03.15","520315 ","52.03","Sembalun","2024-03-02 20:05:33.162788+07","2024-03-02 20:05:33.162788+07"
"52.03.16","520316 ","52.03","Suwela","2024-03-02 20:05:33.162788+07","2024-03-02 20:05:33.162788+07"
"52.03.17","520317 ","52.03","Labuhan Haji","2024-03-02 20:05:33.162788+07","2024-03-02 20:05:33.162788+07"
"52.03.18","520318 ","52.03","Sakra Timur","2024-03-02 20:05:33.162788+07","2024-03-02 20:05:33.162788+07"
"52.03.19","520319 ","52.03","Sakra Barat","2024-03-02 20:05:33.162788+07","2024-03-02 20:05:33.162788+07"
"52.03.20","520320 ","52.03","Jerowaru","2024-03-02 20:05:33.162788+07","2024-03-02 20:05:33.162788+07"
"52.03.21","520321 ","52.03","Lenek","2024-03-02 20:05:33.162788+07","2024-03-02 20:05:33.162788+07"
"52.04.02","520402 ","52.04","Lunyuk","2024-03-02 20:05:33.162788+07","2024-03-02 20:05:33.162788+07"
"52.04.05","520405 ","52.04","Alas","2024-03-02 20:05:33.162788+07","2024-03-02 20:05:33.162788+07"
"52.04.06","520406 ","52.04","Utan","2024-03-02 20:05:33.162788+07","2024-03-02 20:05:33.162788+07"
"52.04.07","520407 ","52.04","Batu Lanteh","2024-03-02 20:05:33.162788+07","2024-03-02 20:05:33.162788+07"
"52.04.08","520408 ","52.04","Sumbawa","2024-03-02 20:05:33.162788+07","2024-03-02 20:05:33.162788+07"
"52.04.09","520409 ","52.04","Moyo Hilir","2024-03-02 20:05:33.162788+07","2024-03-02 20:05:33.162788+07"
"52.04.10","520410 ","52.04","Moyo Hulu","2024-03-02 20:05:33.162788+07","2024-03-02 20:05:33.162788+07"
"52.04.11","520411 ","52.04","Ropang","2024-03-02 20:05:33.162788+07","2024-03-02 20:05:33.162788+07"
"52.04.12","520412 ","52.04","Lape","2024-03-02 20:05:33.162788+07","2024-03-02 20:05:33.162788+07"
"52.04.13","520413 ","52.04","Plampang","2024-03-02 20:05:33.162788+07","2024-03-02 20:05:33.162788+07"
"52.04.14","520414 ","52.04","Empang","2024-03-02 20:05:33.162788+07","2024-03-02 20:05:33.162788+07"
"52.04.17","520417 ","52.04","Alas Barat","2024-03-02 20:05:33.162788+07","2024-03-02 20:05:33.162788+07"
"52.04.18","520418 ","52.04","Labuhan Badas","2024-03-02 20:05:33.162788+07","2024-03-02 20:05:33.162788+07"
"52.04.19","520419 ","52.04","Labangka","2024-03-02 20:05:33.162788+07","2024-03-02 20:05:33.162788+07"
"52.04.20","520420 ","52.04","Buer","2024-03-02 20:05:33.162788+07","2024-03-02 20:05:33.162788+07"
"52.04.21","520421 ","52.04","Rhee","2024-03-02 20:05:33.162788+07","2024-03-02 20:05:33.162788+07"
"52.04.22","520422 ","52.04","Unter Iwes","2024-03-02 20:05:33.162788+07","2024-03-02 20:05:33.162788+07"
"52.04.23","520423 ","52.04","Moyo Utara","2024-03-02 20:05:33.162788+07","2024-03-02 20:05:33.162788+07"
"52.04.24","520424 ","52.04","Maronge","2024-03-02 20:05:33.162788+07","2024-03-02 20:05:33.162788+07"
"52.04.25","520425 ","52.04","Tarano","2024-03-02 20:05:33.162788+07","2024-03-02 20:05:33.162788+07"
"52.04.26","520426 ","52.04","Lopok","2024-03-02 20:05:33.162788+07","2024-03-02 20:05:33.162788+07"
"52.04.27","520427 ","52.04","Lenangguar","2024-03-02 20:05:33.162788+07","2024-03-02 20:05:33.162788+07"
"52.04.28","520428 ","52.04","Orong Telu","2024-03-02 20:05:33.162788+07","2024-03-02 20:05:33.162788+07"
"52.04.29","520429 ","52.04","Lantung","2024-03-02 20:05:33.162788+07","2024-03-02 20:05:33.162788+07"
"52.05.01","520501 ","52.05","Dompu","2024-03-02 20:05:33.162788+07","2024-03-02 20:05:33.162788+07"
"52.05.02","520502 ","52.05","Kempo","2024-03-02 20:05:33.162788+07","2024-03-02 20:05:33.162788+07"
"52.05.03","520503 ","52.05","Hu'u","2024-03-02 20:05:33.162788+07","2024-03-02 20:05:33.162788+07"
"52.05.04","520504 ","52.05","Kilo","2024-03-02 20:05:33.162788+07","2024-03-02 20:05:33.162788+07"
"52.05.05","520505 ","52.05","Woja","2024-03-02 20:05:33.162788+07","2024-03-02 20:05:33.162788+07"
"52.05.06","520506 ","52.05","Pekat","2024-03-02 20:05:33.162788+07","2024-03-02 20:05:33.162788+07"
"52.05.07","520507 ","52.05","Manggalewa","2024-03-02 20:05:33.162788+07","2024-03-02 20:05:33.162788+07"
"52.05.08","520508 ","52.05","Pajo","2024-03-02 20:05:33.162788+07","2024-03-02 20:05:33.162788+07"
"52.06.01","520601 ","52.06","Monta","2024-03-02 20:05:33.162788+07","2024-03-02 20:05:33.162788+07"
"52.06.02","520602 ","52.06","Bolo","2024-03-02 20:05:33.162788+07","2024-03-02 20:05:33.162788+07"
"52.06.03","520603 ","52.06","Woha","2024-03-02 20:05:33.162788+07","2024-03-02 20:05:33.162788+07"
"52.06.04","520604 ","52.06","Belo","2024-03-02 20:05:33.162788+07","2024-03-02 20:05:33.162788+07"
"52.06.05","520605 ","52.06","Wawo","2024-03-02 20:05:33.162788+07","2024-03-02 20:05:33.162788+07"
"52.06.06","520606 ","52.06","Sape","2024-03-02 20:05:33.162788+07","2024-03-02 20:05:33.162788+07"
"52.06.07","520607 ","52.06","Wera","2024-03-02 20:05:33.162788+07","2024-03-02 20:05:33.162788+07"
"52.06.08","520608 ","52.06","Donggo","2024-03-02 20:05:33.162788+07","2024-03-02 20:05:33.162788+07"
"52.06.09","520609 ","52.06","Sanggar","2024-03-02 20:05:33.162788+07","2024-03-02 20:05:33.162788+07"
"52.06.10","520610 ","52.06","Ambalawi","2024-03-02 20:05:33.162788+07","2024-03-02 20:05:33.162788+07"
"52.06.11","520611 ","52.06","Langgudu","2024-03-02 20:05:33.162788+07","2024-03-02 20:05:33.162788+07"
"52.06.12","520612 ","52.06","Lambu","2024-03-02 20:05:33.162788+07","2024-03-02 20:05:33.162788+07"
"52.06.13","520613 ","52.06","Madapangga","2024-03-02 20:05:33.162788+07","2024-03-02 20:05:33.162788+07"
"52.06.14","520614 ","52.06","Tambora","2024-03-02 20:05:33.162788+07","2024-03-02 20:05:33.162788+07"
"52.06.15","520615 ","52.06","Soromandi","2024-03-02 20:05:33.162788+07","2024-03-02 20:05:33.162788+07"
"52.06.16","520616 ","52.06","Parado","2024-03-02 20:05:33.162788+07","2024-03-02 20:05:33.162788+07"
"52.06.17","520617 ","52.06","Lambitu","2024-03-02 20:05:33.162788+07","2024-03-02 20:05:33.162788+07"
"52.06.18","520618 ","52.06","Palibelo","2024-03-02 20:05:33.162788+07","2024-03-02 20:05:33.162788+07"
"52.07.01","520701 ","52.07","Jereweh","2024-03-02 20:05:33.162788+07","2024-03-02 20:05:33.162788+07"
"52.07.02","520702 ","52.07","Taliwang","2024-03-02 20:05:33.162788+07","2024-03-02 20:05:33.162788+07"
"52.07.03","520703 ","52.07","Seteluk","2024-03-02 20:05:33.162788+07","2024-03-02 20:05:33.162788+07"
"52.07.04","520704 ","52.07","Sekongkang","2024-03-02 20:05:33.162788+07","2024-03-02 20:05:33.162788+07"
"52.07.05","520705 ","52.07","Brang Rea","2024-03-02 20:05:33.162788+07","2024-03-02 20:05:33.162788+07"
"52.07.06","520706 ","52.07","Poto Tano","2024-03-02 20:05:33.162788+07","2024-03-02 20:05:33.162788+07"
"52.07.07","520707 ","52.07","Brang Ene","2024-03-02 20:05:33.162788+07","2024-03-02 20:05:33.162788+07"
"52.07.08","520708 ","52.07","Maluk","2024-03-02 20:05:33.162788+07","2024-03-02 20:05:33.162788+07"
"52.08.01","520801 ","52.08","Tanjung","2024-03-02 20:05:33.162788+07","2024-03-02 20:05:33.162788+07"
"52.08.02","520802 ","52.08","Gangga","2024-03-02 20:05:33.162788+07","2024-03-02 20:05:33.162788+07"
"52.08.03","520803 ","52.08","Kayangan","2024-03-02 20:05:33.162788+07","2024-03-02 20:05:33.162788+07"
"52.08.04","520804 ","52.08","Bayan","2024-03-02 20:05:33.162788+07","2024-03-02 20:05:33.162788+07"
"52.08.05","520805 ","52.08","Pemenang","2024-03-02 20:05:33.162788+07","2024-03-02 20:05:33.162788+07"
"52.71.01","527101 ","52.71","Ampenan","2024-03-02 20:05:33.162788+07","2024-03-02 20:05:33.162788+07"
"52.71.02","527102 ","52.71","Mataram","2024-03-02 20:05:33.162788+07","2024-03-02 20:05:33.162788+07"
"52.71.03","527103 ","52.71","Cakranegara","2024-03-02 20:05:33.162788+07","2024-03-02 20:05:33.162788+07"
"52.71.04","527104 ","52.71","Sekarbela","2024-03-02 20:05:33.162788+07","2024-03-02 20:05:33.162788+07"
"52.71.05","527105 ","52.71","Selaprang","2024-03-02 20:05:33.162788+07","2024-03-02 20:05:33.162788+07"
"52.71.06","527106 ","52.71","Sandubaya","2024-03-02 20:05:33.162788+07","2024-03-02 20:05:33.162788+07"
"52.72.01","527201 ","52.72","RasanaE Barat","2024-03-02 20:05:33.162788+07","2024-03-02 20:05:33.162788+07"
"52.72.02","527202 ","52.72","RasanaE Timur","2024-03-02 20:05:33.162788+07","2024-03-02 20:05:33.162788+07"
"52.72.03","527203 ","52.72","Asakota","2024-03-02 20:05:33.162788+07","2024-03-02 20:05:33.162788+07"
"52.72.04","527204 ","52.72","Raba","2024-03-02 20:05:33.162788+07","2024-03-02 20:05:33.162788+07"
"52.72.05","527205 ","52.72","Mpunda","2024-03-02 20:05:33.162788+07","2024-03-02 20:05:33.162788+07"
"53.01.04","530104 ","53.01","Semau","2024-03-02 20:05:33.162788+07","2024-03-02 20:05:33.162788+07"
"53.01.05","530105 ","53.01","Kupang Barat","2024-03-02 20:05:33.162788+07","2024-03-02 20:05:33.162788+07"
"53.01.06","530106 ","53.01","Kupang Timur","2024-03-02 20:05:33.162788+07","2024-03-02 20:05:33.162788+07"
"53.01.07","530107 ","53.01","Sulamu","2024-03-02 20:05:33.162788+07","2024-03-02 20:05:33.162788+07"
"53.01.08","530108 ","53.01","Kupang Tengah","2024-03-02 20:05:33.162788+07","2024-03-02 20:05:33.162788+07"
"53.01.09","530109 ","53.01","Amarasi","2024-03-02 20:05:33.162788+07","2024-03-02 20:05:33.162788+07"
"53.01.10","530110 ","53.01","Fatuleu","2024-03-02 20:05:33.162788+07","2024-03-02 20:05:33.162788+07"
"53.01.11","530111 ","53.01","Takari","2024-03-02 20:05:33.162788+07","2024-03-02 20:05:33.162788+07"
"53.01.12","530112 ","53.01","Amfoang Selatan","2024-03-02 20:05:33.162788+07","2024-03-02 20:05:33.162788+07"
"53.01.13","530113 ","53.01","Amfoang Utara","2024-03-02 20:05:33.162788+07","2024-03-02 20:05:33.162788+07"
"53.01.16","530116 ","53.01","Nekamese","2024-03-02 20:05:33.162788+07","2024-03-02 20:05:33.162788+07"
"53.01.17","530117 ","53.01","Amarasi Barat","2024-03-02 20:05:33.162788+07","2024-03-02 20:05:33.162788+07"
"53.01.18","530118 ","53.01","Amarasi Selatan","2024-03-02 20:05:33.162788+07","2024-03-02 20:05:33.162788+07"
"53.01.19","530119 ","53.01","Amarasi Timur","2024-03-02 20:05:33.162788+07","2024-03-02 20:05:33.162788+07"
"53.01.20","530120 ","53.01","Amabi Oefeto Timur","2024-03-02 20:05:33.162788+07","2024-03-02 20:05:33.162788+07"
"53.01.21","530121 ","53.01","Amfoang Barat Daya","2024-03-02 20:05:33.162788+07","2024-03-02 20:05:33.162788+07"
"53.01.22","530122 ","53.01","Amfoang Barat Laut","2024-03-02 20:05:33.162788+07","2024-03-02 20:05:33.162788+07"
"53.01.23","530123 ","53.01","Semau Selatan","2024-03-02 20:05:33.162788+07","2024-03-02 20:05:33.162788+07"
"53.01.24","530124 ","53.01","Taebenu","2024-03-02 20:05:33.162788+07","2024-03-02 20:05:33.162788+07"
"53.01.25","530125 ","53.01","Amabi Oefeto","2024-03-02 20:05:33.162788+07","2024-03-02 20:05:33.162788+07"
"53.01.26","530126 ","53.01","Amfoang Timur","2024-03-02 20:05:33.162788+07","2024-03-02 20:05:33.162788+07"
"53.01.27","530127 ","53.01","Fatuleu Barat","2024-03-02 20:05:33.162788+07","2024-03-02 20:05:33.162788+07"
"53.01.28","530128 ","53.01","Fatuleu Tengah","2024-03-02 20:05:33.162788+07","2024-03-02 20:05:33.162788+07"
"53.01.30","530130 ","53.01","Amfoang Tengah","2024-03-02 20:05:33.162788+07","2024-03-02 20:05:33.162788+07"
"53.02.01","530201 ","53.02","Kota Soe","2024-03-02 20:05:33.162788+07","2024-03-02 20:05:33.162788+07"
"53.02.02","530202 ","53.02","Mollo Selatan","2024-03-02 20:05:33.162788+07","2024-03-02 20:05:33.162788+07"
"53.02.03","530203 ","53.02","Mollo Utara","2024-03-02 20:05:33.162788+07","2024-03-02 20:05:33.162788+07"
"53.02.04","530204 ","53.02","Amanuban Timur","2024-03-02 20:05:33.162788+07","2024-03-02 20:05:33.162788+07"
"53.02.05","530205 ","53.02","Amanuban Tengah","2024-03-02 20:05:33.162788+07","2024-03-02 20:05:33.162788+07"
"53.02.06","530206 ","53.02","Amanuban Selatan","2024-03-02 20:05:33.162788+07","2024-03-02 20:05:33.162788+07"
"53.02.07","530207 ","53.02","Amanuban Barat","2024-03-02 20:05:33.162788+07","2024-03-02 20:05:33.162788+07"
"53.02.08","530208 ","53.02","Amanatun Selatan","2024-03-02 20:05:33.162788+07","2024-03-02 20:05:33.162788+07"
"53.02.09","530209 ","53.02","Amanatun Utara","2024-03-02 20:05:33.162788+07","2024-03-02 20:05:33.162788+07"
"53.02.10","530210 ","53.02","KI'E","2024-03-02 20:05:33.162788+07","2024-03-02 20:05:33.162788+07"
"53.02.11","530211 ","53.02","Kuanfatu","2024-03-02 20:05:33.162788+07","2024-03-02 20:05:33.162788+07"
"53.02.12","530212 ","53.02","Fatumnasi","2024-03-02 20:05:33.162788+07","2024-03-02 20:05:33.162788+07"
"53.02.13","530213 ","53.02","Polen","2024-03-02 20:05:33.162788+07","2024-03-02 20:05:33.162788+07"
"53.02.14","530214 ","53.02","Batu Putih","2024-03-02 20:05:33.162788+07","2024-03-02 20:05:33.162788+07"
"53.02.15","530215 ","53.02","Boking","2024-03-02 20:05:33.162788+07","2024-03-02 20:05:33.162788+07"
"53.02.16","530216 ","53.02","Toianas","2024-03-02 20:05:33.162788+07","2024-03-02 20:05:33.162788+07"
"53.02.17","530217 ","53.02","Nunkolo","2024-03-02 20:05:33.162788+07","2024-03-02 20:05:33.162788+07"
"53.02.18","530218 ","53.02","Oenino","2024-03-02 20:05:33.162788+07","2024-03-02 20:05:33.162788+07"
"53.02.19","530219 ","53.02","Kolbano","2024-03-02 20:05:33.162788+07","2024-03-02 20:05:33.162788+07"
"53.02.20","530220 ","53.02","Kot olin","2024-03-02 20:05:33.162788+07","2024-03-02 20:05:33.162788+07"
"53.02.21","530221 ","53.02","Kualin","2024-03-02 20:05:33.162788+07","2024-03-02 20:05:33.162788+07"
"53.02.22","530222 ","53.02","Mollo Barat","2024-03-02 20:05:33.162788+07","2024-03-02 20:05:33.162788+07"
"53.02.23","530223 ","53.02","Kok Baun","2024-03-02 20:05:33.162788+07","2024-03-02 20:05:33.162788+07"
"53.02.24","530224 ","53.02","Noebana","2024-03-02 20:05:33.162788+07","2024-03-02 20:05:33.162788+07"
"53.02.25","530225 ","53.02","Santian","2024-03-02 20:05:33.162788+07","2024-03-02 20:05:33.162788+07"
"53.02.26","530226 ","53.02","Noebeba","2024-03-02 20:05:33.162788+07","2024-03-02 20:05:33.162788+07"
"53.02.27","530227 ","53.02","Kuatnana","2024-03-02 20:05:33.162788+07","2024-03-02 20:05:33.162788+07"
"53.02.28","530228 ","53.02","Fautmolo","2024-03-02 20:05:33.162788+07","2024-03-02 20:05:33.162788+07"
"53.02.29","530229 ","53.02","Fatukopa","2024-03-02 20:05:33.162788+07","2024-03-02 20:05:33.162788+07"
"53.02.30","530230 ","53.02","Mollo Tengah","2024-03-02 20:05:33.162788+07","2024-03-02 20:05:33.162788+07"
"53.02.31","530231 ","53.02","Tobu","2024-03-02 20:05:33.162788+07","2024-03-02 20:05:33.162788+07"
"53.02.32","530232 ","53.02","Nunbena","2024-03-02 20:05:33.162788+07","2024-03-02 20:05:33.162788+07"
"53.03.01","530301 ","53.03","Miomafo Timur","2024-03-02 20:05:33.162788+07","2024-03-02 20:05:33.162788+07"
"53.03.02","530302 ","53.03","Miomafo Barat","2024-03-02 20:05:33.162788+07","2024-03-02 20:05:33.162788+07"
"53.03.03","530303 ","53.03","Biboki Selatan","2024-03-02 20:05:33.162788+07","2024-03-02 20:05:33.162788+07"
"53.03.04","530304 ","53.03","Noemuti","2024-03-02 20:05:33.162788+07","2024-03-02 20:05:33.162788+07"
"53.03.05","530305 ","53.03","Kota Kefamenanu","2024-03-02 20:05:33.162788+07","2024-03-02 20:05:33.162788+07"
"53.03.06","530306 ","53.03","Biboki Utara","2024-03-02 20:05:33.162788+07","2024-03-02 20:05:33.162788+07"
"53.03.07","530307 ","53.03","Biboki Anleu","2024-03-02 20:05:33.162788+07","2024-03-02 20:05:33.162788+07"
"53.03.08","530308 ","53.03","Insana","2024-03-02 20:05:33.162788+07","2024-03-02 20:05:33.162788+07"
"53.03.09","530309 ","53.03","Insana Utara","2024-03-02 20:05:33.162788+07","2024-03-02 20:05:33.162788+07"
"53.03.10","530310 ","53.03","Noemuti Timur","2024-03-02 20:05:33.162788+07","2024-03-02 20:05:33.162788+07"
"53.03.11","530311 ","53.03","Miomaffo Tengah","2024-03-02 20:05:33.162788+07","2024-03-02 20:05:33.162788+07"
"53.03.12","530312 ","53.03","Musi","2024-03-02 20:05:33.162788+07","2024-03-02 20:05:33.162788+07"
"53.03.13","530313 ","53.03","Mutis","2024-03-02 20:05:33.162788+07","2024-03-02 20:05:33.162788+07"
"53.03.14","530314 ","53.03","Bikomi Selatan","2024-03-02 20:05:33.162788+07","2024-03-02 20:05:33.162788+07"
"53.03.15","530315 ","53.03","Bikomi Tengah","2024-03-02 20:05:33.162788+07","2024-03-02 20:05:33.162788+07"
"53.03.16","530316 ","53.03","Bikomi Nilulat","2024-03-02 20:05:33.162788+07","2024-03-02 20:05:33.162788+07"
"53.03.17","530317 ","53.03","Bikomi Utara","2024-03-02 20:05:33.162788+07","2024-03-02 20:05:33.162788+07"
"53.03.18","530318 ","53.03","Naibenu","2024-03-02 20:05:33.162788+07","2024-03-02 20:05:33.162788+07"
"53.03.19","530319 ","53.03","Insana Fafinesu","2024-03-02 20:05:33.162788+07","2024-03-02 20:05:33.162788+07"
"53.03.20","530320 ","53.03","Insana Barat","2024-03-02 20:05:33.162788+07","2024-03-02 20:05:33.162788+07"
"53.03.21","530321 ","53.03","Insana Tengah","2024-03-02 20:05:33.162788+07","2024-03-02 20:05:33.162788+07"
"53.03.22","530322 ","53.03","Biboki Tan Pah","2024-03-02 20:05:33.162788+07","2024-03-02 20:05:33.162788+07"
"53.03.23","530323 ","53.03","Biboki Moenleu","2024-03-02 20:05:33.162788+07","2024-03-02 20:05:33.162788+07"
"53.03.24","530324 ","53.03","Biboki Feotleu","2024-03-02 20:05:33.162788+07","2024-03-02 20:05:33.162788+07"
"53.04.01","530401 ","53.04","Lamaknen","2024-03-02 20:05:33.162788+07","2024-03-02 20:05:33.162788+07"
"53.04.02","530402 ","53.04","TasifetoTimur","2024-03-02 20:05:33.162788+07","2024-03-02 20:05:33.162788+07"
"53.04.03","530403 ","53.04","Raihat","2024-03-02 20:05:33.162788+07","2024-03-02 20:05:33.162788+07"
"53.04.04","530404 ","53.04","Tasifeto Barat","2024-03-02 20:05:33.162788+07","2024-03-02 20:05:33.162788+07"
"53.04.05","530405 ","53.04","Kakuluk Mesak","2024-03-02 20:05:33.162788+07","2024-03-02 20:05:33.162788+07"
"53.04.12","530412 ","53.04","Kota Atambua","2024-03-02 20:05:33.162788+07","2024-03-02 20:05:33.162788+07"
"53.04.13","530413 ","53.04","Raimanuk","2024-03-02 20:05:33.162788+07","2024-03-02 20:05:33.162788+07"
"53.04.17","530417 ","53.04","Lasiolat","2024-03-02 20:05:33.162788+07","2024-03-02 20:05:33.162788+07"
"53.04.18","530418 ","53.04","Lamaknen Selatan","2024-03-02 20:05:33.162788+07","2024-03-02 20:05:33.162788+07"
"53.04.21","530421 ","53.04","Atambua Barat","2024-03-02 20:05:33.162788+07","2024-03-02 20:05:33.162788+07"
"53.04.22","530422 ","53.04","Atambua Selatan","2024-03-02 20:05:33.162788+07","2024-03-02 20:05:33.162788+07"
"53.04.23","530423 ","53.04","Nanaet Duabesi","2024-03-02 20:05:33.162788+07","2024-03-02 20:05:33.162788+07"
"53.05.01","530501 ","53.05","Teluk Mutiara","2024-03-02 20:05:33.162788+07","2024-03-02 20:05:33.162788+07"
"53.05.02","530502 ","53.05","Alor Barat Laut","2024-03-02 20:05:33.162788+07","2024-03-02 20:05:33.162788+07"
"53.05.03","530503 ","53.05","Alor Barat Daya","2024-03-02 20:05:33.162788+07","2024-03-02 20:05:33.162788+07"
"53.05.04","530504 ","53.05","Alor Selatan","2024-03-02 20:05:33.162788+07","2024-03-02 20:05:33.162788+07"
"53.05.05","530505 ","53.05","Alor Timur","2024-03-02 20:05:33.162788+07","2024-03-02 20:05:33.162788+07"
"53.05.06","530506 ","53.05","Pantar","2024-03-02 20:05:33.162788+07","2024-03-02 20:05:33.162788+07"
"53.05.07","530507 ","53.05","Alor Tengah Utara","2024-03-02 20:05:33.162788+07","2024-03-02 20:05:33.162788+07"
"53.05.08","530508 ","53.05","Alor Timur Laut","2024-03-02 20:05:33.162788+07","2024-03-02 20:05:33.162788+07"
"53.05.09","530509 ","53.05","Pantar Barat","2024-03-02 20:05:33.162788+07","2024-03-02 20:05:33.162788+07"
"53.05.10","530510 ","53.05","Kabola","2024-03-02 20:05:33.162788+07","2024-03-02 20:05:33.162788+07"
"53.05.11","530511 ","53.05","Pulau Pura","2024-03-02 20:05:33.162788+07","2024-03-02 20:05:33.162788+07"
"53.05.12","530512 ","53.05","Mataru","2024-03-02 20:05:33.162788+07","2024-03-02 20:05:33.162788+07"
"53.05.13","530513 ","53.05","Pureman","2024-03-02 20:05:33.162788+07","2024-03-02 20:05:33.162788+07"
"53.05.14","530514 ","53.05","Pantar Timur","2024-03-02 20:05:33.162788+07","2024-03-02 20:05:33.162788+07"
"53.05.15","530515 ","53.05","Lembur","2024-03-02 20:05:33.162788+07","2024-03-02 20:05:33.162788+07"
"53.05.16","530516 ","53.05","Pantar Tengah","2024-03-02 20:05:33.162788+07","2024-03-02 20:05:33.162788+07"
"53.05.17","530517 ","53.05","Pantar Baru Laut","2024-03-02 20:05:33.162788+07","2024-03-02 20:05:33.162788+07"
"53.05.18","530518 ","53.05","Abad Selatan","2024-03-02 20:05:33.162788+07","2024-03-02 20:05:33.162788+07"
"53.06.01","530601 ","53.06","Wulanggitang","2024-03-02 20:05:33.162788+07","2024-03-02 20:05:33.162788+07"
"53.06.02","530602 ","53.06","Titehena","2024-03-02 20:05:33.162788+07","2024-03-02 20:05:33.162788+07"
"53.06.03","530603 ","53.06","Larantuka","2024-03-02 20:05:33.162788+07","2024-03-02 20:05:33.162788+07"
"53.06.04","530604 ","53.06","Ile Mandiri","2024-03-02 20:05:33.162788+07","2024-03-02 20:05:33.162788+07"
"53.06.05","530605 ","53.06","Tanjung Bunga","2024-03-02 20:05:33.162788+07","2024-03-02 20:05:33.162788+07"
"53.06.06","530606 ","53.06","Solor Barat","2024-03-02 20:05:33.162788+07","2024-03-02 20:05:33.162788+07"
"53.06.07","530607 ","53.06","Solor Timur","2024-03-02 20:05:33.162788+07","2024-03-02 20:05:33.162788+07"
"53.06.08","530608 ","53.06","Adonara Barat","2024-03-02 20:05:33.162788+07","2024-03-02 20:05:33.162788+07"
"53.06.09","530609 ","53.06","Wotan Ulumando","2024-03-02 20:05:33.162788+07","2024-03-02 20:05:33.162788+07"
"53.06.10","530610 ","53.06","Adonara Timur","2024-03-02 20:05:33.162788+07","2024-03-02 20:05:33.162788+07"
"53.06.11","530611 ","53.06","Kelubagolit","2024-03-02 20:05:33.162788+07","2024-03-02 20:05:33.162788+07"
"53.06.12","530612 ","53.06","Witihama","2024-03-02 20:05:33.162788+07","2024-03-02 20:05:33.162788+07"
"53.06.13","530613 ","53.06","Ile Boleng","2024-03-02 20:05:33.162788+07","2024-03-02 20:05:33.162788+07"
"53.06.14","530614 ","53.06","Demon Pagong","2024-03-02 20:05:33.162788+07","2024-03-02 20:05:33.162788+07"
"53.06.15","530615 ","53.06","Lewolema","2024-03-02 20:05:33.162788+07","2024-03-02 20:05:33.162788+07"
"53.06.16","530616 ","53.06","Ile Bura","2024-03-02 20:05:33.162788+07","2024-03-02 20:05:33.162788+07"
"53.06.17","530617 ","53.06","Adonara","2024-03-02 20:05:33.162788+07","2024-03-02 20:05:33.162788+07"
"53.06.18","530618 ","53.06","Adonara Tengah","2024-03-02 20:05:33.162788+07","2024-03-02 20:05:33.162788+07"
"53.06.19","530619 ","53.06","Solor Selatan","2024-03-02 20:05:33.162788+07","2024-03-02 20:05:33.162788+07"
"53.07.01","530701 ","53.07","Paga","2024-03-02 20:05:33.162788+07","2024-03-02 20:05:33.162788+07"
"53.07.02","530702 ","53.07","Mego","2024-03-02 20:05:33.162788+07","2024-03-02 20:05:33.162788+07"
"53.07.03","530703 ","53.07","Lela","2024-03-02 20:05:33.162788+07","2024-03-02 20:05:33.162788+07"
"53.07.04","530704 ","53.07","Nita","2024-03-02 20:05:33.162788+07","2024-03-02 20:05:33.162788+07"
"53.07.05","530705 ","53.07","Alok","2024-03-02 20:05:33.162788+07","2024-03-02 20:05:33.162788+07"
"53.07.06","530706 ","53.07","Palue","2024-03-02 20:05:33.162788+07","2024-03-02 20:05:33.162788+07"
"53.07.07","530707 ","53.07","Nelle","2024-03-02 20:05:33.162788+07","2024-03-02 20:05:33.162788+07"
"53.07.08","530708 ","53.07","Talibura","2024-03-02 20:05:33.162788+07","2024-03-02 20:05:33.162788+07"
"53.07.09","530709 ","53.07","Waigete","2024-03-02 20:05:33.162788+07","2024-03-02 20:05:33.162788+07"
"53.07.10","530710 ","53.07","Kewapante","2024-03-02 20:05:33.162788+07","2024-03-02 20:05:33.162788+07"
"53.07.11","530711 ","53.07","Bola","2024-03-02 20:05:33.162788+07","2024-03-02 20:05:33.162788+07"
"53.07.12","530712 ","53.07","Magepanda","2024-03-02 20:05:33.162788+07","2024-03-02 20:05:33.162788+07"
"53.07.13","530713 ","53.07","Waiblama","2024-03-02 20:05:33.162788+07","2024-03-02 20:05:33.162788+07"
"53.07.14","530714 ","53.07","Alok Barat","2024-03-02 20:05:33.162788+07","2024-03-02 20:05:33.162788+07"
"53.07.15","530715 ","53.07","Alok Timur","2024-03-02 20:05:33.162788+07","2024-03-02 20:05:33.162788+07"
"53.07.16","530716 ","53.07","Koting","2024-03-02 20:05:33.162788+07","2024-03-02 20:05:33.162788+07"
"53.07.17","530717 ","53.07","Tana Wawo","2024-03-02 20:05:33.162788+07","2024-03-02 20:05:33.162788+07"
"53.07.18","530718 ","53.07","Hewokloang","2024-03-02 20:05:33.162788+07","2024-03-02 20:05:33.162788+07"
"53.07.19","530719 ","53.07","Kangae","2024-03-02 20:05:33.162788+07","2024-03-02 20:05:33.162788+07"
"53.07.20","530720 ","53.07","Doreng","2024-03-02 20:05:33.162788+07","2024-03-02 20:05:33.162788+07"
"53.07.21","530721 ","53.07","Mapitara","2024-03-02 20:05:33.162788+07","2024-03-02 20:05:33.162788+07"
"53.08.01","530801 ","53.08","Nangapanda","2024-03-02 20:05:33.162788+07","2024-03-02 20:05:33.162788+07"
"53.08.02","530802 ","53.08","Pulau Ende","2024-03-02 20:05:33.162788+07","2024-03-02 20:05:33.162788+07"
"53.08.03","530803 ","53.08","Ende","2024-03-02 20:05:33.162788+07","2024-03-02 20:05:33.162788+07"
"53.08.04","530804 ","53.08","Ende Selatan","2024-03-02 20:05:33.162788+07","2024-03-02 20:05:33.162788+07"
"53.08.05","530805 ","53.08","Ndona","2024-03-02 20:05:33.162788+07","2024-03-02 20:05:33.162788+07"
"53.08.06","530806 ","53.08","Detusoko","2024-03-02 20:05:33.162788+07","2024-03-02 20:05:33.162788+07"
"53.08.07","530807 ","53.08","Wewaria","2024-03-02 20:05:33.162788+07","2024-03-02 20:05:33.162788+07"
"53.08.08","530808 ","53.08","Wolowaru","2024-03-02 20:05:33.162788+07","2024-03-02 20:05:33.162788+07"
"53.08.09","530809 ","53.08","Wolojita","2024-03-02 20:05:33.162788+07","2024-03-02 20:05:33.162788+07"
"53.08.10","530810 ","53.08","Maurole","2024-03-02 20:05:33.162788+07","2024-03-02 20:05:33.162788+07"
"53.08.11","530811 ","53.08","Maukaro","2024-03-02 20:05:33.162788+07","2024-03-02 20:05:33.162788+07"
"53.08.12","530812 ","53.08","Lio Timur","2024-03-02 20:05:33.162788+07","2024-03-02 20:05:33.162788+07"
"53.08.13","530813 ","53.08","Kota Baru","2024-03-02 20:05:33.162788+07","2024-03-02 20:05:33.162788+07"
"53.08.14","530814 ","53.08","Kelimutu","2024-03-02 20:05:33.162788+07","2024-03-02 20:05:33.162788+07"
"53.08.15","530815 ","53.08","Detukeli","2024-03-02 20:05:33.162788+07","2024-03-02 20:05:33.162788+07"
"53.08.16","530816 ","53.08","Ndona Timur","2024-03-02 20:05:33.162788+07","2024-03-02 20:05:33.162788+07"
"53.08.17","530817 ","53.08","Ndori","2024-03-02 20:05:33.162788+07","2024-03-02 20:05:33.162788+07"
"53.08.18","530818 ","53.08","Ende Utara","2024-03-02 20:05:33.162788+07","2024-03-02 20:05:33.162788+07"
"53.08.19","530819 ","53.08","Ende Tengah","2024-03-02 20:05:33.162788+07","2024-03-02 20:05:33.162788+07"
"53.08.20","530820 ","53.08","Ende Timur","2024-03-02 20:05:33.162788+07","2024-03-02 20:05:33.162788+07"
"53.08.21","530821 ","53.08","Lepembusu Kelisoke","2024-03-02 20:05:33.162788+07","2024-03-02 20:05:33.162788+07"
"53.09.01","530901 ","53.09","Aimere","2024-03-02 20:05:33.162788+07","2024-03-02 20:05:33.162788+07"
"53.09.02","530902 ","53.09","Golewa","2024-03-02 20:05:33.162788+07","2024-03-02 20:05:33.162788+07"
"53.09.06","530906 ","53.09","Bajawa","2024-03-02 20:05:33.162788+07","2024-03-02 20:05:33.162788+07"
"53.09.07","530907 ","53.09","Soa","2024-03-02 20:05:33.162788+07","2024-03-02 20:05:33.162788+07"
"53.09.09","530909 ","53.09","Riung","2024-03-02 20:05:33.162788+07","2024-03-02 20:05:33.162788+07"
"53.09.12","530912 ","53.09","Jerebuu","2024-03-02 20:05:33.162788+07","2024-03-02 20:05:33.162788+07"
"53.09.14","530914 ","53.09","Riung Barat","2024-03-02 20:05:33.162788+07","2024-03-02 20:05:33.162788+07"
"53.09.15","530915 ","53.09","Bajawa Utara","2024-03-02 20:05:33.162788+07","2024-03-02 20:05:33.162788+07"
"53.09.16","530916 ","53.09","Wolomeze","2024-03-02 20:05:33.162788+07","2024-03-02 20:05:33.162788+07"
"53.09.18","530918 ","53.09","Golewa Selatan","2024-03-02 20:05:33.162788+07","2024-03-02 20:05:33.162788+07"
"53.09.19","530919 ","53.09","Golewa Barat","2024-03-02 20:05:33.162788+07","2024-03-02 20:05:33.162788+07"
"53.09.20","530920 ","53.09","Inerie","2024-03-02 20:05:33.162788+07","2024-03-02 20:05:33.162788+07"
"53.10.01","531001 ","53.10","Wae Rii","2024-03-02 20:05:33.162788+07","2024-03-02 20:05:33.162788+07"
"53.10.03","531003 ","53.10","Ruteng","2024-03-02 20:05:33.162788+07","2024-03-02 20:05:33.162788+07"
"53.10.05","531005 ","53.10","Satar Mese","2024-03-02 20:05:33.162788+07","2024-03-02 20:05:33.162788+07"
"53.10.06","531006 ","53.10","Cibal","2024-03-02 20:05:33.162788+07","2024-03-02 20:05:33.162788+07"
"53.10.11","531011 ","53.10","Reok","2024-03-02 20:05:33.162788+07","2024-03-02 20:05:33.162788+07"
"53.10.12","531012 ","53.10","Langke Rembong","2024-03-02 20:05:33.162788+07","2024-03-02 20:05:33.162788+07"
"53.10.13","531013 ","53.10","Satar Mese Barat","2024-03-02 20:05:33.162788+07","2024-03-02 20:05:33.162788+07"
"53.10.14","531014 ","53.10","Rahong Utara","2024-03-02 20:05:33.162788+07","2024-03-02 20:05:33.162788+07"
"53.10.15","531015 ","53.10","Lelak","2024-03-02 20:05:33.162788+07","2024-03-02 20:05:33.162788+07"
"53.10.16","531016 ","53.10","Reok Barat","2024-03-02 20:05:33.162788+07","2024-03-02 20:05:33.162788+07"
"53.10.17","531017 ","53.10","Cibal barat","2024-03-02 20:05:33.162788+07","2024-03-02 20:05:33.162788+07"
"53.10.18","531018 ","53.10","Satar Mese Utara","2024-03-02 20:05:33.162788+07","2024-03-02 20:05:33.162788+07"
"53.11.01","531101 ","53.11","Kota Waingapu","2024-03-02 20:05:33.162788+07","2024-03-02 20:05:33.162788+07"
"53.11.02","531102 ","53.11","Haharu","2024-03-02 20:05:33.162788+07","2024-03-02 20:05:33.162788+07"
"53.11.03","531103 ","53.11","Lewa","2024-03-02 20:05:33.162788+07","2024-03-02 20:05:33.162788+07"
"53.11.04","531104 ","53.11","Nggaha Ori Angu","2024-03-02 20:05:33.162788+07","2024-03-02 20:05:33.162788+07"
"53.11.05","531105 ","53.11","Tabundung","2024-03-02 20:05:33.162788+07","2024-03-02 20:05:33.162788+07"
"53.11.06","531106 ","53.11","Pinu Pahar","2024-03-02 20:05:33.162788+07","2024-03-02 20:05:33.162788+07"
"53.11.07","531107 ","53.11","Pandawai","2024-03-02 20:05:33.162788+07","2024-03-02 20:05:33.162788+07"
"53.11.08","531108 ","53.11","Umalulu","2024-03-02 20:05:33.162788+07","2024-03-02 20:05:33.162788+07"
"53.11.09","531109 ","53.11","Rindi","2024-03-02 20:05:33.162788+07","2024-03-02 20:05:33.162788+07"
"53.11.10","531110 ","53.11","Pahunga Lodu","2024-03-02 20:05:33.162788+07","2024-03-02 20:05:33.162788+07"
"53.11.11","531111 ","53.11","Wulla Waijelu","2024-03-02 20:05:33.162788+07","2024-03-02 20:05:33.162788+07"
"53.11.12","531112 ","53.11","Paberiwai","2024-03-02 20:05:33.162788+07","2024-03-02 20:05:33.162788+07"
"53.11.13","531113 ","53.11","Karera","2024-03-02 20:05:33.162788+07","2024-03-02 20:05:33.162788+07"
"53.11.14","531114 ","53.11","Kahaungu Eti","2024-03-02 20:05:33.162788+07","2024-03-02 20:05:33.162788+07"
"53.11.15","531115 ","53.11","Matawai La Pawu","2024-03-02 20:05:33.162788+07","2024-03-02 20:05:33.162788+07"
"53.11.16","531116 ","53.11","Kambera","2024-03-02 20:05:33.162788+07","2024-03-02 20:05:33.162788+07"
"53.11.17","531117 ","53.11","Kambata Mapambuhang","2024-03-02 20:05:33.162788+07","2024-03-02 20:05:33.162788+07"
"53.11.18","531118 ","53.11","Lewa Tidahu","2024-03-02 20:05:33.162788+07","2024-03-02 20:05:33.162788+07"
"53.11.19","531119 ","53.11","Katala Hamu Lingu","2024-03-02 20:05:33.162788+07","2024-03-02 20:05:33.162788+07"
"53.11.20","531120 ","53.11","Kanatang","2024-03-02 20:05:33.162788+07","2024-03-02 20:05:33.162788+07"
"53.11.21","531121 ","53.11","Ngadu Ngala","2024-03-02 20:05:33.162788+07","2024-03-02 20:05:33.162788+07"
"53.11.22","531122 ","53.11","Mahu","2024-03-02 20:05:33.162788+07","2024-03-02 20:05:33.162788+07"
"53.12.04","531204 ","53.12","Tana Righu","2024-03-02 20:05:33.162788+07","2024-03-02 20:05:33.162788+07"
"53.12.10","531210 ","53.12","Loli","2024-03-02 20:05:33.162788+07","2024-03-02 20:05:33.162788+07"
"53.12.11","531211 ","53.12","Wanokaka","2024-03-02 20:05:33.162788+07","2024-03-02 20:05:33.162788+07"
"53.12.12","531212 ","53.12","Lamboya","2024-03-02 20:05:33.162788+07","2024-03-02 20:05:33.162788+07"
"53.12.15","531215 ","53.12","Kota Waikabubak","2024-03-02 20:05:33.162788+07","2024-03-02 20:05:33.162788+07"
"53.12.18","531218 ","53.12","Laboya Barat","2024-03-02 20:05:33.162788+07","2024-03-02 20:05:33.162788+07"
"53.13.01","531301 ","53.13","Naga Wutung","2024-03-02 20:05:33.162788+07","2024-03-02 20:05:33.162788+07"
"53.13.02","531302 ","53.13","Atadei","2024-03-02 20:05:33.162788+07","2024-03-02 20:05:33.162788+07"
"53.13.03","531303 ","53.13","Ile Ape","2024-03-02 20:05:33.162788+07","2024-03-02 20:05:33.162788+07"
"53.13.04","531304 ","53.13","Lebatukan","2024-03-02 20:05:33.162788+07","2024-03-02 20:05:33.162788+07"
"53.13.05","531305 ","53.13","Nubatukan","2024-03-02 20:05:33.162788+07","2024-03-02 20:05:33.162788+07"
"53.13.06","531306 ","53.13","Omesuri","2024-03-02 20:05:33.162788+07","2024-03-02 20:05:33.162788+07"
"53.13.07","531307 ","53.13","Buyasuri","2024-03-02 20:05:33.162788+07","2024-03-02 20:05:33.162788+07"
"53.13.08","531308 ","53.13","Wulandoni","2024-03-02 20:05:33.162788+07","2024-03-02 20:05:33.162788+07"
"53.13.09","531309 ","53.13","Ile Ape Timur","2024-03-02 20:05:33.162788+07","2024-03-02 20:05:33.162788+07"
"53.14.01","531401 ","53.14","Rote Barat Daya","2024-03-02 20:05:33.162788+07","2024-03-02 20:05:33.162788+07"
"53.14.02","531402 ","53.14","Rote Barat Laut","2024-03-02 20:05:33.162788+07","2024-03-02 20:05:33.162788+07"
"53.14.03","531403 ","53.14","Lobalain","2024-03-02 20:05:33.162788+07","2024-03-02 20:05:33.162788+07"
"53.14.04","531404 ","53.14","Rote Tengah","2024-03-02 20:05:33.162788+07","2024-03-02 20:05:33.162788+07"
"53.14.05","531405 ","53.14","Pantai Baru","2024-03-02 20:05:33.162788+07","2024-03-02 20:05:33.162788+07"
"53.14.06","531406 ","53.14","Rote Timur","2024-03-02 20:05:33.162788+07","2024-03-02 20:05:33.162788+07"
"53.14.07","531407 ","53.14","Rote Barat","2024-03-02 20:05:33.162788+07","2024-03-02 20:05:33.162788+07"
"53.14.08","531408 ","53.14","Rote Selatan","2024-03-02 20:05:33.162788+07","2024-03-02 20:05:33.162788+07"
"53.14.09","531409 ","53.14","Ndao Nuse","2024-03-02 20:05:33.162788+07","2024-03-02 20:05:33.162788+07"
"53.14.10","531410 ","53.14","Landu Leko","2024-03-02 20:05:33.162788+07","2024-03-02 20:05:33.162788+07"
"53.14.11","531411 ","53.14","Loaholu","2024-03-02 20:05:33.162788+07","2024-03-02 20:05:33.162788+07"
"53.15.01","531501 ","53.15","Macang Pacar","2024-03-02 20:05:33.162788+07","2024-03-02 20:05:33.162788+07"
"53.15.02","531502 ","53.15","Kuwus","2024-03-02 20:05:33.162788+07","2024-03-02 20:05:33.162788+07"
"53.15.03","531503 ","53.15","Lembor","2024-03-02 20:05:33.162788+07","2024-03-02 20:05:33.162788+07"
"53.15.04","531504 ","53.15","Sano Nggoang","2024-03-02 20:05:33.162788+07","2024-03-02 20:05:33.162788+07"
"53.15.05","531505 ","53.15","Komodo","2024-03-02 20:05:33.162788+07","2024-03-02 20:05:33.162788+07"
"53.15.06","531506 ","53.15","Boleng","2024-03-02 20:05:33.162788+07","2024-03-02 20:05:33.162788+07"
"53.15.07","531507 ","53.15","Welak","2024-03-02 20:05:33.162788+07","2024-03-02 20:05:33.162788+07"
"53.15.08","531508 ","53.15","Ndoso","2024-03-02 20:05:33.162788+07","2024-03-02 20:05:33.162788+07"
"53.15.09","531509 ","53.15","Lembor Selatan","2024-03-02 20:05:33.162788+07","2024-03-02 20:05:33.162788+07"
"53.15.10","531510 ","53.15","Mbeliling","2024-03-02 20:05:33.162788+07","2024-03-02 20:05:33.162788+07"
"53.15.11","531511 ","53.15","Pacar","2024-03-02 20:05:33.162788+07","2024-03-02 20:05:33.162788+07"
"53.15.12","531512 ","53.15","Kuwus Barat","2024-03-02 20:05:33.162788+07","2024-03-02 20:05:33.162788+07"
"53.16.01","531601 ","53.16","Aesesa","2024-03-02 20:05:33.162788+07","2024-03-02 20:05:33.162788+07"
"53.16.02","531602 ","53.16","Nangaroro","2024-03-02 20:05:33.162788+07","2024-03-02 20:05:33.162788+07"
"53.16.03","531603 ","53.16","Boawae","2024-03-02 20:05:33.162788+07","2024-03-02 20:05:33.162788+07"
"53.16.04","531604 ","53.16","Mauponggo","2024-03-02 20:05:33.162788+07","2024-03-02 20:05:33.162788+07"
"53.16.05","531605 ","53.16","Wolowae","2024-03-02 20:05:33.162788+07","2024-03-02 20:05:33.162788+07"
"53.16.06","531606 ","53.16","Keo Tengah","2024-03-02 20:05:33.162788+07","2024-03-02 20:05:33.162788+07"
"53.16.07","531607 ","53.16","Aesesa Selatan","2024-03-02 20:05:33.162788+07","2024-03-02 20:05:33.162788+07"
"53.17.01","531701 ","53.17","Katiku Tana","2024-03-02 20:05:33.162788+07","2024-03-02 20:05:33.162788+07"
"53.17.02","531702 ","53.17","Umbu Ratu Nggay Barat","2024-03-02 20:05:33.162788+07","2024-03-02 20:05:33.162788+07"
"53.17.03","531703 ","53.17","Mamboro","2024-03-02 20:05:33.162788+07","2024-03-02 20:05:33.162788+07"
"53.17.04","531704 ","53.17","Umbu Ratu Nggay","2024-03-02 20:05:33.162788+07","2024-03-02 20:05:33.162788+07"
"53.17.05","531705 ","53.17","Katiku Tana Selatan","2024-03-02 20:05:33.162788+07","2024-03-02 20:05:33.162788+07"
"53.17.06","531706 ","53.17","Umbu Ratu Nggay Tengah","2024-03-02 20:05:33.162788+07","2024-03-02 20:05:33.162788+07"
"53.18.01","531801 ","53.18","Loura","2024-03-02 20:05:33.162788+07","2024-03-02 20:05:33.162788+07"
"53.18.02","531802 ","53.18","Wewewa Utara","2024-03-02 20:05:33.162788+07","2024-03-02 20:05:33.162788+07"
"53.18.03","531803 ","53.18","Wewewa Timur","2024-03-02 20:05:33.162788+07","2024-03-02 20:05:33.162788+07"
"53.18.04","531804 ","53.18","Wewewa Barat","2024-03-02 20:05:33.162788+07","2024-03-02 20:05:33.162788+07"
"53.18.05","531805 ","53.18","Wewewa Selatan","2024-03-02 20:05:33.162788+07","2024-03-02 20:05:33.162788+07"
"53.18.06","531806 ","53.18","Kodi Bangedo","2024-03-02 20:05:33.162788+07","2024-03-02 20:05:33.162788+07"
"53.18.07","531807 ","53.18","Kodi","2024-03-02 20:05:33.162788+07","2024-03-02 20:05:33.162788+07"
"53.18.08","531808 ","53.18","Kodi Utara","2024-03-02 20:05:33.162788+07","2024-03-02 20:05:33.162788+07"
"53.18.09","531809 ","53.18","Kota Tambolaka","2024-03-02 20:05:33.162788+07","2024-03-02 20:05:33.162788+07"
"53.18.10","531810 ","53.18","Wewewa Tengah","2024-03-02 20:05:33.162788+07","2024-03-02 20:05:33.162788+07"
"53.18.11","531811 ","53.18","Kodi Balaghar","2024-03-02 20:05:33.162788+07","2024-03-02 20:05:33.162788+07"
"53.19.01","531901 ","53.19","Borong","2024-03-02 20:05:33.162788+07","2024-03-02 20:05:33.162788+07"
"53.19.02","531902 ","53.19","Poco Ranaka","2024-03-02 20:05:33.162788+07","2024-03-02 20:05:33.162788+07"
"53.19.03","531903 ","53.19","Lamba Leda","2024-03-02 20:05:33.162788+07","2024-03-02 20:05:33.162788+07"
"53.19.04","531904 ","53.19","Sambi Rampas","2024-03-02 20:05:33.162788+07","2024-03-02 20:05:33.162788+07"
"53.19.05","531905 ","53.19","Elar","2024-03-02 20:05:33.162788+07","2024-03-02 20:05:33.162788+07"
"53.19.06","531906 ","53.19","Kota Komba","2024-03-02 20:05:33.162788+07","2024-03-02 20:05:33.162788+07"
"53.19.07","531907 ","53.19","Rana Mese","2024-03-02 20:05:33.162788+07","2024-03-02 20:05:33.162788+07"
"53.19.08","531908 ","53.19","Poco Ranaka Timur","2024-03-02 20:05:33.162788+07","2024-03-02 20:05:33.162788+07"
"53.19.09","531909 ","53.19","Elar Selatan","2024-03-02 20:05:33.162788+07","2024-03-02 20:05:33.162788+07"
"53.19.10","531910 ","53.19","Kota Komba Utara","2024-03-02 20:05:33.162788+07","2024-03-02 20:05:33.162788+07"
"53.19.11","531911 ","53.19","Lamba Leda Utara","2024-03-02 20:05:33.162788+07","2024-03-02 20:05:33.162788+07"
"53.19.12","531912 ","53.19","Congkar","2024-03-02 20:05:33.162788+07","2024-03-02 20:05:33.162788+07"
"53.20.01","532001 ","53.20","Sabu Barat","2024-03-02 20:05:33.162788+07","2024-03-02 20:05:33.162788+07"
"53.20.02","532002 ","53.20","Sabu Tengah","2024-03-02 20:05:33.162788+07","2024-03-02 20:05:33.162788+07"
"53.20.03","532003 ","53.20","Sabu Timur","2024-03-02 20:05:33.162788+07","2024-03-02 20:05:33.162788+07"
"53.20.04","532004 ","53.20","Sabu Liae","2024-03-02 20:05:33.162788+07","2024-03-02 20:05:33.162788+07"
"53.20.05","532005 ","53.20","Hawu Mehara","2024-03-02 20:05:33.162788+07","2024-03-02 20:05:33.162788+07"
"53.20.06","532006 ","53.20","Raijua","2024-03-02 20:05:33.162788+07","2024-03-02 20:05:33.162788+07"
"53.21.01","532101 ","53.21","Malaka Tengah","2024-03-02 20:05:33.162788+07","2024-03-02 20:05:33.162788+07"
"53.21.02","532102 ","53.21","Malaka Barat","2024-03-02 20:05:33.162788+07","2024-03-02 20:05:33.162788+07"
"53.21.03","532103 ","53.21","Wewiku","2024-03-02 20:05:33.162788+07","2024-03-02 20:05:33.162788+07"
"53.21.04","532104 ","53.21","Weliman","2024-03-02 20:05:33.162788+07","2024-03-02 20:05:33.162788+07"
"53.21.05","532105 ","53.21","Rinhat","2024-03-02 20:05:33.162788+07","2024-03-02 20:05:33.162788+07"
"53.21.06","532106 ","53.21","Io Kufeu","2024-03-02 20:05:33.162788+07","2024-03-02 20:05:33.162788+07"
"53.21.07","532107 ","53.21","Sasitamean","2024-03-02 20:05:33.162788+07","2024-03-02 20:05:33.162788+07"
"53.21.08","532108 ","53.21","Laenmanen","2024-03-02 20:05:33.162788+07","2024-03-02 20:05:33.162788+07"
"53.21.09","532109 ","53.21","Malaka Timur","2024-03-02 20:05:33.162788+07","2024-03-02 20:05:33.162788+07"
"53.21.10","532110 ","53.21","Kobalima Timur","2024-03-02 20:05:33.162788+07","2024-03-02 20:05:33.162788+07"
"53.21.11","532111 ","53.21","Kobalima","2024-03-02 20:05:33.162788+07","2024-03-02 20:05:33.162788+07"
"53.21.12","532112 ","53.21","Botin Leobele","2024-03-02 20:05:33.162788+07","2024-03-02 20:05:33.162788+07"
"53.71.01","537101 ","53.71","Alak","2024-03-02 20:05:33.162788+07","2024-03-02 20:05:33.162788+07"
"53.71.02","537102 ","53.71","Maulafa","2024-03-02 20:05:33.162788+07","2024-03-02 20:05:33.162788+07"
"53.71.03","537103 ","53.71","Kelapa Lima","2024-03-02 20:05:33.162788+07","2024-03-02 20:05:33.162788+07"
"53.71.04","537104 ","53.71","Oebobo","2024-03-02 20:05:33.162788+07","2024-03-02 20:05:33.162788+07"
"53.71.05","537105 ","53.71","Kota Raja","2024-03-02 20:05:33.162788+07","2024-03-02 20:05:33.162788+07"
"53.71.06","537106 ","53.71","Kota Lama","2024-03-02 20:05:33.162788+07","2024-03-02 20:05:33.162788+07"
"61.01.01","610101 ","61.01","Sambas","2024-03-02 20:05:33.162788+07","2024-03-02 20:05:33.162788+07"
"61.01.02","610102 ","61.01","Teluk Keramat","2024-03-02 20:05:33.162788+07","2024-03-02 20:05:33.162788+07"
"61.01.03","610103 ","61.01","Jawai","2024-03-02 20:05:33.162788+07","2024-03-02 20:05:33.162788+07"
"61.01.04","610104 ","61.01","Tebas","2024-03-02 20:05:33.162788+07","2024-03-02 20:05:33.162788+07"
"61.01.05","610105 ","61.01","Pemangkat","2024-03-02 20:05:33.162788+07","2024-03-02 20:05:33.162788+07"
"61.01.06","610106 ","61.01","Sejangkung","2024-03-02 20:05:33.162788+07","2024-03-02 20:05:33.162788+07"
"61.01.07","610107 ","61.01","Selakau","2024-03-02 20:05:33.162788+07","2024-03-02 20:05:33.162788+07"
"61.01.08","610108 ","61.01","Paloh","2024-03-02 20:05:33.162788+07","2024-03-02 20:05:33.162788+07"
"61.01.09","610109 ","61.01","Sajingan Besar","2024-03-02 20:05:33.162788+07","2024-03-02 20:05:33.162788+07"
"61.01.10","610110 ","61.01","Subah","2024-03-02 20:05:33.162788+07","2024-03-02 20:05:33.162788+07"
"61.01.11","610111 ","61.01","Galing","2024-03-02 20:05:33.162788+07","2024-03-02 20:05:33.162788+07"
"61.01.12","610112 ","61.01","Tekarang","2024-03-02 20:05:33.162788+07","2024-03-02 20:05:33.162788+07"
"61.01.13","610113 ","61.01","Semparuk","2024-03-02 20:05:33.162788+07","2024-03-02 20:05:33.162788+07"
"61.01.14","610114 ","61.01","Sajad","2024-03-02 20:05:33.162788+07","2024-03-02 20:05:33.162788+07"
"61.01.15","610115 ","61.01","Sebawi","2024-03-02 20:05:33.162788+07","2024-03-02 20:05:33.162788+07"
"61.01.16","610116 ","61.01","Jawai Selatan","2024-03-02 20:05:33.162788+07","2024-03-02 20:05:33.162788+07"
"61.01.17","610117 ","61.01","Tangaran","2024-03-02 20:05:33.162788+07","2024-03-02 20:05:33.162788+07"
"61.01.18","610118 ","61.01","Salatiga","2024-03-02 20:05:33.162788+07","2024-03-02 20:05:33.162788+07"
"61.01.19","610119 ","61.01","Selakau Timur","2024-03-02 20:05:33.162788+07","2024-03-02 20:05:33.162788+07"
"61.02.01","610201 ","61.02","Mempawah Hilir","2024-03-02 20:05:33.162788+07","2024-03-02 20:05:33.162788+07"
"61.02.06","610206 ","61.02","Toho","2024-03-02 20:05:33.162788+07","2024-03-02 20:05:33.162788+07"
"61.02.07","610207 ","61.02","Sungai Pinyuh","2024-03-02 20:05:33.162788+07","2024-03-02 20:05:33.162788+07"
"61.02.08","610208 ","61.02","Siantan","2024-03-02 20:05:33.162788+07","2024-03-02 20:05:33.162788+07"
"61.02.12","610212 ","61.02","Sungai Kunyit","2024-03-02 20:05:33.162788+07","2024-03-02 20:05:33.162788+07"
"61.02.15","610215 ","61.02","Segedong","2024-03-02 20:05:33.162788+07","2024-03-02 20:05:33.162788+07"
"61.02.16","610216 ","61.02","Anjongan","2024-03-02 20:05:33.162788+07","2024-03-02 20:05:33.162788+07"
"61.02.17","610217 ","61.02","Sadaniang","2024-03-02 20:05:33.162788+07","2024-03-02 20:05:33.162788+07"
"61.02.18","610218 ","61.02","Mempawah Timur","2024-03-02 20:05:33.162788+07","2024-03-02 20:05:33.162788+07"
"61.03.01","610301 ","61.03","Kapuas","2024-03-02 20:05:33.162788+07","2024-03-02 20:05:33.162788+07"
"61.03.02","610302 ","61.03","Mukok","2024-03-02 20:05:33.162788+07","2024-03-02 20:05:33.162788+07"
"61.03.03","610303 ","61.03","Noyan","2024-03-02 20:05:33.162788+07","2024-03-02 20:05:33.162788+07"
"61.03.04","610304 ","61.03","Jangkang","2024-03-02 20:05:33.162788+07","2024-03-02 20:05:33.162788+07"
"61.03.05","610305 ","61.03","Bonti","2024-03-02 20:05:33.162788+07","2024-03-02 20:05:33.162788+07"
"61.03.06","610306 ","61.03","Beduai","2024-03-02 20:05:33.162788+07","2024-03-02 20:05:33.162788+07"
"61.03.07","610307 ","61.03","Sekayam","2024-03-02 20:05:33.162788+07","2024-03-02 20:05:33.162788+07"
"61.03.08","610308 ","61.03","Kembayan","2024-03-02 20:05:33.162788+07","2024-03-02 20:05:33.162788+07"
"61.03.09","610309 ","61.03","Parindu","2024-03-02 20:05:33.162788+07","2024-03-02 20:05:33.162788+07"
"61.03.10","610310 ","61.03","Tayan Hulu","2024-03-02 20:05:33.162788+07","2024-03-02 20:05:33.162788+07"
"61.03.11","610311 ","61.03","Tayan Hilir","2024-03-02 20:05:33.162788+07","2024-03-02 20:05:33.162788+07"
"61.03.12","610312 ","61.03","Balai","2024-03-02 20:05:33.162788+07","2024-03-02 20:05:33.162788+07"
"61.03.13","610313 ","61.03","Toba","2024-03-02 20:05:33.162788+07","2024-03-02 20:05:33.162788+07"
"61.03.20","610320 ","61.03","Meliau","2024-03-02 20:05:33.162788+07","2024-03-02 20:05:33.162788+07"
"61.03.21","610321 ","61.03","Entikong","2024-03-02 20:05:33.162788+07","2024-03-02 20:05:33.162788+07"
"61.04.01","610401 ","61.04","Matan Hilir Utara","2024-03-02 20:05:33.162788+07","2024-03-02 20:05:33.162788+07"
"61.04.02","610402 ","61.04","Marau","2024-03-02 20:05:33.162788+07","2024-03-02 20:05:33.162788+07"
"61.04.03","610403 ","61.04","Manis Mata","2024-03-02 20:05:33.162788+07","2024-03-02 20:05:33.162788+07"
"61.04.04","610404 ","61.04","Kendawangan","2024-03-02 20:05:33.162788+07","2024-03-02 20:05:33.162788+07"
"61.04.05","610405 ","61.04","Sandai","2024-03-02 20:05:33.162788+07","2024-03-02 20:05:33.162788+07"
"61.04.07","610407 ","61.04","Sungai Laur","2024-03-02 20:05:33.162788+07","2024-03-02 20:05:33.162788+07"
"61.04.08","610408 ","61.04","Simpang Hulu","2024-03-02 20:05:33.162788+07","2024-03-02 20:05:33.162788+07"
"61.04.11","610411 ","61.04","Nanga Tayap","2024-03-02 20:05:33.162788+07","2024-03-02 20:05:33.162788+07"
"61.04.12","610412 ","61.04","Matan Hilir Selatan","2024-03-02 20:05:33.162788+07","2024-03-02 20:05:33.162788+07"
"61.04.13","610413 ","61.04","Tumbang Titi","2024-03-02 20:05:33.162788+07","2024-03-02 20:05:33.162788+07"
"61.04.14","610414 ","61.04","Jelai Hulu","2024-03-02 20:05:33.162788+07","2024-03-02 20:05:33.162788+07"
"61.04.16","610416 ","61.04","Delta Pawan","2024-03-02 20:05:33.162788+07","2024-03-02 20:05:33.162788+07"
"61.04.17","610417 ","61.04","Muara Pawan","2024-03-02 20:05:33.162788+07","2024-03-02 20:05:33.162788+07"
"61.04.18","610418 ","61.04","Benua Kayong","2024-03-02 20:05:33.162788+07","2024-03-02 20:05:33.162788+07"
"61.04.19","610419 ","61.04","Hulu Sungai","2024-03-02 20:05:33.162788+07","2024-03-02 20:05:33.162788+07"
"61.04.20","610420 ","61.04","Simpang Dua","2024-03-02 20:05:33.162788+07","2024-03-02 20:05:33.162788+07"
"61.04.21","610421 ","61.04","Air Upas","2024-03-02 20:05:33.162788+07","2024-03-02 20:05:33.162788+07"
"61.04.22","610422 ","61.04","Singkup","2024-03-02 20:05:33.162788+07","2024-03-02 20:05:33.162788+07"
"61.04.24","610424 ","61.04","Pemahan","2024-03-02 20:05:33.162788+07","2024-03-02 20:05:33.162788+07"
"61.04.25","610425 ","61.04","Sungai Melayu Rayak","2024-03-02 20:05:33.162788+07","2024-03-02 20:05:33.162788+07"
"61.05.01","610501 ","61.05","Sintang","2024-03-02 20:05:33.162788+07","2024-03-02 20:05:33.162788+07"
"61.05.02","610502 ","61.05","Tempunak","2024-03-02 20:05:33.162788+07","2024-03-02 20:05:33.162788+07"
"61.05.03","610503 ","61.05","Sepauk","2024-03-02 20:05:33.162788+07","2024-03-02 20:05:33.162788+07"
"61.05.04","610504 ","61.05","Ketungau Hilir","2024-03-02 20:05:33.162788+07","2024-03-02 20:05:33.162788+07"
"61.05.05","610505 ","61.05","Ketungau Tengah","2024-03-02 20:05:33.162788+07","2024-03-02 20:05:33.162788+07"
"61.05.06","610506 ","61.05","Ketungau Hulu","2024-03-02 20:05:33.162788+07","2024-03-02 20:05:33.162788+07"
"61.05.07","610507 ","61.05","Dedai","2024-03-02 20:05:33.162788+07","2024-03-02 20:05:33.162788+07"
"61.05.08","610508 ","61.05","Kayan Hilir","2024-03-02 20:05:33.162788+07","2024-03-02 20:05:33.162788+07"
"61.05.09","610509 ","61.05","Kayan Hulu","2024-03-02 20:05:33.162788+07","2024-03-02 20:05:33.162788+07"
"61.05.14","610514 ","61.05","Serawai","2024-03-02 20:05:33.162788+07","2024-03-02 20:05:33.162788+07"
"61.05.15","610515 ","61.05","Ambalau","2024-03-02 20:05:33.162788+07","2024-03-02 20:05:33.162788+07"
"61.05.19","610519 ","61.05","Kelam Permai","2024-03-02 20:05:33.162788+07","2024-03-02 20:05:33.162788+07"
"61.05.20","610520 ","61.05","Sungai Tebelian","2024-03-02 20:05:33.162788+07","2024-03-02 20:05:33.162788+07"
"61.05.21","610521 ","61.05","Binjai Hulu","2024-03-02 20:05:33.162788+07","2024-03-02 20:05:33.162788+07"
"61.06.01","610601 ","61.06","Putussibau Utara","2024-03-02 20:05:33.162788+07","2024-03-02 20:05:33.162788+07"
"61.06.02","610602 ","61.06","Bika","2024-03-02 20:05:33.162788+07","2024-03-02 20:05:33.162788+07"
"61.06.03","610603 ","61.06","Embaloh Hilir","2024-03-02 20:05:33.162788+07","2024-03-02 20:05:33.162788+07"
"61.06.04","610604 ","61.06","Embaloh Hulu","2024-03-02 20:05:33.162788+07","2024-03-02 20:05:33.162788+07"
"61.06.05","610605 ","61.06","Bunut Hilir","2024-03-02 20:05:33.162788+07","2024-03-02 20:05:33.162788+07"
"61.06.06","610606 ","61.06","Bunut Hulu","2024-03-02 20:05:33.162788+07","2024-03-02 20:05:33.162788+07"
"61.06.07","610607 ","61.06","Jongkong","2024-03-02 20:05:33.162788+07","2024-03-02 20:05:33.162788+07"
"61.06.08","610608 ","61.06","Hulu Gurung","2024-03-02 20:05:33.162788+07","2024-03-02 20:05:33.162788+07"
"61.06.09","610609 ","61.06","Selimbau","2024-03-02 20:05:33.162788+07","2024-03-02 20:05:33.162788+07"
"61.06.10","610610 ","61.06","Semitau","2024-03-02 20:05:33.162788+07","2024-03-02 20:05:33.162788+07"
"61.06.11","610611 ","61.06","Seberuang","2024-03-02 20:05:33.162788+07","2024-03-02 20:05:33.162788+07"
"61.06.12","610612 ","61.06","Batang Lupar","2024-03-02 20:05:33.162788+07","2024-03-02 20:05:33.162788+07"
"61.06.13","610613 ","61.06","Empanang","2024-03-02 20:05:33.162788+07","2024-03-02 20:05:33.162788+07"
"61.06.14","610614 ","61.06","Badau","2024-03-02 20:05:33.162788+07","2024-03-02 20:05:33.162788+07"
"61.06.15","610615 ","61.06","Silat Hilir","2024-03-02 20:05:33.162788+07","2024-03-02 20:05:33.162788+07"
"61.06.16","610616 ","61.06","Silat Hulu","2024-03-02 20:05:33.162788+07","2024-03-02 20:05:33.162788+07"
"61.06.17","610617 ","61.06","Putussibau Selatan","2024-03-02 20:05:33.162788+07","2024-03-02 20:05:33.162788+07"
"61.06.18","610618 ","61.06","Kalis","2024-03-02 20:05:33.162788+07","2024-03-02 20:05:33.162788+07"
"61.06.19","610619 ","61.06","Boyan Tanjung","2024-03-02 20:05:33.162788+07","2024-03-02 20:05:33.162788+07"
"61.06.20","610620 ","61.06","Mentebah","2024-03-02 20:05:33.162788+07","2024-03-02 20:05:33.162788+07"
"61.06.21","610621 ","61.06","Pengkadan","2024-03-02 20:05:33.162788+07","2024-03-02 20:05:33.162788+07"
"61.06.22","610622 ","61.06","Suhaid","2024-03-02 20:05:33.162788+07","2024-03-02 20:05:33.162788+07"
"61.06.23","610623 ","61.06","Puring Kencana","2024-03-02 20:05:33.162788+07","2024-03-02 20:05:33.162788+07"
"61.07.01","610701 ","61.07","Sungai Raya","2024-03-02 20:05:33.162788+07","2024-03-02 20:05:33.162788+07"
"61.07.02","610702 ","61.07","Samalantan","2024-03-02 20:05:33.162788+07","2024-03-02 20:05:33.162788+07"
"61.07.03","610703 ","61.07","Ledo","2024-03-02 20:05:33.162788+07","2024-03-02 20:05:33.162788+07"
"61.07.04","610704 ","61.07","Bengkayang","2024-03-02 20:05:33.162788+07","2024-03-02 20:05:33.162788+07"
"61.07.05","610705 ","61.07","Seluas","2024-03-02 20:05:33.162788+07","2024-03-02 20:05:33.162788+07"
"61.07.06","610706 ","61.07","Sanggau Ledo","2024-03-02 20:05:33.162788+07","2024-03-02 20:05:33.162788+07"
"61.07.07","610707 ","61.07","Jagoi Babang","2024-03-02 20:05:33.162788+07","2024-03-02 20:05:33.162788+07"
"61.07.08","610708 ","61.07","Monterado","2024-03-02 20:05:33.162788+07","2024-03-02 20:05:33.162788+07"
"61.07.09","610709 ","61.07","Teriak","2024-03-02 20:05:33.162788+07","2024-03-02 20:05:33.162788+07"
"61.07.10","610710 ","61.07","Suti Semarang","2024-03-02 20:05:33.162788+07","2024-03-02 20:05:33.162788+07"
"61.07.11","610711 ","61.07","Capkala","2024-03-02 20:05:33.162788+07","2024-03-02 20:05:33.162788+07"
"61.07.12","610712 ","61.07","Siding","2024-03-02 20:05:33.162788+07","2024-03-02 20:05:33.162788+07"
"61.07.13","610713 ","61.07","Lumar","2024-03-02 20:05:33.162788+07","2024-03-02 20:05:33.162788+07"
"61.07.14","610714 ","61.07","Sungai Betung","2024-03-02 20:05:33.162788+07","2024-03-02 20:05:33.162788+07"
"61.07.15","610715 ","61.07","Sungai Raya Kepulauan","2024-03-02 20:05:33.162788+07","2024-03-02 20:05:33.162788+07"
"61.07.16","610716 ","61.07","Lembah Bawang","2024-03-02 20:05:33.162788+07","2024-03-02 20:05:33.162788+07"
"61.07.17","610717 ","61.07","Tujuh Belas","2024-03-02 20:05:33.162788+07","2024-03-02 20:05:33.162788+07"
"61.08.01","610801 ","61.08","Ngabang","2024-03-02 20:05:33.162788+07","2024-03-02 20:05:33.162788+07"
"61.08.02","610802 ","61.08","Mempawah Hulu","2024-03-02 20:05:33.162788+07","2024-03-02 20:05:33.162788+07"
"61.08.03","610803 ","61.08","Menjalin","2024-03-02 20:05:33.162788+07","2024-03-02 20:05:33.162788+07"
"61.08.04","610804 ","61.08","Mandor","2024-03-02 20:05:33.162788+07","2024-03-02 20:05:33.162788+07"
"61.08.05","610805 ","61.08","Air Besar","2024-03-02 20:05:33.162788+07","2024-03-02 20:05:33.162788+07"
"61.08.06","610806 ","61.08","Menyuke","2024-03-02 20:05:33.162788+07","2024-03-02 20:05:33.162788+07"
"61.08.07","610807 ","61.08","Sengah Temila","2024-03-02 20:05:33.162788+07","2024-03-02 20:05:33.162788+07"
"61.08.08","610808 ","61.08","Meranti","2024-03-02 20:05:33.162788+07","2024-03-02 20:05:33.162788+07"
"61.08.09","610809 ","61.08","Kuala Behe","2024-03-02 20:05:33.162788+07","2024-03-02 20:05:33.162788+07"
"61.08.10","610810 ","61.08","Sebangki","2024-03-02 20:05:33.162788+07","2024-03-02 20:05:33.162788+07"
"61.08.11","610811 ","61.08","Jelimpo","2024-03-02 20:05:33.162788+07","2024-03-02 20:05:33.162788+07"
"61.08.12","610812 ","61.08","Banyuke Hulu","2024-03-02 20:05:33.162788+07","2024-03-02 20:05:33.162788+07"
"61.08.13","610813 ","61.08","Sompak","2024-03-02 20:05:33.162788+07","2024-03-02 20:05:33.162788+07"
"61.09.01","610901 ","61.09","Sekadau Hilir","2024-03-02 20:05:33.162788+07","2024-03-02 20:05:33.162788+07"
"61.09.02","610902 ","61.09","Sekadau Hulu","2024-03-02 20:05:33.162788+07","2024-03-02 20:05:33.162788+07"
"61.09.03","610903 ","61.09","Nanga Taman","2024-03-02 20:05:33.162788+07","2024-03-02 20:05:33.162788+07"
"61.09.04","610904 ","61.09","Nanga Mahap","2024-03-02 20:05:33.162788+07","2024-03-02 20:05:33.162788+07"
"61.09.05","610905 ","61.09","Belitang Hilir","2024-03-02 20:05:33.162788+07","2024-03-02 20:05:33.162788+07"
"61.09.06","610906 ","61.09","Belitang Hulu","2024-03-02 20:05:33.162788+07","2024-03-02 20:05:33.162788+07"
"61.09.07","610907 ","61.09","Belitang","2024-03-02 20:05:33.162788+07","2024-03-02 20:05:33.162788+07"
"61.10.01","611001 ","61.10","Belimbing","2024-03-02 20:05:33.162788+07","2024-03-02 20:05:33.162788+07"
"61.10.02","611002 ","61.10","Nanga Pinoh","2024-03-02 20:05:33.162788+07","2024-03-02 20:05:33.162788+07"
"61.10.03","611003 ","61.10","Ella Hilir","2024-03-02 20:05:33.162788+07","2024-03-02 20:05:33.162788+07"
"61.10.04","611004 ","61.10","Menukung","2024-03-02 20:05:33.162788+07","2024-03-02 20:05:33.162788+07"
"61.10.05","611005 ","61.10","Sayan","2024-03-02 20:05:33.162788+07","2024-03-02 20:05:33.162788+07"
"61.10.06","611006 ","61.10","Tanah Pinoh","2024-03-02 20:05:33.162788+07","2024-03-02 20:05:33.162788+07"
"61.10.07","611007 ","61.10","Sokan","2024-03-02 20:05:33.162788+07","2024-03-02 20:05:33.162788+07"
"61.10.08","611008 ","61.10","Pinoh Utara","2024-03-02 20:05:33.162788+07","2024-03-02 20:05:33.162788+07"
"61.10.09","611009 ","61.10","Pinoh Selatan","2024-03-02 20:05:33.162788+07","2024-03-02 20:05:33.162788+07"
"61.10.10","611010 ","61.10","Belimbing Hulu","2024-03-02 20:05:33.162788+07","2024-03-02 20:05:33.162788+07"
"61.10.11","611011 ","61.10","Tanah Pinoh Barat","2024-03-02 20:05:33.162788+07","2024-03-02 20:05:33.162788+07"
"61.11.01","611101 ","61.11","Sukadana","2024-03-02 20:05:33.162788+07","2024-03-02 20:05:33.162788+07"
"61.11.02","611102 ","61.11","Simpang Hilir","2024-03-02 20:05:33.162788+07","2024-03-02 20:05:33.162788+07"
"61.11.03","611103 ","61.11","Teluk Batang","2024-03-02 20:05:33.162788+07","2024-03-02 20:05:33.162788+07"
"61.11.04","611104 ","61.11","Pulau Maya","2024-03-02 20:05:33.162788+07","2024-03-02 20:05:33.162788+07"
"61.11.05","611105 ","61.11","Seponti","2024-03-02 20:05:33.162788+07","2024-03-02 20:05:33.162788+07"
"61.11.06","611106 ","61.11","Kepulauan Karimata","2024-03-02 20:05:33.162788+07","2024-03-02 20:05:33.162788+07"
"61.12.01","611201 ","61.12","Sungai Raya","2024-03-02 20:05:33.162788+07","2024-03-02 20:05:33.162788+07"
"61.12.02","611202 ","61.12","Kuala Mandor B","2024-03-02 20:05:33.162788+07","2024-03-02 20:05:33.162788+07"
"61.12.03","611203 ","61.12","Sungai Ambawang","2024-03-02 20:05:33.162788+07","2024-03-02 20:05:33.162788+07"
"61.12.04","611204 ","61.12","Terentang","2024-03-02 20:05:33.162788+07","2024-03-02 20:05:33.162788+07"
"61.12.05","611205 ","61.12","Batu Ampar","2024-03-02 20:05:33.162788+07","2024-03-02 20:05:33.162788+07"
"61.12.06","611206 ","61.12","Kubu","2024-03-02 20:05:33.162788+07","2024-03-02 20:05:33.162788+07"
"61.12.07","611207 ","61.12","Rasau Jaya","2024-03-02 20:05:33.162788+07","2024-03-02 20:05:33.162788+07"
"61.12.08","611208 ","61.12","Teluk Pakedai","2024-03-02 20:05:33.162788+07","2024-03-02 20:05:33.162788+07"
"61.12.09","611209 ","61.12","Sungai Kakap","2024-03-02 20:05:33.162788+07","2024-03-02 20:05:33.162788+07"
"61.71.01","617101 ","61.71","Pontianak Selatan","2024-03-02 20:05:33.162788+07","2024-03-02 20:05:33.162788+07"
"61.71.02","617102 ","61.71","Pontianak Timur","2024-03-02 20:05:33.162788+07","2024-03-02 20:05:33.162788+07"
"61.71.03","617103 ","61.71","Pontianak Barat","2024-03-02 20:05:33.162788+07","2024-03-02 20:05:33.162788+07"
"61.71.04","617104 ","61.71","Pontianak Utara","2024-03-02 20:05:33.162788+07","2024-03-02 20:05:33.162788+07"
"61.71.05","617105 ","61.71","Pontianak Kota","2024-03-02 20:05:33.162788+07","2024-03-02 20:05:33.162788+07"
"61.71.06","617106 ","61.71","Pontianak Tenggara","2024-03-02 20:05:33.162788+07","2024-03-02 20:05:33.162788+07"
"61.72.01","617201 ","61.72","Singkawang Tengah","2024-03-02 20:05:33.162788+07","2024-03-02 20:05:33.162788+07"
"61.72.02","617202 ","61.72","Singkawang Barat","2024-03-02 20:05:33.162788+07","2024-03-02 20:05:33.162788+07"
"61.72.03","617203 ","61.72","Singkawang Timur","2024-03-02 20:05:33.162788+07","2024-03-02 20:05:33.162788+07"
"61.72.04","617204 ","61.72","Singkawang Utara","2024-03-02 20:05:33.162788+07","2024-03-02 20:05:33.162788+07"
"61.72.05","617205 ","61.72","Singkawang Selatan","2024-03-02 20:05:33.162788+07","2024-03-02 20:05:33.162788+07"
"62.01.01","620101 ","62.01","Kumai","2024-03-02 20:05:33.162788+07","2024-03-02 20:05:33.162788+07"
"62.01.02","620102 ","62.01","Arut Selatan","2024-03-02 20:05:33.162788+07","2024-03-02 20:05:33.162788+07"
"62.01.03","620103 ","62.01","Kotawaringin Lama","2024-03-02 20:05:33.162788+07","2024-03-02 20:05:33.162788+07"
"62.01.04","620104 ","62.01","Arut Utara","2024-03-02 20:05:33.162788+07","2024-03-02 20:05:33.162788+07"
"62.01.05","620105 ","62.01","Pangkalan Lada","2024-03-02 20:05:33.162788+07","2024-03-02 20:05:33.162788+07"
"62.01.06","620106 ","62.01","Pangkalan Banteng","2024-03-02 20:05:33.162788+07","2024-03-02 20:05:33.162788+07"
"62.02.01","620201 ","62.02","Kota Besi","2024-03-02 20:05:33.162788+07","2024-03-02 20:05:33.162788+07"
"62.02.02","620202 ","62.02","Cempaga","2024-03-02 20:05:33.162788+07","2024-03-02 20:05:33.162788+07"
"62.02.03","620203 ","62.02","Mentaya Hulu","2024-03-02 20:05:33.162788+07","2024-03-02 20:05:33.162788+07"
"62.02.04","620204 ","62.02","Parenggean","2024-03-02 20:05:33.162788+07","2024-03-02 20:05:33.162788+07"
"62.02.05","620205 ","62.02","Baamang","2024-03-02 20:05:33.162788+07","2024-03-02 20:05:33.162788+07"
"62.02.06","620206 ","62.02","Mentawa Baru Ketapang","2024-03-02 20:05:33.162788+07","2024-03-02 20:05:33.162788+07"
"62.02.07","620207 ","62.02","Mentaya Hilir Utara","2024-03-02 20:05:33.162788+07","2024-03-02 20:05:33.162788+07"
"62.02.08","620208 ","62.02","Mentaya Hilir Selatan","2024-03-02 20:05:33.162788+07","2024-03-02 20:05:33.162788+07"
"62.02.09","620209 ","62.02","Pulau Hanaut","2024-03-02 20:05:33.162788+07","2024-03-02 20:05:33.162788+07"
"62.02.10","620210 ","62.02","Antang Kalang","2024-03-02 20:05:33.162788+07","2024-03-02 20:05:33.162788+07"
"62.02.11","620211 ","62.02","Teluk Sampit","2024-03-02 20:05:33.162788+07","2024-03-02 20:05:33.162788+07"
"62.02.12","620212 ","62.02","Seranau","2024-03-02 20:05:33.162788+07","2024-03-02 20:05:33.162788+07"
"62.02.13","620213 ","62.02","Cempaga Hulu","2024-03-02 20:05:33.162788+07","2024-03-02 20:05:33.162788+07"
"62.02.14","620214 ","62.02","Telawang","2024-03-02 20:05:33.162788+07","2024-03-02 20:05:33.162788+07"
"62.02.15","620215 ","62.02","Bukit Santuai","2024-03-02 20:05:33.162788+07","2024-03-02 20:05:33.162788+07"
"62.02.16","620216 ","62.02","Tualan Hulu","2024-03-02 20:05:33.162788+07","2024-03-02 20:05:33.162788+07"
"62.02.17","620217 ","62.02","Telaga Antang","2024-03-02 20:05:33.162788+07","2024-03-02 20:05:33.162788+07"
"62.03.01","620301 ","62.03","Selat","2024-03-02 20:05:33.162788+07","2024-03-02 20:05:33.162788+07"
"62.03.02","620302 ","62.03","Kapuas Hilir","2024-03-02 20:05:33.162788+07","2024-03-02 20:05:33.162788+07"
"62.03.03","620303 ","62.03","Kapuas Timur","2024-03-02 20:05:33.162788+07","2024-03-02 20:05:33.162788+07"
"62.03.04","620304 ","62.03","Kapuas Kuala","2024-03-02 20:05:33.162788+07","2024-03-02 20:05:33.162788+07"
"62.03.05","620305 ","62.03","Kapuas Barat","2024-03-02 20:05:33.162788+07","2024-03-02 20:05:33.162788+07"
"62.03.06","620306 ","62.03","Pulau Petak","2024-03-02 20:05:33.162788+07","2024-03-02 20:05:33.162788+07"
"62.03.07","620307 ","62.03","Kapuas Murung","2024-03-02 20:05:33.162788+07","2024-03-02 20:05:33.162788+07"
"62.03.08","620308 ","62.03","Basarang","2024-03-02 20:05:33.162788+07","2024-03-02 20:05:33.162788+07"
"62.03.09","620309 ","62.03","Mantangai","2024-03-02 20:05:33.162788+07","2024-03-02 20:05:33.162788+07"
"62.03.10","620310 ","62.03","Timpah","2024-03-02 20:05:33.162788+07","2024-03-02 20:05:33.162788+07"
"62.03.11","620311 ","62.03","Kapuas Tengah","2024-03-02 20:05:33.162788+07","2024-03-02 20:05:33.162788+07"
"62.03.12","620312 ","62.03","Kapuas Hulu","2024-03-02 20:05:33.162788+07","2024-03-02 20:05:33.162788+07"
"62.03.13","620313 ","62.03","Tamban Catur","2024-03-02 20:05:33.162788+07","2024-03-02 20:05:33.162788+07"
"62.03.14","620314 ","62.03","Pasak Talawang","2024-03-02 20:05:33.162788+07","2024-03-02 20:05:33.162788+07"
"62.03.15","620315 ","62.03","Mandau Talawang","2024-03-02 20:05:33.162788+07","2024-03-02 20:05:33.162788+07"
"62.03.16","620316 ","62.03","Dadahup","2024-03-02 20:05:33.162788+07","2024-03-02 20:05:33.162788+07"
"62.03.17","620317 ","62.03","Bataguh","2024-03-02 20:05:33.162788+07","2024-03-02 20:05:33.162788+07"
"62.04.01","620401 ","62.04","Jenamas","2024-03-02 20:05:33.162788+07","2024-03-02 20:05:33.162788+07"
"62.04.02","620402 ","62.04","Dusun Hilir","2024-03-02 20:05:33.162788+07","2024-03-02 20:05:33.162788+07"
"62.04.03","620403 ","62.04","Karau Kuala","2024-03-02 20:05:33.162788+07","2024-03-02 20:05:33.162788+07"
"62.04.04","620404 ","62.04","Dusun Utara","2024-03-02 20:05:33.162788+07","2024-03-02 20:05:33.162788+07"
"62.04.05","620405 ","62.04","Gn. Bintang Awai","2024-03-02 20:05:33.162788+07","2024-03-02 20:05:33.162788+07"
"62.04.06","620406 ","62.04","Dusun Selatan","2024-03-02 20:05:33.162788+07","2024-03-02 20:05:33.162788+07"
"62.05.01","620501 ","62.05","Montallat","2024-03-02 20:05:33.162788+07","2024-03-02 20:05:33.162788+07"
"62.05.02","620502 ","62.05","Gunung Timang","2024-03-02 20:05:33.162788+07","2024-03-02 20:05:33.162788+07"
"62.05.03","620503 ","62.05","Gunung Purei","2024-03-02 20:05:33.162788+07","2024-03-02 20:05:33.162788+07"
"62.05.04","620504 ","62.05","Teweh Timur","2024-03-02 20:05:33.162788+07","2024-03-02 20:05:33.162788+07"
"62.05.05","620505 ","62.05","Teweh Tengah","2024-03-02 20:05:33.162788+07","2024-03-02 20:05:33.162788+07"
"62.05.06","620506 ","62.05","Lahei","2024-03-02 20:05:33.162788+07","2024-03-02 20:05:33.162788+07"
"62.05.07","620507 ","62.05","Teweh Baru","2024-03-02 20:05:33.162788+07","2024-03-02 20:05:33.162788+07"
"62.05.08","620508 ","62.05","Teweh Selatan","2024-03-02 20:05:33.162788+07","2024-03-02 20:05:33.162788+07"
"62.05.09","620509 ","62.05","Lahei Barat","2024-03-02 20:05:33.162788+07","2024-03-02 20:05:33.162788+07"
"62.06.01","620601 ","62.06","Kamipang","2024-03-02 20:05:33.162788+07","2024-03-02 20:05:33.162788+07"
"62.06.02","620602 ","62.06","Katingan Hilir","2024-03-02 20:05:33.162788+07","2024-03-02 20:05:33.162788+07"
"62.06.03","620603 ","62.06","Tewang Sangalang Garing","2024-03-02 20:05:33.162788+07","2024-03-02 20:05:33.162788+07"
"62.06.04","620604 ","62.06","Pulau Malan","2024-03-02 20:05:33.162788+07","2024-03-02 20:05:33.162788+07"
"62.06.05","620605 ","62.06","Katingan Tengah","2024-03-02 20:05:33.162788+07","2024-03-02 20:05:33.162788+07"
"62.06.06","620606 ","62.06","Sanaman Mantikei","2024-03-02 20:05:33.162788+07","2024-03-02 20:05:33.162788+07"
"62.06.07","620607 ","62.06","Marikit","2024-03-02 20:05:33.162788+07","2024-03-02 20:05:33.162788+07"
"62.06.08","620608 ","62.06","Katingan Hulu","2024-03-02 20:05:33.162788+07","2024-03-02 20:05:33.162788+07"
"62.06.09","620609 ","62.06","Mendawai","2024-03-02 20:05:33.162788+07","2024-03-02 20:05:33.162788+07"
"62.06.10","620610 ","62.06","Katingan Kuala","2024-03-02 20:05:33.162788+07","2024-03-02 20:05:33.162788+07"
"62.06.11","620611 ","62.06","Tasik Payawan","2024-03-02 20:05:33.162788+07","2024-03-02 20:05:33.162788+07"
"62.06.12","620612 ","62.06","Petak Malai","2024-03-02 20:05:33.162788+07","2024-03-02 20:05:33.162788+07"
"62.06.13","620613 ","62.06","Bukit Raya","2024-03-02 20:05:33.162788+07","2024-03-02 20:05:33.162788+07"
"62.07.01","620701 ","62.07","Seruyan Hilir","2024-03-02 20:05:33.162788+07","2024-03-02 20:05:33.162788+07"
"62.07.02","620702 ","62.07","Seruyan Tengah","2024-03-02 20:05:33.162788+07","2024-03-02 20:05:33.162788+07"
"62.07.03","620703 ","62.07","Danau Sembuluh","2024-03-02 20:05:33.162788+07","2024-03-02 20:05:33.162788+07"
"62.07.04","620704 ","62.07","Hanau","2024-03-02 20:05:33.162788+07","2024-03-02 20:05:33.162788+07"
"62.07.05","620705 ","62.07","Seruyan Hulu","2024-03-02 20:05:33.162788+07","2024-03-02 20:05:33.162788+07"
"62.07.06","620706 ","62.07","Seruyan Hilir Timur","2024-03-02 20:05:33.162788+07","2024-03-02 20:05:33.162788+07"
"62.07.07","620707 ","62.07","Seruyan Raya","2024-03-02 20:05:33.162788+07","2024-03-02 20:05:33.162788+07"
"62.07.08","620708 ","62.07","Danau Seluluk","2024-03-02 20:05:33.162788+07","2024-03-02 20:05:33.162788+07"
"62.07.09","620709 ","62.07","Batu Ampar","2024-03-02 20:05:33.162788+07","2024-03-02 20:05:33.162788+07"
"62.07.10","620710 ","62.07","Suling Tambun","2024-03-02 20:05:33.162788+07","2024-03-02 20:05:33.162788+07"
"62.08.01","620801 ","62.08","Sukamara","2024-03-02 20:05:33.162788+07","2024-03-02 20:05:33.162788+07"
"62.08.02","620802 ","62.08","Jelai","2024-03-02 20:05:33.162788+07","2024-03-02 20:05:33.162788+07"
"62.08.03","620803 ","62.08","Balai Riam","2024-03-02 20:05:33.162788+07","2024-03-02 20:05:33.162788+07"
"62.08.04","620804 ","62.08","Pantai Lunci","2024-03-02 20:05:33.162788+07","2024-03-02 20:05:33.162788+07"
"62.08.05","620805 ","62.08","Permata Kecubung","2024-03-02 20:05:33.162788+07","2024-03-02 20:05:33.162788+07"
"62.09.01","620901 ","62.09","Lamandau","2024-03-02 20:05:33.162788+07","2024-03-02 20:05:33.162788+07"
"62.09.02","620902 ","62.09","Delang","2024-03-02 20:05:33.162788+07","2024-03-02 20:05:33.162788+07"
"62.09.03","620903 ","62.09","Bulik","2024-03-02 20:05:33.162788+07","2024-03-02 20:05:33.162788+07"
"62.09.04","620904 ","62.09","Bulik Timur","2024-03-02 20:05:33.162788+07","2024-03-02 20:05:33.162788+07"
"62.09.05","620905 ","62.09","Menthobi Raya","2024-03-02 20:05:33.162788+07","2024-03-02 20:05:33.162788+07"
"62.09.06","620906 ","62.09","Sematu Jaya","2024-03-02 20:05:33.162788+07","2024-03-02 20:05:33.162788+07"
"62.09.07","620907 ","62.09","Belantikan Raya","2024-03-02 20:05:33.162788+07","2024-03-02 20:05:33.162788+07"
"62.09.08","620908 ","62.09","Batang Kawa","2024-03-02 20:05:33.162788+07","2024-03-02 20:05:33.162788+07"
"62.10.01","621001 ","62.10","Sepang","2024-03-02 20:05:33.162788+07","2024-03-02 20:05:33.162788+07"
"62.10.02","621002 ","62.10","Kurun","2024-03-02 20:05:33.162788+07","2024-03-02 20:05:33.162788+07"
"62.10.03","621003 ","62.10","Tewah","2024-03-02 20:05:33.162788+07","2024-03-02 20:05:33.162788+07"
"62.10.04","621004 ","62.10","Kahayan Hulu Utara","2024-03-02 20:05:33.162788+07","2024-03-02 20:05:33.162788+07"
"62.10.05","621005 ","62.10","Rungan","2024-03-02 20:05:33.162788+07","2024-03-02 20:05:33.162788+07"
"62.10.06","621006 ","62.10","Manuhing","2024-03-02 20:05:33.162788+07","2024-03-02 20:05:33.162788+07"
"62.10.07","621007 ","62.10","Mihing Raya","2024-03-02 20:05:33.162788+07","2024-03-02 20:05:33.162788+07"
"62.10.08","621008 ","62.10","Damang Batu","2024-03-02 20:05:33.162788+07","2024-03-02 20:05:33.162788+07"
"62.10.09","621009 ","62.10","Miri Manasa","2024-03-02 20:05:33.162788+07","2024-03-02 20:05:33.162788+07"
"62.10.10","621010 ","62.10","Rungan Hulu","2024-03-02 20:05:33.162788+07","2024-03-02 20:05:33.162788+07"
"62.10.11","621011 ","62.10","Manuhing Raya","2024-03-02 20:05:33.162788+07","2024-03-02 20:05:33.162788+07"
"62.10.12","621012 ","62.10","Rungan Barat","2024-03-02 20:05:33.162788+07","2024-03-02 20:05:33.162788+07"
"62.11.01","621101 ","62.11","Pandih Batu","2024-03-02 20:05:33.162788+07","2024-03-02 20:05:33.162788+07"
"62.11.02","621102 ","62.11","Kahayan Kuala","2024-03-02 20:05:33.162788+07","2024-03-02 20:05:33.162788+07"
"62.11.03","621103 ","62.11","Kahayan Tengah","2024-03-02 20:05:33.162788+07","2024-03-02 20:05:33.162788+07"
"62.11.04","621104 ","62.11","Banama Tingang","2024-03-02 20:05:33.162788+07","2024-03-02 20:05:33.162788+07"
"62.11.05","621105 ","62.11","Kahayan Hilir","2024-03-02 20:05:33.162788+07","2024-03-02 20:05:33.162788+07"
"62.11.06","621106 ","62.11","Maliku","2024-03-02 20:05:33.162788+07","2024-03-02 20:05:33.162788+07"
"62.11.07","621107 ","62.11","Jabiren","2024-03-02 20:05:33.162788+07","2024-03-02 20:05:33.162788+07"
"62.11.08","621108 ","62.11","Sebangau Kuala","2024-03-02 20:05:33.162788+07","2024-03-02 20:05:33.162788+07"
"62.12.01","621201 ","62.12","Murung","2024-03-02 20:05:33.162788+07","2024-03-02 20:05:33.162788+07"
"62.12.02","621202 ","62.12","Tanah Siang","2024-03-02 20:05:33.162788+07","2024-03-02 20:05:33.162788+07"
"62.12.03","621203 ","62.12","Laung Tuhup","2024-03-02 20:05:33.162788+07","2024-03-02 20:05:33.162788+07"
"62.12.04","621204 ","62.12","Permata Intan","2024-03-02 20:05:33.162788+07","2024-03-02 20:05:33.162788+07"
"62.12.05","621205 ","62.12","Sumber Barito","2024-03-02 20:05:33.162788+07","2024-03-02 20:05:33.162788+07"
"62.12.06","621206 ","62.12","Barito Tuhup Raya","2024-03-02 20:05:33.162788+07","2024-03-02 20:05:33.162788+07"
"62.12.07","621207 ","62.12","Tanah Siang Selatan","2024-03-02 20:05:33.162788+07","2024-03-02 20:05:33.162788+07"
"62.12.08","621208 ","62.12","Sungai Babuat","2024-03-02 20:05:33.162788+07","2024-03-02 20:05:33.162788+07"
"62.12.09","621209 ","62.12","Seribu Riam","2024-03-02 20:05:33.162788+07","2024-03-02 20:05:33.162788+07"
"62.12.10","621210 ","62.12","Uut Murung","2024-03-02 20:05:33.162788+07","2024-03-02 20:05:33.162788+07"
"62.13.01","621301 ","62.13","Dusun Timur","2024-03-02 20:05:33.162788+07","2024-03-02 20:05:33.162788+07"
"62.13.02","621302 ","62.13","Banua Lima","2024-03-02 20:05:33.162788+07","2024-03-02 20:05:33.162788+07"
"62.13.03","621303 ","62.13","Patangkep Tutui","2024-03-02 20:05:33.162788+07","2024-03-02 20:05:33.162788+07"
"62.13.04","621304 ","62.13","Awang","2024-03-02 20:05:33.162788+07","2024-03-02 20:05:33.162788+07"
"62.13.05","621305 ","62.13","Dusun Tengah","2024-03-02 20:05:33.162788+07","2024-03-02 20:05:33.162788+07"
"62.13.06","621306 ","62.13","Pematang Karau","2024-03-02 20:05:33.162788+07","2024-03-02 20:05:33.162788+07"
"62.13.07","621307 ","62.13","Paju Epat","2024-03-02 20:05:33.162788+07","2024-03-02 20:05:33.162788+07"
"62.13.08","621308 ","62.13","Raren Batuah","2024-03-02 20:05:33.162788+07","2024-03-02 20:05:33.162788+07"
"62.13.09","621309 ","62.13","Paku","2024-03-02 20:05:33.162788+07","2024-03-02 20:05:33.162788+07"
"62.13.10","621310 ","62.13","Karusen Janang","2024-03-02 20:05:33.162788+07","2024-03-02 20:05:33.162788+07"
"62.71.01","627101 ","62.71","Pahandut","2024-03-02 20:05:33.162788+07","2024-03-02 20:05:33.162788+07"
"62.71.02","627102 ","62.71","Bukit Batu","2024-03-02 20:05:33.162788+07","2024-03-02 20:05:33.162788+07"
"62.71.03","627103 ","62.71","Jekan Raya","2024-03-02 20:05:33.162788+07","2024-03-02 20:05:33.162788+07"
"62.71.04","627104 ","62.71","Sabangau","2024-03-02 20:05:33.162788+07","2024-03-02 20:05:33.162788+07"
"62.71.05","627105 ","62.71","Rakumpit","2024-03-02 20:05:33.162788+07","2024-03-02 20:05:33.162788+07"
"63.01.01","630101 ","63.01","Takisung","2024-03-02 20:05:33.162788+07","2024-03-02 20:05:33.162788+07"
"63.01.02","630102 ","63.01","Jorong","2024-03-02 20:05:33.162788+07","2024-03-02 20:05:33.162788+07"
"63.01.03","630103 ","63.01","Pelaihari","2024-03-02 20:05:33.162788+07","2024-03-02 20:05:33.162788+07"
"63.01.04","630104 ","63.01","Kurau","2024-03-02 20:05:33.162788+07","2024-03-02 20:05:33.162788+07"
"63.01.05","630105 ","63.01","Bati Bati","2024-03-02 20:05:33.162788+07","2024-03-02 20:05:33.162788+07"
"63.01.06","630106 ","63.01","Panyipatan","2024-03-02 20:05:33.162788+07","2024-03-02 20:05:33.162788+07"
"63.01.07","630107 ","63.01","Kintap","2024-03-02 20:05:33.162788+07","2024-03-02 20:05:33.162788+07"
"63.01.08","630108 ","63.01","Tambang Ulang","2024-03-02 20:05:33.162788+07","2024-03-02 20:05:33.162788+07"
"63.01.09","630109 ","63.01","Batu Ampar","2024-03-02 20:05:33.162788+07","2024-03-02 20:05:33.162788+07"
"63.01.10","630110 ","63.01","Bajuin","2024-03-02 20:05:33.162788+07","2024-03-02 20:05:33.162788+07"
"63.01.11","630111 ","63.01","Bumi Makmur","2024-03-02 20:05:33.162788+07","2024-03-02 20:05:33.162788+07"
"63.02.01","630201 ","63.02","Pulau Sembilan","2024-03-02 20:05:33.162788+07","2024-03-02 20:05:33.162788+07"
"63.02.02","630202 ","63.02","Pulau Laut Barat","2024-03-02 20:05:33.162788+07","2024-03-02 20:05:33.162788+07"
"63.02.03","630203 ","63.02","Pulau Laut Selatan","2024-03-02 20:05:33.162788+07","2024-03-02 20:05:33.162788+07"
"63.02.04","630204 ","63.02","Pulau Laut Timur","2024-03-02 20:05:33.162788+07","2024-03-02 20:05:33.162788+07"
"63.02.05","630205 ","63.02","Pulau Sebuku","2024-03-02 20:05:33.162788+07","2024-03-02 20:05:33.162788+07"
"63.02.06","630206 ","63.02","Pulaulaut Utara","2024-03-02 20:05:33.162788+07","2024-03-02 20:05:33.162788+07"
"63.02.07","630207 ","63.02","Kelumpang Selatan","2024-03-02 20:05:33.162788+07","2024-03-02 20:05:33.162788+07"
"63.02.08","630208 ","63.02","Kelumpang Hulu","2024-03-02 20:05:33.162788+07","2024-03-02 20:05:33.162788+07"
"63.02.09","630209 ","63.02","Kelumpang Tengah","2024-03-02 20:05:33.162788+07","2024-03-02 20:05:33.162788+07"
"63.02.10","630210 ","63.02","Kelumpang Utara","2024-03-02 20:05:33.162788+07","2024-03-02 20:05:33.162788+07"
"63.02.11","630211 ","63.02","Pamukan Selatan","2024-03-02 20:05:33.162788+07","2024-03-02 20:05:33.162788+07"
"63.02.12","630212 ","63.02","Sampanahan","2024-03-02 20:05:33.162788+07","2024-03-02 20:05:33.162788+07"
"63.02.13","630213 ","63.02","Pamukan Utara","2024-03-02 20:05:33.162788+07","2024-03-02 20:05:33.162788+07"
"63.02.14","630214 ","63.02","Hampang","2024-03-02 20:05:33.162788+07","2024-03-02 20:05:33.162788+07"
"63.02.15","630215 ","63.02","Sungai Durian","2024-03-02 20:05:33.162788+07","2024-03-02 20:05:33.162788+07"
"63.02.16","630216 ","63.02","Pulau Laut Tengah","2024-03-02 20:05:33.162788+07","2024-03-02 20:05:33.162788+07"
"63.02.17","630217 ","63.02","Kelumpang Hilir","2024-03-02 20:05:33.162788+07","2024-03-02 20:05:33.162788+07"
"63.02.18","630218 ","63.02","Kelumpang Barat","2024-03-02 20:05:33.162788+07","2024-03-02 20:05:33.162788+07"
"63.02.19","630219 ","63.02","Pamukan Barat","2024-03-02 20:05:33.162788+07","2024-03-02 20:05:33.162788+07"
"63.02.20","630220 ","63.02","Pulau Laut Kepulauan","2024-03-02 20:05:33.162788+07","2024-03-02 20:05:33.162788+07"
"63.02.21","630221 ","63.02","Pulau Laut Tanjung Selayar","2024-03-02 20:05:33.162788+07","2024-03-02 20:05:33.162788+07"
"63.02.22","630222 ","63.02","Pulaulaut Sigam","2024-03-02 20:05:33.162788+07","2024-03-02 20:05:33.162788+07"
"63.03.01","630301 ","63.03","Aluh Aluh","2024-03-02 20:05:33.162788+07","2024-03-02 20:05:33.162788+07"
"63.03.02","630302 ","63.03","Kertak Hanyar","2024-03-02 20:05:33.162788+07","2024-03-02 20:05:33.162788+07"
"63.03.03","630303 ","63.03","Gambut","2024-03-02 20:05:33.162788+07","2024-03-02 20:05:33.162788+07"
"63.03.04","630304 ","63.03","Sungai Tabuk","2024-03-02 20:05:33.162788+07","2024-03-02 20:05:33.162788+07"
"63.03.05","630305 ","63.03","Martapura","2024-03-02 20:05:33.162788+07","2024-03-02 20:05:33.162788+07"
"63.03.06","630306 ","63.03","Karang Intan","2024-03-02 20:05:33.162788+07","2024-03-02 20:05:33.162788+07"
"63.03.07","630307 ","63.03","Astambul","2024-03-02 20:05:33.162788+07","2024-03-02 20:05:33.162788+07"
"63.03.08","630308 ","63.03","Simpang Empat","2024-03-02 20:05:33.162788+07","2024-03-02 20:05:33.162788+07"
"63.03.09","630309 ","63.03","Pengarom","2024-03-02 20:05:33.162788+07","2024-03-02 20:05:33.162788+07"
"63.03.10","630310 ","63.03","Sungai Pinang","2024-03-02 20:05:33.162788+07","2024-03-02 20:05:33.162788+07"
"63.03.11","630311 ","63.03","Aranio","2024-03-02 20:05:33.162788+07","2024-03-02 20:05:33.162788+07"
"63.03.12","630312 ","63.03","Mataraman","2024-03-02 20:05:33.162788+07","2024-03-02 20:05:33.162788+07"
"63.03.13","630313 ","63.03","Beruntung Baru","2024-03-02 20:05:33.162788+07","2024-03-02 20:05:33.162788+07"
"63.03.14","630314 ","63.03","Martapura Barat","2024-03-02 20:05:33.162788+07","2024-03-02 20:05:33.162788+07"
"63.03.15","630315 ","63.03","Martapura Timur","2024-03-02 20:05:33.162788+07","2024-03-02 20:05:33.162788+07"
"63.03.16","630316 ","63.03","Sambung Makmur","2024-03-02 20:05:33.162788+07","2024-03-02 20:05:33.162788+07"
"63.03.17","630317 ","63.03","Paramasan","2024-03-02 20:05:33.162788+07","2024-03-02 20:05:33.162788+07"
"63.03.18","630318 ","63.03","Telaga Bauntung","2024-03-02 20:05:33.162788+07","2024-03-02 20:05:33.162788+07"
"63.03.19","630319 ","63.03","Tatah Makmur","2024-03-02 20:05:33.162788+07","2024-03-02 20:05:33.162788+07"
"63.03.20","630320 ","63.03","Cintapuri Darussalam","2024-03-02 20:05:33.162788+07","2024-03-02 20:05:33.162788+07"
"63.04.01","630401 ","63.04","Tabunganen","2024-03-02 20:05:33.162788+07","2024-03-02 20:05:33.162788+07"
"63.04.02","630402 ","63.04","Tamban","2024-03-02 20:05:33.162788+07","2024-03-02 20:05:33.162788+07"
"63.04.03","630403 ","63.04","Anjir Pasar","2024-03-02 20:05:33.162788+07","2024-03-02 20:05:33.162788+07"
"63.04.04","630404 ","63.04","Anjir Muara","2024-03-02 20:05:33.162788+07","2024-03-02 20:05:33.162788+07"
"63.04.05","630405 ","63.04","Alalak","2024-03-02 20:05:33.162788+07","2024-03-02 20:05:33.162788+07"
"63.04.06","630406 ","63.04","Mandastana","2024-03-02 20:05:33.162788+07","2024-03-02 20:05:33.162788+07"
"63.04.07","630407 ","63.04","Rantau Badauh","2024-03-02 20:05:33.162788+07","2024-03-02 20:05:33.162788+07"
"63.04.08","630408 ","63.04","Belawang","2024-03-02 20:05:33.162788+07","2024-03-02 20:05:33.162788+07"
"63.04.09","630409 ","63.04","Cerbon","2024-03-02 20:05:33.162788+07","2024-03-02 20:05:33.162788+07"
"63.04.10","630410 ","63.04","Bakumpai","2024-03-02 20:05:33.162788+07","2024-03-02 20:05:33.162788+07"
"63.04.11","630411 ","63.04","Kuripan","2024-03-02 20:05:33.162788+07","2024-03-02 20:05:33.162788+07"
"63.04.12","630412 ","63.04","Tabukan","2024-03-02 20:05:33.162788+07","2024-03-02 20:05:33.162788+07"
"63.04.13","630413 ","63.04","Mekarsari","2024-03-02 20:05:33.162788+07","2024-03-02 20:05:33.162788+07"
"63.04.14","630414 ","63.04","Barambai","2024-03-02 20:05:33.162788+07","2024-03-02 20:05:33.162788+07"
"63.04.15","630415 ","63.04","Marabahan","2024-03-02 20:05:33.162788+07","2024-03-02 20:05:33.162788+07"
"63.04.16","630416 ","63.04","Wanaraya","2024-03-02 20:05:33.162788+07","2024-03-02 20:05:33.162788+07"
"63.04.17","630417 ","63.04","Jejangkit","2024-03-02 20:05:33.162788+07","2024-03-02 20:05:33.162788+07"
"63.05.01","630501 ","63.05","Binuang","2024-03-02 20:05:33.162788+07","2024-03-02 20:05:33.162788+07"
"63.05.02","630502 ","63.05","Tapin Selatan","2024-03-02 20:05:33.162788+07","2024-03-02 20:05:33.162788+07"
"63.05.03","630503 ","63.05","Tapin Tengah","2024-03-02 20:05:33.162788+07","2024-03-02 20:05:33.162788+07"
"63.05.04","630504 ","63.05","Tapin Utara","2024-03-02 20:05:33.162788+07","2024-03-02 20:05:33.162788+07"
"63.05.05","630505 ","63.05","Candi Laras Selatan","2024-03-02 20:05:33.162788+07","2024-03-02 20:05:33.162788+07"
"63.05.06","630506 ","63.05","Candi Laras Utara","2024-03-02 20:05:33.162788+07","2024-03-02 20:05:33.162788+07"
"63.05.07","630507 ","63.05","Bakarangan","2024-03-02 20:05:33.162788+07","2024-03-02 20:05:33.162788+07"
"63.05.08","630508 ","63.05","Piani","2024-03-02 20:05:33.162788+07","2024-03-02 20:05:33.162788+07"
"63.05.09","630509 ","63.05","Bungur","2024-03-02 20:05:33.162788+07","2024-03-02 20:05:33.162788+07"
"63.05.10","630510 ","63.05","Lokpaikat","2024-03-02 20:05:33.162788+07","2024-03-02 20:05:33.162788+07"
"63.05.11","630511 ","63.05","Salam Babaris","2024-03-02 20:05:33.162788+07","2024-03-02 20:05:33.162788+07"
"63.05.12","630512 ","63.05","Hatungun","2024-03-02 20:05:33.162788+07","2024-03-02 20:05:33.162788+07"
"63.06.01","630601 ","63.06","Sungai Raya","2024-03-02 20:05:33.162788+07","2024-03-02 20:05:33.162788+07"
"63.06.02","630602 ","63.06","Padang Batung","2024-03-02 20:05:33.162788+07","2024-03-02 20:05:33.162788+07"
"63.06.03","630603 ","63.06","Telaga Langsat","2024-03-02 20:05:33.162788+07","2024-03-02 20:05:33.162788+07"
"63.06.04","630604 ","63.06","Angkinang","2024-03-02 20:05:33.162788+07","2024-03-02 20:05:33.162788+07"
"63.06.05","630605 ","63.06","Kandangan","2024-03-02 20:05:33.162788+07","2024-03-02 20:05:33.162788+07"
"63.06.06","630606 ","63.06","Simpur","2024-03-02 20:05:33.162788+07","2024-03-02 20:05:33.162788+07"
"63.06.07","630607 ","63.06","Daha Selatan","2024-03-02 20:05:33.162788+07","2024-03-02 20:05:33.162788+07"
"63.06.08","630608 ","63.06","Daha Utara","2024-03-02 20:05:33.162788+07","2024-03-02 20:05:33.162788+07"
"63.06.09","630609 ","63.06","Kalumpang","2024-03-02 20:05:33.162788+07","2024-03-02 20:05:33.162788+07"
"63.06.10","630610 ","63.06","Loksado","2024-03-02 20:05:33.162788+07","2024-03-02 20:05:33.162788+07"
"63.06.11","630611 ","63.06","Daha Barat","2024-03-02 20:05:33.162788+07","2024-03-02 20:05:33.162788+07"
"63.07.01","630701 ","63.07","Haruyan","2024-03-02 20:05:33.162788+07","2024-03-02 20:05:33.162788+07"
"63.07.02","630702 ","63.07","Batu Benawa","2024-03-02 20:05:33.162788+07","2024-03-02 20:05:33.162788+07"
"63.07.03","630703 ","63.07","Labuan Amas Selatan","2024-03-02 20:05:33.162788+07","2024-03-02 20:05:33.162788+07"
"63.07.04","630704 ","63.07","Labuan Amas Utara","2024-03-02 20:05:33.162788+07","2024-03-02 20:05:33.162788+07"
"63.07.05","630705 ","63.07","Pandawan","2024-03-02 20:05:33.162788+07","2024-03-02 20:05:33.162788+07"
"63.07.06","630706 ","63.07","Barabai","2024-03-02 20:05:33.162788+07","2024-03-02 20:05:33.162788+07"
"63.07.07","630707 ","63.07","Batang Alai Selatan","2024-03-02 20:05:33.162788+07","2024-03-02 20:05:33.162788+07"
"63.07.08","630708 ","63.07","Batang Alai Utara","2024-03-02 20:05:33.162788+07","2024-03-02 20:05:33.162788+07"
"63.07.09","630709 ","63.07","Hantakan","2024-03-02 20:05:33.162788+07","2024-03-02 20:05:33.162788+07"
"63.07.10","630710 ","63.07","Batang Alai Timur","2024-03-02 20:05:33.162788+07","2024-03-02 20:05:33.162788+07"
"63.07.11","630711 ","63.07","Limpasu","2024-03-02 20:05:33.162788+07","2024-03-02 20:05:33.162788+07"
"63.08.01","630801 ","63.08","Danau Panggang","2024-03-02 20:05:33.162788+07","2024-03-02 20:05:33.162788+07"
"63.08.02","630802 ","63.08","Babirik","2024-03-02 20:05:33.162788+07","2024-03-02 20:05:33.162788+07"
"63.08.03","630803 ","63.08","Sungai Pandan","2024-03-02 20:05:33.162788+07","2024-03-02 20:05:33.162788+07"
"63.08.04","630804 ","63.08","Amuntai Selatan","2024-03-02 20:05:33.162788+07","2024-03-02 20:05:33.162788+07"
"63.08.05","630805 ","63.08","Amuntai Tengah","2024-03-02 20:05:33.162788+07","2024-03-02 20:05:33.162788+07"
"63.08.06","630806 ","63.08","Amuntai Utara","2024-03-02 20:05:33.162788+07","2024-03-02 20:05:33.162788+07"
"63.08.07","630807 ","63.08","Banjang","2024-03-02 20:05:33.162788+07","2024-03-02 20:05:33.162788+07"
"63.08.08","630808 ","63.08","Haur Gading","2024-03-02 20:05:33.162788+07","2024-03-02 20:05:33.162788+07"
"63.08.09","630809 ","63.08","Paminggir","2024-03-02 20:05:33.162788+07","2024-03-02 20:05:33.162788+07"
"63.08.10","630810 ","63.08","Sungai Tabukan","2024-03-02 20:05:33.162788+07","2024-03-02 20:05:33.162788+07"
"63.09.01","630901 ","63.09","Banua Lawas","2024-03-02 20:05:33.162788+07","2024-03-02 20:05:33.162788+07"
"63.09.02","630902 ","63.09","Kelua","2024-03-02 20:05:33.162788+07","2024-03-02 20:05:33.162788+07"
"63.09.03","630903 ","63.09","Tanta","2024-03-02 20:05:33.162788+07","2024-03-02 20:05:33.162788+07"
"63.09.04","630904 ","63.09","Tanjung","2024-03-02 20:05:33.162788+07","2024-03-02 20:05:33.162788+07"
"63.09.05","630905 ","63.09","Haruai","2024-03-02 20:05:33.162788+07","2024-03-02 20:05:33.162788+07"
"63.09.06","630906 ","63.09","Murung Pudak","2024-03-02 20:05:33.162788+07","2024-03-02 20:05:33.162788+07"
"63.09.07","630907 ","63.09","Muara Uya","2024-03-02 20:05:33.162788+07","2024-03-02 20:05:33.162788+07"
"63.09.08","630908 ","63.09","Muara Harus","2024-03-02 20:05:33.162788+07","2024-03-02 20:05:33.162788+07"
"63.09.09","630909 ","63.09","Pugaan","2024-03-02 20:05:33.162788+07","2024-03-02 20:05:33.162788+07"
"63.09.10","630910 ","63.09","Upau","2024-03-02 20:05:33.162788+07","2024-03-02 20:05:33.162788+07"
"63.09.11","630911 ","63.09","Jaro","2024-03-02 20:05:33.162788+07","2024-03-02 20:05:33.162788+07"
"63.09.12","630912 ","63.09","Bintang Ara","2024-03-02 20:05:33.162788+07","2024-03-02 20:05:33.162788+07"
"63.10.01","631001 ","63.10","Batu Licin","2024-03-02 20:05:33.162788+07","2024-03-02 20:05:33.162788+07"
"63.10.02","631002 ","63.10","Kusan Hilir","2024-03-02 20:05:33.162788+07","2024-03-02 20:05:33.162788+07"
"63.10.03","631003 ","63.10","Sungai Loban","2024-03-02 20:05:33.162788+07","2024-03-02 20:05:33.162788+07"
"63.10.04","631004 ","63.10","Satui","2024-03-02 20:05:33.162788+07","2024-03-02 20:05:33.162788+07"
"63.10.05","631005 ","63.10","Kusan Hulu","2024-03-02 20:05:33.162788+07","2024-03-02 20:05:33.162788+07"
"63.10.06","631006 ","63.10","Simpang Empat","2024-03-02 20:05:33.162788+07","2024-03-02 20:05:33.162788+07"
"63.10.07","631007 ","63.10","Karang Bintang","2024-03-02 20:05:33.162788+07","2024-03-02 20:05:33.162788+07"
"63.10.08","631008 ","63.10","Mantewe","2024-03-02 20:05:33.162788+07","2024-03-02 20:05:33.162788+07"
"63.10.09","631009 ","63.10","Angsana","2024-03-02 20:05:33.162788+07","2024-03-02 20:05:33.162788+07"
"63.10.10","631010 ","63.10","Kuranji","2024-03-02 20:05:33.162788+07","2024-03-02 20:05:33.162788+07"
"63.10.11","631011 ","63.10","Kusan Tengah","2024-03-02 20:05:33.162788+07","2024-03-02 20:05:33.162788+07"
"63.10.12","631012 ","63.10","Teluk Kepayang","2024-03-02 20:05:33.162788+07","2024-03-02 20:05:33.162788+07"
"63.11.01","631101 ","63.11","Juai","2024-03-02 20:05:33.162788+07","2024-03-02 20:05:33.162788+07"
"63.11.02","631102 ","63.11","Halong","2024-03-02 20:05:33.162788+07","2024-03-02 20:05:33.162788+07"
"63.11.03","631103 ","63.11","Awayan","2024-03-02 20:05:33.162788+07","2024-03-02 20:05:33.162788+07"
"63.11.04","631104 ","63.11","Batu Mandi","2024-03-02 20:05:33.162788+07","2024-03-02 20:05:33.162788+07"
"63.11.05","631105 ","63.11","Lampihong","2024-03-02 20:05:33.162788+07","2024-03-02 20:05:33.162788+07"
"63.11.06","631106 ","63.11","Paringin","2024-03-02 20:05:33.162788+07","2024-03-02 20:05:33.162788+07"
"63.11.07","631107 ","63.11","Paringin Selatan","2024-03-02 20:05:33.162788+07","2024-03-02 20:05:33.162788+07"
"63.11.08","631108 ","63.11","Tebing Tinggi","2024-03-02 20:05:33.162788+07","2024-03-02 20:05:33.162788+07"
"63.71.01","637101 ","63.71","Banjarmasin Selatan","2024-03-02 20:05:33.162788+07","2024-03-02 20:05:33.162788+07"
"63.71.02","637102 ","63.71","Banjarmasin Timur","2024-03-02 20:05:33.162788+07","2024-03-02 20:05:33.162788+07"
"63.71.03","637103 ","63.71","Banjarmasin Barat","2024-03-02 20:05:33.162788+07","2024-03-02 20:05:33.162788+07"
"63.71.04","637104 ","63.71","Banjarmasin Utara","2024-03-02 20:05:33.162788+07","2024-03-02 20:05:33.162788+07"
"63.71.05","637105 ","63.71","Banjarmasin Tengah","2024-03-02 20:05:33.162788+07","2024-03-02 20:05:33.162788+07"
"63.72.02","637202 ","63.72","Landasan Ulin","2024-03-02 20:05:33.162788+07","2024-03-02 20:05:33.162788+07"
"63.72.03","637203 ","63.72","Cempaka","2024-03-02 20:05:33.162788+07","2024-03-02 20:05:33.162788+07"
"63.72.04","637204 ","63.72","Banjarbaru Utara","2024-03-02 20:05:33.162788+07","2024-03-02 20:05:33.162788+07"
"63.72.05","637205 ","63.72","Banjarbaru Selatan","2024-03-02 20:05:33.162788+07","2024-03-02 20:05:33.162788+07"
"63.72.06","637206 ","63.72","Liang Anggang","2024-03-02 20:05:33.162788+07","2024-03-02 20:05:33.162788+07"
"64.01.01","640101 ","64.01","Batu Sopang","2024-03-02 20:05:33.162788+07","2024-03-02 20:05:33.162788+07"
"64.01.02","640102 ","64.01","Tanjung Harapan","2024-03-02 20:05:33.162788+07","2024-03-02 20:05:33.162788+07"
"64.01.03","640103 ","64.01","Paser Belengkong","2024-03-02 20:05:33.162788+07","2024-03-02 20:05:33.162788+07"
"64.01.04","640104 ","64.01","Tanah Grogot","2024-03-02 20:05:33.162788+07","2024-03-02 20:05:33.162788+07"
"64.01.05","640105 ","64.01","Kuaro","2024-03-02 20:05:33.162788+07","2024-03-02 20:05:33.162788+07"
"64.01.06","640106 ","64.01","Long Ikis","2024-03-02 20:05:33.162788+07","2024-03-02 20:05:33.162788+07"
"64.01.07","640107 ","64.01","Muara Komam","2024-03-02 20:05:33.162788+07","2024-03-02 20:05:33.162788+07"
"64.01.08","640108 ","64.01","Long Kali","2024-03-02 20:05:33.162788+07","2024-03-02 20:05:33.162788+07"
"64.01.09","640109 ","64.01","Batu Engau","2024-03-02 20:05:33.162788+07","2024-03-02 20:05:33.162788+07"
"64.01.10","640110 ","64.01","Muara Samu","2024-03-02 20:05:33.162788+07","2024-03-02 20:05:33.162788+07"
"64.02.01","640201 ","64.02","Muara Muntai","2024-03-02 20:05:33.162788+07","2024-03-02 20:05:33.162788+07"
"64.02.02","640202 ","64.02","Loa Kulu","2024-03-02 20:05:33.162788+07","2024-03-02 20:05:33.162788+07"
"64.02.03","640203 ","64.02","Loa Janan","2024-03-02 20:05:33.162788+07","2024-03-02 20:05:33.162788+07"
"64.02.04","640204 ","64.02","Anggana","2024-03-02 20:05:33.162788+07","2024-03-02 20:05:33.162788+07"
"64.02.05","640205 ","64.02","Muara Badak","2024-03-02 20:05:33.162788+07","2024-03-02 20:05:33.162788+07"
"64.02.06","640206 ","64.02","Tenggarong","2024-03-02 20:05:33.162788+07","2024-03-02 20:05:33.162788+07"
"64.02.07","640207 ","64.02","Sebulu","2024-03-02 20:05:33.162788+07","2024-03-02 20:05:33.162788+07"
"64.02.08","640208 ","64.02","Kota Bangun","2024-03-02 20:05:33.162788+07","2024-03-02 20:05:33.162788+07"
"64.02.09","640209 ","64.02","Kenohan","2024-03-02 20:05:33.162788+07","2024-03-02 20:05:33.162788+07"
"64.02.10","640210 ","64.02","Kembang Janggut","2024-03-02 20:05:33.162788+07","2024-03-02 20:05:33.162788+07"
"64.02.11","640211 ","64.02","Muara Kaman","2024-03-02 20:05:33.162788+07","2024-03-02 20:05:33.162788+07"
"64.02.12","640212 ","64.02","Tabang","2024-03-02 20:05:33.162788+07","2024-03-02 20:05:33.162788+07"
"64.02.13","640213 ","64.02","Samboja","2024-03-02 20:05:33.162788+07","2024-03-02 20:05:33.162788+07"
"64.02.14","640214 ","64.02","Muara Jawa","2024-03-02 20:05:33.162788+07","2024-03-02 20:05:33.162788+07"
"64.02.15","640215 ","64.02","Sanga Sanga","2024-03-02 20:05:33.162788+07","2024-03-02 20:05:33.162788+07"
"64.02.16","640216 ","64.02","Tenggarong Seberang","2024-03-02 20:05:33.162788+07","2024-03-02 20:05:33.162788+07"
"64.02.17","640217 ","64.02","Marang Kayu","2024-03-02 20:05:33.162788+07","2024-03-02 20:05:33.162788+07"
"64.02.18","640218 ","64.02","Muara Wis","2024-03-02 20:05:33.162788+07","2024-03-02 20:05:33.162788+07"
"64.02.19","640219 ","64.02","Kota Bangun Darat","2024-03-02 20:05:33.162788+07","2024-03-02 20:05:33.162788+07"
"64.02.20","640220 ","64.02","Semboja Barat","2024-03-02 20:05:33.162788+07","2024-03-02 20:05:33.162788+07"
"64.03.01","640301 ","64.03","Kelay","2024-03-02 20:05:33.162788+07","2024-03-02 20:05:33.162788+07"
"64.03.02","640302 ","64.03","Talisayan","2024-03-02 20:05:33.162788+07","2024-03-02 20:05:33.162788+07"
"64.03.03","640303 ","64.03","Sambaliung","2024-03-02 20:05:33.162788+07","2024-03-02 20:05:33.162788+07"
"64.03.04","640304 ","64.03","Segah","2024-03-02 20:05:33.162788+07","2024-03-02 20:05:33.162788+07"
"64.03.05","640305 ","64.03","Tanjung Redeb","2024-03-02 20:05:33.162788+07","2024-03-02 20:05:33.162788+07"
"64.03.06","640306 ","64.03","Gunung Tabur","2024-03-02 20:05:33.162788+07","2024-03-02 20:05:33.162788+07"
"64.03.07","640307 ","64.03","Pulau Derawan","2024-03-02 20:05:33.162788+07","2024-03-02 20:05:33.162788+07"
"64.03.08","640308 ","64.03","Biduk-Biduk","2024-03-02 20:05:33.162788+07","2024-03-02 20:05:33.162788+07"
"64.03.09","640309 ","64.03","Teluk Bayur","2024-03-02 20:05:33.162788+07","2024-03-02 20:05:33.162788+07"
"64.03.10","640310 ","64.03","Tabalar","2024-03-02 20:05:33.162788+07","2024-03-02 20:05:33.162788+07"
"64.03.11","640311 ","64.03","Maratua","2024-03-02 20:05:33.162788+07","2024-03-02 20:05:33.162788+07"
"64.03.12","640312 ","64.03","Batu Putih","2024-03-02 20:05:33.162788+07","2024-03-02 20:05:33.162788+07"
"64.03.13","640313 ","64.03","Biatan","2024-03-02 20:05:33.162788+07","2024-03-02 20:05:33.162788+07"
"64.07.05","640705 ","64.07","Long Iram","2024-03-02 20:05:33.162788+07","2024-03-02 20:05:33.162788+07"
"64.07.06","640706 ","64.07","Melak","2024-03-02 20:05:33.162788+07","2024-03-02 20:05:33.162788+07"
"64.07.07","640707 ","64.07","Barong Tongkok","2024-03-02 20:05:33.162788+07","2024-03-02 20:05:33.162788+07"
"64.07.08","640708 ","64.07","Damai","2024-03-02 20:05:33.162788+07","2024-03-02 20:05:33.162788+07"
"64.07.09","640709 ","64.07","Muara Lawa","2024-03-02 20:05:33.162788+07","2024-03-02 20:05:33.162788+07"
"64.07.10","640710 ","64.07","Muara Pahu","2024-03-02 20:05:33.162788+07","2024-03-02 20:05:33.162788+07"
"64.07.11","640711 ","64.07","Jempang","2024-03-02 20:05:33.162788+07","2024-03-02 20:05:33.162788+07"
"64.07.12","640712 ","64.07","Bongan","2024-03-02 20:05:33.162788+07","2024-03-02 20:05:33.162788+07"
"64.07.13","640713 ","64.07","Penyinggahan","2024-03-02 20:05:33.162788+07","2024-03-02 20:05:33.162788+07"
"64.07.14","640714 ","64.07","Bentian Besar","2024-03-02 20:05:33.162788+07","2024-03-02 20:05:33.162788+07"
"64.07.15","640715 ","64.07","Linggang Bigung","2024-03-02 20:05:33.162788+07","2024-03-02 20:05:33.162788+07"
"64.07.16","640716 ","64.07","Nyuatan","2024-03-02 20:05:33.162788+07","2024-03-02 20:05:33.162788+07"
"64.07.17","640717 ","64.07","Siluq Ngurai","2024-03-02 20:05:33.162788+07","2024-03-02 20:05:33.162788+07"
"64.07.18","640718 ","64.07","Mook Manaar Bulatn","2024-03-02 20:05:33.162788+07","2024-03-02 20:05:33.162788+07"
"64.07.19","640719 ","64.07","Tering","2024-03-02 20:05:33.162788+07","2024-03-02 20:05:33.162788+07"
"64.07.20","640720 ","64.07","Sekolaq Darat","2024-03-02 20:05:33.162788+07","2024-03-02 20:05:33.162788+07"
"64.08.01","640801 ","64.08","Muara Ancalong","2024-03-02 20:05:33.162788+07","2024-03-02 20:05:33.162788+07"
"64.08.02","640802 ","64.08","Muara Wahau","2024-03-02 20:05:33.162788+07","2024-03-02 20:05:33.162788+07"
"64.08.03","640803 ","64.08","Muara Bengkal","2024-03-02 20:05:33.162788+07","2024-03-02 20:05:33.162788+07"
"64.08.04","640804 ","64.08","Sangatta Utara","2024-03-02 20:05:33.162788+07","2024-03-02 20:05:33.162788+07"
"64.08.05","640805 ","64.08","Sangkulirang","2024-03-02 20:05:33.162788+07","2024-03-02 20:05:33.162788+07"
"64.08.06","640806 ","64.08","Busang","2024-03-02 20:05:33.162788+07","2024-03-02 20:05:33.162788+07"
"64.08.07","640807 ","64.08","Telen","2024-03-02 20:05:33.162788+07","2024-03-02 20:05:33.162788+07"
"64.08.08","640808 ","64.08","Kombeng","2024-03-02 20:05:33.162788+07","2024-03-02 20:05:33.162788+07"
"64.08.09","640809 ","64.08","Bengalon","2024-03-02 20:05:33.162788+07","2024-03-02 20:05:33.162788+07"
"64.08.10","640810 ","64.08","Kaliorang","2024-03-02 20:05:33.162788+07","2024-03-02 20:05:33.162788+07"
"64.08.11","640811 ","64.08","Sandaran","2024-03-02 20:05:33.162788+07","2024-03-02 20:05:33.162788+07"
"64.08.12","640812 ","64.08","Sangatta Selatan","2024-03-02 20:05:33.162788+07","2024-03-02 20:05:33.162788+07"
"64.08.13","640813 ","64.08","Teluk Pandan","2024-03-02 20:05:33.162788+07","2024-03-02 20:05:33.162788+07"
"64.08.14","640814 ","64.08","Rantau Pulung","2024-03-02 20:05:33.162788+07","2024-03-02 20:05:33.162788+07"
"64.08.15","640815 ","64.08","Kaubun","2024-03-02 20:05:33.162788+07","2024-03-02 20:05:33.162788+07"
"64.08.16","640816 ","64.08","Karangan","2024-03-02 20:05:33.162788+07","2024-03-02 20:05:33.162788+07"
"64.08.17","640817 ","64.08","Batu Ampar","2024-03-02 20:05:33.162788+07","2024-03-02 20:05:33.162788+07"
"64.08.18","640818 ","64.08","Long Mesangat","2024-03-02 20:05:33.162788+07","2024-03-02 20:05:33.162788+07"
"64.09.01","640901 ","64.09","Penajam","2024-03-02 20:05:33.162788+07","2024-03-02 20:05:33.162788+07"
"64.09.02","640902 ","64.09","Waru","2024-03-02 20:05:33.162788+07","2024-03-02 20:05:33.162788+07"
"64.09.03","640903 ","64.09","Babulu","2024-03-02 20:05:33.162788+07","2024-03-02 20:05:33.162788+07"
"64.09.04","640904 ","64.09","Sepaku","2024-03-02 20:05:33.162788+07","2024-03-02 20:05:33.162788+07"
"64.11.01","641101 ","64.11","Long Bagun","2024-03-02 20:05:33.162788+07","2024-03-02 20:05:33.162788+07"
"64.11.02","641102 ","64.11","Long Hubung","2024-03-02 20:05:33.162788+07","2024-03-02 20:05:33.162788+07"
"64.11.03","641103 ","64.11","Laham","2024-03-02 20:05:33.162788+07","2024-03-02 20:05:33.162788+07"
"64.11.04","641104 ","64.11","Long Apari","2024-03-02 20:05:33.162788+07","2024-03-02 20:05:33.162788+07"
"64.11.05","641105 ","64.11","Long Pahangai","2024-03-02 20:05:33.162788+07","2024-03-02 20:05:33.162788+07"
"64.71.01","647101 ","64.71","Balikpapan Timur","2024-03-02 20:05:33.162788+07","2024-03-02 20:05:33.162788+07"
"64.71.02","647102 ","64.71","Balikpapan Barat","2024-03-02 20:05:33.162788+07","2024-03-02 20:05:33.162788+07"
"64.71.03","647103 ","64.71","Balikpapan Utara","2024-03-02 20:05:33.162788+07","2024-03-02 20:05:33.162788+07"
"64.71.04","647104 ","64.71","Balikpapan Tengah","2024-03-02 20:05:33.162788+07","2024-03-02 20:05:33.162788+07"
"64.71.05","647105 ","64.71","Balikpapan Selatan","2024-03-02 20:05:33.162788+07","2024-03-02 20:05:33.162788+07"
"64.71.06","647106 ","64.71","Balikpapan Kota","2024-03-02 20:05:33.162788+07","2024-03-02 20:05:33.162788+07"
"64.72.01","647201 ","64.72","Palaran","2024-03-02 20:05:33.162788+07","2024-03-02 20:05:33.162788+07"
"64.72.02","647202 ","64.72","Samarinda Seberang","2024-03-02 20:05:33.162788+07","2024-03-02 20:05:33.162788+07"
"64.72.03","647203 ","64.72","Samarinda Ulu","2024-03-02 20:05:33.162788+07","2024-03-02 20:05:33.162788+07"
"64.72.04","647204 ","64.72","Samarinda Ilir","2024-03-02 20:05:33.162788+07","2024-03-02 20:05:33.162788+07"
"64.72.05","647205 ","64.72","Samarinda Utara","2024-03-02 20:05:33.162788+07","2024-03-02 20:05:33.162788+07"
"64.72.06","647206 ","64.72","Sungai Kunjang","2024-03-02 20:05:33.162788+07","2024-03-02 20:05:33.162788+07"
"64.72.07","647207 ","64.72","Sambutan","2024-03-02 20:05:33.162788+07","2024-03-02 20:05:33.162788+07"
"64.72.08","647208 ","64.72","Sungai Pinang","2024-03-02 20:05:33.162788+07","2024-03-02 20:05:33.162788+07"
"64.72.09","647209 ","64.72","Samarinda Kota","2024-03-02 20:05:33.162788+07","2024-03-02 20:05:33.162788+07"
"64.72.10","647210 ","64.72","Loa Janan Ilir","2024-03-02 20:05:33.162788+07","2024-03-02 20:05:33.162788+07"
"64.74.01","647401 ","64.74","Bontang Utara","2024-03-02 20:05:33.162788+07","2024-03-02 20:05:33.162788+07"
"64.74.02","647402 ","64.74","Bontang Selatan","2024-03-02 20:05:33.162788+07","2024-03-02 20:05:33.162788+07"
"64.74.03","647403 ","64.74","Bontang Barat","2024-03-02 20:05:33.162788+07","2024-03-02 20:05:33.162788+07"
"65.01.01","650101 ","65.01","Tanjung Palas","2024-03-02 20:05:33.162788+07","2024-03-02 20:05:33.162788+07"
"65.01.02","650102 ","65.01","Tanjung Palas Barat","2024-03-02 20:05:33.162788+07","2024-03-02 20:05:33.162788+07"
"65.01.03","650103 ","65.01","Tanjung Palas Utara","2024-03-02 20:05:33.162788+07","2024-03-02 20:05:33.162788+07"
"65.01.04","650104 ","65.01","Tanjung Palas Timur","2024-03-02 20:05:33.162788+07","2024-03-02 20:05:33.162788+07"
"65.01.05","650105 ","65.01","Tanjung Selor","2024-03-02 20:05:33.162788+07","2024-03-02 20:05:33.162788+07"
"65.01.06","650106 ","65.01","Tanjung Palas Tengah","2024-03-02 20:05:33.162788+07","2024-03-02 20:05:33.162788+07"
"65.01.07","650107 ","65.01","Peso","2024-03-02 20:05:33.162788+07","2024-03-02 20:05:33.162788+07"
"65.01.08","650108 ","65.01","Peso Hilir","2024-03-02 20:05:33.162788+07","2024-03-02 20:05:33.162788+07"
"65.01.09","650109 ","65.01","Sekatak","2024-03-02 20:05:33.162788+07","2024-03-02 20:05:33.162788+07"
"65.01.10","650110 ","65.01","Bunyu","2024-03-02 20:05:33.162788+07","2024-03-02 20:05:33.162788+07"
"65.02.01","650201 ","65.02","Mentarang","2024-03-02 20:05:33.162788+07","2024-03-02 20:05:33.162788+07"
"65.02.02","650202 ","65.02","Malinau Kota","2024-03-02 20:05:33.162788+07","2024-03-02 20:05:33.162788+07"
"65.02.03","650203 ","65.02","Pujungan","2024-03-02 20:05:33.162788+07","2024-03-02 20:05:33.162788+07"
"65.02.04","650204 ","65.02","Kayan Hilir","2024-03-02 20:05:33.162788+07","2024-03-02 20:05:33.162788+07"
"65.02.05","650205 ","65.02","Kayan Hulu","2024-03-02 20:05:33.162788+07","2024-03-02 20:05:33.162788+07"
"65.02.06","650206 ","65.02","Malinau Selatan","2024-03-02 20:05:33.162788+07","2024-03-02 20:05:33.162788+07"
"65.02.07","650207 ","65.02","Malinau Utara","2024-03-02 20:05:33.162788+07","2024-03-02 20:05:33.162788+07"
"65.02.08","650208 ","65.02","Malinau Barat","2024-03-02 20:05:33.162788+07","2024-03-02 20:05:33.162788+07"
"65.02.09","650209 ","65.02","Sungai Boh","2024-03-02 20:05:33.162788+07","2024-03-02 20:05:33.162788+07"
"65.02.10","650210 ","65.02","Kayan Selatan","2024-03-02 20:05:33.162788+07","2024-03-02 20:05:33.162788+07"
"65.02.11","650211 ","65.02","Bahau Hulu","2024-03-02 20:05:33.162788+07","2024-03-02 20:05:33.162788+07"
"65.02.12","650212 ","65.02","Mentarang Hulu","2024-03-02 20:05:33.162788+07","2024-03-02 20:05:33.162788+07"
"65.02.13","650213 ","65.02","Malinau Selatan Hilir","2024-03-02 20:05:33.162788+07","2024-03-02 20:05:33.162788+07"
"65.02.14","650214 ","65.02","Malinau Selatan Hulu","2024-03-02 20:05:33.162788+07","2024-03-02 20:05:33.162788+07"
"65.02.15","650215 ","65.02","Sungai Tubu","2024-03-02 20:05:33.162788+07","2024-03-02 20:05:33.162788+07"
"65.03.01","650301 ","65.03","Sebatik","2024-03-02 20:05:33.162788+07","2024-03-02 20:05:33.162788+07"
"65.03.02","650302 ","65.03","Nunukan","2024-03-02 20:05:33.162788+07","2024-03-02 20:05:33.162788+07"
"65.03.03","650303 ","65.03","Sembakung","2024-03-02 20:05:33.162788+07","2024-03-02 20:05:33.162788+07"
"65.03.04","650304 ","65.03","Lumbis","2024-03-02 20:05:33.162788+07","2024-03-02 20:05:33.162788+07"
"65.03.05","650305 ","65.03","Krayan","2024-03-02 20:05:33.162788+07","2024-03-02 20:05:33.162788+07"
"65.03.06","650306 ","65.03","Sebuku","2024-03-02 20:05:33.162788+07","2024-03-02 20:05:33.162788+07"
"65.03.07","650307 ","65.03","Krayan Selatan","2024-03-02 20:05:33.162788+07","2024-03-02 20:05:33.162788+07"
"65.03.08","650308 ","65.03","Sebatik Barat","2024-03-02 20:05:33.162788+07","2024-03-02 20:05:33.162788+07"
"65.03.09","650309 ","65.03","Nunukan Selatan","2024-03-02 20:05:33.162788+07","2024-03-02 20:05:33.162788+07"
"65.03.10","650310 ","65.03","Sebatik Timur","2024-03-02 20:05:33.162788+07","2024-03-02 20:05:33.162788+07"
"65.03.11","650311 ","65.03","Sebatik Utara","2024-03-02 20:05:33.162788+07","2024-03-02 20:05:33.162788+07"
"65.03.12","650312 ","65.03","Sebatik Tengah","2024-03-02 20:05:33.162788+07","2024-03-02 20:05:33.162788+07"
"65.03.13","650313 ","65.03","Sei Menggaris","2024-03-02 20:05:33.162788+07","2024-03-02 20:05:33.162788+07"
"65.03.14","650314 ","65.03","Tulin Onsoi","2024-03-02 20:05:33.162788+07","2024-03-02 20:05:33.162788+07"
"65.03.15","650315 ","65.03","Lumbis Ogong","2024-03-02 20:05:33.162788+07","2024-03-02 20:05:33.162788+07"
"65.03.16","650316 ","65.03","Sembakung Atulai","2024-03-02 20:05:33.162788+07","2024-03-02 20:05:33.162788+07"
"65.03.17","650317 ","65.03","Krayan Tengah","2024-03-02 20:05:33.162788+07","2024-03-02 20:05:33.162788+07"
"65.03.18","650318 ","65.03","Krayan Timur","2024-03-02 20:05:33.162788+07","2024-03-02 20:05:33.162788+07"
"65.03.19","650319 ","65.03","Krayan Barat","2024-03-02 20:05:33.162788+07","2024-03-02 20:05:33.162788+07"
"65.03.20","650320 ","65.03","Lumbis Pansiangan","2024-03-02 20:05:33.162788+07","2024-03-02 20:05:33.162788+07"
"65.03.21","650321 ","65.03","Lumbis Hulu","2024-03-02 20:05:33.162788+07","2024-03-02 20:05:33.162788+07"
"65.04.01","650401 ","65.04","Sesayap","2024-03-02 20:05:33.162788+07","2024-03-02 20:05:33.162788+07"
"65.04.02","650402 ","65.04","Sesayap Hilir","2024-03-02 20:05:33.162788+07","2024-03-02 20:05:33.162788+07"
"65.04.03","650403 ","65.04","Tana Lia","2024-03-02 20:05:33.162788+07","2024-03-02 20:05:33.162788+07"
"65.04.04","650404 ","65.04","Betayau","2024-03-02 20:05:33.162788+07","2024-03-02 20:05:33.162788+07"
"65.04.05","650405 ","65.04","Muruk Rian","2024-03-02 20:05:33.162788+07","2024-03-02 20:05:33.162788+07"
"65.71.01","657101 ","65.71","Tarakan Barat","2024-03-02 20:05:33.162788+07","2024-03-02 20:05:33.162788+07"
"65.71.02","657102 ","65.71","Tarakan Tengah","2024-03-02 20:05:33.162788+07","2024-03-02 20:05:33.162788+07"
"65.71.03","657103 ","65.71","Tarakan Timur","2024-03-02 20:05:33.162788+07","2024-03-02 20:05:33.162788+07"
"65.71.04","657104 ","65.71","Tarakan Utara","2024-03-02 20:05:33.162788+07","2024-03-02 20:05:33.162788+07"
"71.01.05","710105 ","71.01","Sang Tombolang","2024-03-02 20:05:33.162788+07","2024-03-02 20:05:33.162788+07"
"71.01.09","710109 ","71.01","Dumoga Barat","2024-03-02 20:05:33.162788+07","2024-03-02 20:05:33.162788+07"
"71.01.10","710110 ","71.01","Dumoga Timur","2024-03-02 20:05:33.162788+07","2024-03-02 20:05:33.162788+07"
"71.01.11","710111 ","71.01","Dumoga Utara","2024-03-02 20:05:33.162788+07","2024-03-02 20:05:33.162788+07"
"71.01.12","710112 ","71.01","Lolak","2024-03-02 20:05:33.162788+07","2024-03-02 20:05:33.162788+07"
"71.01.13","710113 ","71.01","Bolaang","2024-03-02 20:05:33.162788+07","2024-03-02 20:05:33.162788+07"
"71.01.14","710114 ","71.01","Lolayan","2024-03-02 20:05:33.162788+07","2024-03-02 20:05:33.162788+07"
"71.01.19","710119 ","71.01","Passi Barat","2024-03-02 20:05:33.162788+07","2024-03-02 20:05:33.162788+07"
"71.01.20","710120 ","71.01","Poigar","2024-03-02 20:05:33.162788+07","2024-03-02 20:05:33.162788+07"
"71.01.22","710122 ","71.01","Passi Timur","2024-03-02 20:05:33.162788+07","2024-03-02 20:05:33.162788+07"
"71.01.31","710131 ","71.01","Bolaang Timur","2024-03-02 20:05:33.162788+07","2024-03-02 20:05:33.162788+07"
"71.01.32","710132 ","71.01","Bilalang","2024-03-02 20:05:33.162788+07","2024-03-02 20:05:33.162788+07"
"71.01.33","710133 ","71.01","Dumoga","2024-03-02 20:05:33.162788+07","2024-03-02 20:05:33.162788+07"
"71.01.34","710134 ","71.01","Dumoga Tenggara","2024-03-02 20:05:33.162788+07","2024-03-02 20:05:33.162788+07"
"71.01.35","710135 ","71.01","Dumoga Tengah","2024-03-02 20:05:33.162788+07","2024-03-02 20:05:33.162788+07"
"71.02.01","710201 ","71.02","Tondano Barat","2024-03-02 20:05:33.162788+07","2024-03-02 20:05:33.162788+07"
"71.02.02","710202 ","71.02","Tondano Timur","2024-03-02 20:05:33.162788+07","2024-03-02 20:05:33.162788+07"
"71.02.03","710203 ","71.02","Eris","2024-03-02 20:05:33.162788+07","2024-03-02 20:05:33.162788+07"
"71.02.04","710204 ","71.02","Kombi","2024-03-02 20:05:33.162788+07","2024-03-02 20:05:33.162788+07"
"71.02.05","710205 ","71.02","Lembean Timur","2024-03-02 20:05:33.162788+07","2024-03-02 20:05:33.162788+07"
"71.02.06","710206 ","71.02","Kakas","2024-03-02 20:05:33.162788+07","2024-03-02 20:05:33.162788+07"
"71.02.07","710207 ","71.02","Tompaso","2024-03-02 20:05:33.162788+07","2024-03-02 20:05:33.162788+07"
"71.02.08","710208 ","71.02","Remboken","2024-03-02 20:05:33.162788+07","2024-03-02 20:05:33.162788+07"
"71.02.09","710209 ","71.02","Langowan Timur","2024-03-02 20:05:33.162788+07","2024-03-02 20:05:33.162788+07"
"71.02.10","710210 ","71.02","Langowan Barat","2024-03-02 20:05:33.162788+07","2024-03-02 20:05:33.162788+07"
"71.02.11","710211 ","71.02","Sonder","2024-03-02 20:05:33.162788+07","2024-03-02 20:05:33.162788+07"
"71.02.12","710212 ","71.02","Kawangkoan","2024-03-02 20:05:33.162788+07","2024-03-02 20:05:33.162788+07"
"71.02.13","710213 ","71.02","Pineleng","2024-03-02 20:05:33.162788+07","2024-03-02 20:05:33.162788+07"
"71.02.14","710214 ","71.02","Tombulu","2024-03-02 20:05:33.162788+07","2024-03-02 20:05:33.162788+07"
"71.02.15","710215 ","71.02","Tombariri","2024-03-02 20:05:33.162788+07","2024-03-02 20:05:33.162788+07"
"71.02.16","710216 ","71.02","Tondano Utara","2024-03-02 20:05:33.162788+07","2024-03-02 20:05:33.162788+07"
"71.02.17","710217 ","71.02","Langowan Selatan","2024-03-02 20:05:33.162788+07","2024-03-02 20:05:33.162788+07"
"71.02.18","710218 ","71.02","Tondano Selatan","2024-03-02 20:05:33.162788+07","2024-03-02 20:05:33.162788+07"
"71.02.19","710219 ","71.02","Langowan Utara","2024-03-02 20:05:33.162788+07","2024-03-02 20:05:33.162788+07"
"71.02.20","710220 ","71.02","Kakas Barat","2024-03-02 20:05:33.162788+07","2024-03-02 20:05:33.162788+07"
"71.02.21","710221 ","71.02","Kawangkoan Utara","2024-03-02 20:05:33.162788+07","2024-03-02 20:05:33.162788+07"
"71.02.22","710222 ","71.02","Kawangkoan Barat","2024-03-02 20:05:33.162788+07","2024-03-02 20:05:33.162788+07"
"71.02.23","710223 ","71.02","Mandolang","2024-03-02 20:05:33.162788+07","2024-03-02 20:05:33.162788+07"
"71.02.24","710224 ","71.02","Tombariri Timur","2024-03-02 20:05:33.162788+07","2024-03-02 20:05:33.162788+07"
"71.02.25","710225 ","71.02","Tompaso Barat","2024-03-02 20:05:33.162788+07","2024-03-02 20:05:33.162788+07"
"71.03.08","710308 ","71.03","Tabukan Utara","2024-03-02 20:05:33.162788+07","2024-03-02 20:05:33.162788+07"
"71.03.09","710309 ","71.03","Nusa Tabukan","2024-03-02 20:05:33.162788+07","2024-03-02 20:05:33.162788+07"
"71.03.10","710310 ","71.03","Manganitu Selatan","2024-03-02 20:05:33.162788+07","2024-03-02 20:05:33.162788+07"
"71.03.11","710311 ","71.03","Tatoareng","2024-03-02 20:05:33.162788+07","2024-03-02 20:05:33.162788+07"
"71.03.12","710312 ","71.03","Tamako","2024-03-02 20:05:33.162788+07","2024-03-02 20:05:33.162788+07"
"71.03.13","710313 ","71.03","Manganitu","2024-03-02 20:05:33.162788+07","2024-03-02 20:05:33.162788+07"
"71.03.14","710314 ","71.03","Tabukan Tengah","2024-03-02 20:05:33.162788+07","2024-03-02 20:05:33.162788+07"
"71.03.15","710315 ","71.03","Tabukan Selatan","2024-03-02 20:05:33.162788+07","2024-03-02 20:05:33.162788+07"
"71.03.16","710316 ","71.03","Kendahe","2024-03-02 20:05:33.162788+07","2024-03-02 20:05:33.162788+07"
"71.03.17","710317 ","71.03","Tahuna","2024-03-02 20:05:33.162788+07","2024-03-02 20:05:33.162788+07"
"71.03.19","710319 ","71.03","Tabukan Selatan Tengah","2024-03-02 20:05:33.162788+07","2024-03-02 20:05:33.162788+07"
"71.03.20","710320 ","71.03","Tabukan Selatan Tenggara","2024-03-02 20:05:33.162788+07","2024-03-02 20:05:33.162788+07"
"71.03.23","710323 ","71.03","Tahuna Barat","2024-03-02 20:05:33.162788+07","2024-03-02 20:05:33.162788+07"
"71.03.24","710324 ","71.03","Tahuna Timur","2024-03-02 20:05:33.162788+07","2024-03-02 20:05:33.162788+07"
"71.03.25","710325 ","71.03","Kepulauan Marore","2024-03-02 20:05:33.162788+07","2024-03-02 20:05:33.162788+07"
"71.04.01","710401 ","71.04","Lirung","2024-03-02 20:05:33.162788+07","2024-03-02 20:05:33.162788+07"
"71.04.02","710402 ","71.04","Beo","2024-03-02 20:05:33.162788+07","2024-03-02 20:05:33.162788+07"
"71.04.03","710403 ","71.04","Rainis","2024-03-02 20:05:33.162788+07","2024-03-02 20:05:33.162788+07"
"71.04.04","710404 ","71.04","Essang","2024-03-02 20:05:33.162788+07","2024-03-02 20:05:33.162788+07"
"71.04.05","710405 ","71.04","Nanusa","2024-03-02 20:05:33.162788+07","2024-03-02 20:05:33.162788+07"
"71.04.06","710406 ","71.04","Kabaruan","2024-03-02 20:05:33.162788+07","2024-03-02 20:05:33.162788+07"
"71.04.07","710407 ","71.04","Melonguane","2024-03-02 20:05:33.162788+07","2024-03-02 20:05:33.162788+07"
"71.04.08","710408 ","71.04","Gemeh","2024-03-02 20:05:33.162788+07","2024-03-02 20:05:33.162788+07"
"71.04.09","710409 ","71.04","Damau","2024-03-02 20:05:33.162788+07","2024-03-02 20:05:33.162788+07"
"71.04.10","710410 ","71.04","Tampan' Amma","2024-03-02 20:05:33.162788+07","2024-03-02 20:05:33.162788+07"
"71.04.11","710411 ","71.04","Salibabu","2024-03-02 20:05:33.162788+07","2024-03-02 20:05:33.162788+07"
"71.04.12","710412 ","71.04","Kalongan","2024-03-02 20:05:33.162788+07","2024-03-02 20:05:33.162788+07"
"71.04.13","710413 ","71.04","Miangas","2024-03-02 20:05:33.162788+07","2024-03-02 20:05:33.162788+07"
"71.04.14","710414 ","71.04","Beo Utara","2024-03-02 20:05:33.162788+07","2024-03-02 20:05:33.162788+07"
"71.04.15","710415 ","71.04","Pulutan","2024-03-02 20:05:33.162788+07","2024-03-02 20:05:33.162788+07"
"71.04.16","710416 ","71.04","Melonguane Timur","2024-03-02 20:05:33.162788+07","2024-03-02 20:05:33.162788+07"
"71.04.17","710417 ","71.04","Moronge","2024-03-02 20:05:33.162788+07","2024-03-02 20:05:33.162788+07"
"71.04.18","710418 ","71.04","Beo Selatan","2024-03-02 20:05:33.162788+07","2024-03-02 20:05:33.162788+07"
"71.04.19","710419 ","71.04","Essang Selatan","2024-03-02 20:05:33.162788+07","2024-03-02 20:05:33.162788+07"
"71.05.01","710501 ","71.05","Modoinding","2024-03-02 20:05:33.162788+07","2024-03-02 20:05:33.162788+07"
"71.05.02","710502 ","71.05","Tompaso Baru","2024-03-02 20:05:33.162788+07","2024-03-02 20:05:33.162788+07"
"71.05.03","710503 ","71.05","Ranoyapo","2024-03-02 20:05:33.162788+07","2024-03-02 20:05:33.162788+07"
"71.05.07","710507 ","71.05","Motoling","2024-03-02 20:05:33.162788+07","2024-03-02 20:05:33.162788+07"
"71.05.08","710508 ","71.05","Sinonsayang","2024-03-02 20:05:33.162788+07","2024-03-02 20:05:33.162788+07"
"71.05.09","710509 ","71.05","Tenga","2024-03-02 20:05:33.162788+07","2024-03-02 20:05:33.162788+07"
"71.05.10","710510 ","71.05","Amurang","2024-03-02 20:05:33.162788+07","2024-03-02 20:05:33.162788+07"
"71.05.12","710512 ","71.05","Tumpaan","2024-03-02 20:05:33.162788+07","2024-03-02 20:05:33.162788+07"
"71.05.13","710513 ","71.05","Tareran","2024-03-02 20:05:33.162788+07","2024-03-02 20:05:33.162788+07"
"71.05.15","710515 ","71.05","Kumelembuai","2024-03-02 20:05:33.162788+07","2024-03-02 20:05:33.162788+07"
"71.05.16","710516 ","71.05","Maesaan","2024-03-02 20:05:33.162788+07","2024-03-02 20:05:33.162788+07"
"71.05.17","710517 ","71.05","Amurang Barat","2024-03-02 20:05:33.162788+07","2024-03-02 20:05:33.162788+07"
"71.05.18","710518 ","71.05","Amurang Timur","2024-03-02 20:05:33.162788+07","2024-03-02 20:05:33.162788+07"
"71.05.19","710519 ","71.05","Tatapaan","2024-03-02 20:05:33.162788+07","2024-03-02 20:05:33.162788+07"
"71.05.21","710521 ","71.05","Motoling Barat","2024-03-02 20:05:33.162788+07","2024-03-02 20:05:33.162788+07"
"71.05.22","710522 ","71.05","Motoling Timur","2024-03-02 20:05:33.162788+07","2024-03-02 20:05:33.162788+07"
"71.05.23","710523 ","71.05","Suluun Tareran","2024-03-02 20:05:33.162788+07","2024-03-02 20:05:33.162788+07"
"71.06.01","710601 ","71.06","Kema","2024-03-02 20:05:33.162788+07","2024-03-02 20:05:33.162788+07"
"71.06.02","710602 ","71.06","Kauditan","2024-03-02 20:05:33.162788+07","2024-03-02 20:05:33.162788+07"
"71.06.03","710603 ","71.06","Airmadidi","2024-03-02 20:05:33.162788+07","2024-03-02 20:05:33.162788+07"
"71.06.04","710604 ","71.06","Wori","2024-03-02 20:05:33.162788+07","2024-03-02 20:05:33.162788+07"
"71.06.05","710605 ","71.06","Dimembe","2024-03-02 20:05:33.162788+07","2024-03-02 20:05:33.162788+07"
"71.06.06","710606 ","71.06","Likupang Barat","2024-03-02 20:05:33.162788+07","2024-03-02 20:05:33.162788+07"
"71.06.07","710607 ","71.06","Likupang Timur","2024-03-02 20:05:33.162788+07","2024-03-02 20:05:33.162788+07"
"71.06.08","710608 ","71.06","Kalawat","2024-03-02 20:05:33.162788+07","2024-03-02 20:05:33.162788+07"
"71.06.09","710609 ","71.06","Talawaan","2024-03-02 20:05:33.162788+07","2024-03-02 20:05:33.162788+07"
"71.06.10","710610 ","71.06","Likupang Selatan","2024-03-02 20:05:33.162788+07","2024-03-02 20:05:33.162788+07"
"71.07.01","710701 ","71.07","Ratahan","2024-03-02 20:05:33.162788+07","2024-03-02 20:05:33.162788+07"
"71.07.02","710702 ","71.07","Pusomaen","2024-03-02 20:05:33.162788+07","2024-03-02 20:05:33.162788+07"
"71.07.03","710703 ","71.07","Belang","2024-03-02 20:05:33.162788+07","2024-03-02 20:05:33.162788+07"
"71.07.04","710704 ","71.07","Ratatotok","2024-03-02 20:05:33.162788+07","2024-03-02 20:05:33.162788+07"
"71.07.05","710705 ","71.07","Tombatu","2024-03-02 20:05:33.162788+07","2024-03-02 20:05:33.162788+07"
"71.07.06","710706 ","71.07","Touluaan","2024-03-02 20:05:33.162788+07","2024-03-02 20:05:33.162788+07"
"71.07.07","710707 ","71.07","Touluaan Selatan","2024-03-02 20:05:33.162788+07","2024-03-02 20:05:33.162788+07"
"71.07.08","710708 ","71.07","Silian Raya","2024-03-02 20:05:33.162788+07","2024-03-02 20:05:33.162788+07"
"71.07.09","710709 ","71.07","Tombatu Timur","2024-03-02 20:05:33.162788+07","2024-03-02 20:05:33.162788+07"
"71.07.10","710710 ","71.07","Tombatu Utara","2024-03-02 20:05:33.162788+07","2024-03-02 20:05:33.162788+07"
"71.07.11","710711 ","71.07","Pasan","2024-03-02 20:05:33.162788+07","2024-03-02 20:05:33.162788+07"
"71.07.12","710712 ","71.07","Ratahan Timur","2024-03-02 20:05:33.162788+07","2024-03-02 20:05:33.162788+07"
"71.08.01","710801 ","71.08","Sangkub","2024-03-02 20:05:33.162788+07","2024-03-02 20:05:33.162788+07"
"71.08.02","710802 ","71.08","Bintauna","2024-03-02 20:05:33.162788+07","2024-03-02 20:05:33.162788+07"
"71.08.03","710803 ","71.08","Bolangitang Timur","2024-03-02 20:05:33.162788+07","2024-03-02 20:05:33.162788+07"
"71.08.04","710804 ","71.08","Bolangitang Barat","2024-03-02 20:05:33.162788+07","2024-03-02 20:05:33.162788+07"
"71.08.05","710805 ","71.08","Kaidipang","2024-03-02 20:05:33.162788+07","2024-03-02 20:05:33.162788+07"
"71.08.06","710806 ","71.08","Pinogaluman","2024-03-02 20:05:33.162788+07","2024-03-02 20:05:33.162788+07"
"71.09.01","710901 ","71.09","Siau Timur","2024-03-02 20:05:33.162788+07","2024-03-02 20:05:33.162788+07"
"71.09.02","710902 ","71.09","Siau Barat","2024-03-02 20:05:33.162788+07","2024-03-02 20:05:33.162788+07"
"71.09.03","710903 ","71.09","Tagulandang","2024-03-02 20:05:33.162788+07","2024-03-02 20:05:33.162788+07"
"71.09.04","710904 ","71.09","Siau Timur Selatan","2024-03-02 20:05:33.162788+07","2024-03-02 20:05:33.162788+07"
"71.09.05","710905 ","71.09","Siau Barat Selatan","2024-03-02 20:05:33.162788+07","2024-03-02 20:05:33.162788+07"
"71.09.06","710906 ","71.09","Tagulandang Utara","2024-03-02 20:05:33.162788+07","2024-03-02 20:05:33.162788+07"
"71.09.07","710907 ","71.09","Biaro","2024-03-02 20:05:33.162788+07","2024-03-02 20:05:33.162788+07"
"71.09.08","710908 ","71.09","Siau Barat Utara","2024-03-02 20:05:33.162788+07","2024-03-02 20:05:33.162788+07"
"71.09.09","710909 ","71.09","Siau Tengah","2024-03-02 20:05:33.162788+07","2024-03-02 20:05:33.162788+07"
"71.09.10","710910 ","71.09","Tagulandang Selatan","2024-03-02 20:05:33.162788+07","2024-03-02 20:05:33.162788+07"
"71.10.01","711001 ","71.10","Tutuyan","2024-03-02 20:05:33.162788+07","2024-03-02 20:05:33.162788+07"
"71.10.02","711002 ","71.10","Kotabunan","2024-03-02 20:05:33.162788+07","2024-03-02 20:05:33.162788+07"
"71.10.03","711003 ","71.10","Nuangan","2024-03-02 20:05:33.162788+07","2024-03-02 20:05:33.162788+07"
"71.10.04","711004 ","71.10","Modayag","2024-03-02 20:05:33.162788+07","2024-03-02 20:05:33.162788+07"
"71.10.05","711005 ","71.10","Modayag Barat","2024-03-02 20:05:33.162788+07","2024-03-02 20:05:33.162788+07"
"71.10.06","711006 ","71.10","Motongkad","2024-03-02 20:05:33.162788+07","2024-03-02 20:05:33.162788+07"
"71.10.07","711007 ","71.10","Mooat","2024-03-02 20:05:33.162788+07","2024-03-02 20:05:33.162788+07"
"71.11.01","711101 ","71.11","Bolaang Uki","2024-03-02 20:05:33.162788+07","2024-03-02 20:05:33.162788+07"
"71.11.02","711102 ","71.11","Posigadan","2024-03-02 20:05:33.162788+07","2024-03-02 20:05:33.162788+07"
"71.11.03","711103 ","71.11","Pinolosian","2024-03-02 20:05:33.162788+07","2024-03-02 20:05:33.162788+07"
"71.11.04","711104 ","71.11","Pinolosian Tengah","2024-03-02 20:05:33.162788+07","2024-03-02 20:05:33.162788+07"
"71.11.05","711105 ","71.11","Pinolosian Timur","2024-03-02 20:05:33.162788+07","2024-03-02 20:05:33.162788+07"
"71.11.06","711106 ","71.11","Helumo","2024-03-02 20:05:33.162788+07","2024-03-02 20:05:33.162788+07"
"71.11.07","711107 ","71.11","Tomini","2024-03-02 20:05:33.162788+07","2024-03-02 20:05:33.162788+07"
"71.71.01","717101 ","71.71","Bunaken","2024-03-02 20:05:33.162788+07","2024-03-02 20:05:33.162788+07"
"71.71.02","717102 ","71.71","Tuminiting","2024-03-02 20:05:33.162788+07","2024-03-02 20:05:33.162788+07"
"71.71.03","717103 ","71.71","Singkil","2024-03-02 20:05:33.162788+07","2024-03-02 20:05:33.162788+07"
"71.71.04","717104 ","71.71","Wenang","2024-03-02 20:05:33.162788+07","2024-03-02 20:05:33.162788+07"
"71.71.05","717105 ","71.71","Tikala","2024-03-02 20:05:33.162788+07","2024-03-02 20:05:33.162788+07"
"71.71.06","717106 ","71.71","Sario","2024-03-02 20:05:33.162788+07","2024-03-02 20:05:33.162788+07"
"71.71.07","717107 ","71.71","Wanea","2024-03-02 20:05:33.162788+07","2024-03-02 20:05:33.162788+07"
"71.71.08","717108 ","71.71","Mapanget","2024-03-02 20:05:33.162788+07","2024-03-02 20:05:33.162788+07"
"71.71.09","717109 ","71.71","Malalayang","2024-03-02 20:05:33.162788+07","2024-03-02 20:05:33.162788+07"
"71.71.10","717110 ","71.71","Bunaken Kepulauan","2024-03-02 20:05:33.162788+07","2024-03-02 20:05:33.162788+07"
"71.71.11","717111 ","71.71","Paal Dua","2024-03-02 20:05:33.162788+07","2024-03-02 20:05:33.162788+07"
"71.72.01","717201 ","71.72","Lembeh Selatan","2024-03-02 20:05:33.162788+07","2024-03-02 20:05:33.162788+07"
"71.72.02","717202 ","71.72","Madidir","2024-03-02 20:05:33.162788+07","2024-03-02 20:05:33.162788+07"
"71.72.03","717203 ","71.72","Ranowulu","2024-03-02 20:05:33.162788+07","2024-03-02 20:05:33.162788+07"
"71.72.04","717204 ","71.72","Aertembaga","2024-03-02 20:05:33.162788+07","2024-03-02 20:05:33.162788+07"
"71.72.05","717205 ","71.72","Matuari","2024-03-02 20:05:33.162788+07","2024-03-02 20:05:33.162788+07"
"71.72.06","717206 ","71.72","Girian","2024-03-02 20:05:33.162788+07","2024-03-02 20:05:33.162788+07"
"71.72.07","717207 ","71.72","Maesa","2024-03-02 20:05:33.162788+07","2024-03-02 20:05:33.162788+07"
"71.72.08","717208 ","71.72","Lembeh Utara","2024-03-02 20:05:33.162788+07","2024-03-02 20:05:33.162788+07"
"71.73.01","717301 ","71.73","Tomohon Selatan","2024-03-02 20:05:33.162788+07","2024-03-02 20:05:33.162788+07"
"71.73.02","717302 ","71.73","Tomohon Tengah","2024-03-02 20:05:33.162788+07","2024-03-02 20:05:33.162788+07"
"71.73.03","717303 ","71.73","Tomohon Utara","2024-03-02 20:05:33.162788+07","2024-03-02 20:05:33.162788+07"
"71.73.04","717304 ","71.73","Tomohon Barat","2024-03-02 20:05:33.162788+07","2024-03-02 20:05:33.162788+07"
"71.73.05","717305 ","71.73","Tomohon Timur","2024-03-02 20:05:33.162788+07","2024-03-02 20:05:33.162788+07"
"71.74.01","717401 ","71.74","Kotamobagu Utara","2024-03-02 20:05:33.162788+07","2024-03-02 20:05:33.162788+07"
"71.74.02","717402 ","71.74","Kotamobagu Timur","2024-03-02 20:05:33.162788+07","2024-03-02 20:05:33.162788+07"
"71.74.03","717403 ","71.74","Kotamobagu Selatan","2024-03-02 20:05:33.162788+07","2024-03-02 20:05:33.162788+07"
"71.74.04","717404 ","71.74","Kotamobagu Barat","2024-03-02 20:05:33.162788+07","2024-03-02 20:05:33.162788+07"
"72.01.01","720101 ","72.01","Batui","2024-03-02 20:05:33.162788+07","2024-03-02 20:05:33.162788+07"
"72.01.02","720102 ","72.01","Bunta","2024-03-02 20:05:33.162788+07","2024-03-02 20:05:33.162788+07"
"72.01.03","720103 ","72.01","Kintom","2024-03-02 20:05:33.162788+07","2024-03-02 20:05:33.162788+07"
"72.01.04","720104 ","72.01","Luwuk","2024-03-02 20:05:33.162788+07","2024-03-02 20:05:33.162788+07"
"72.01.05","720105 ","72.01","Lamala","2024-03-02 20:05:33.162788+07","2024-03-02 20:05:33.162788+07"
"72.01.06","720106 ","72.01","Balantak","2024-03-02 20:05:33.162788+07","2024-03-02 20:05:33.162788+07"
"72.01.07","720107 ","72.01","Pagimana","2024-03-02 20:05:33.162788+07","2024-03-02 20:05:33.162788+07"
"72.01.08","720108 ","72.01","Bualemo","2024-03-02 20:05:33.162788+07","2024-03-02 20:05:33.162788+07"
"72.01.09","720109 ","72.01","Toili","2024-03-02 20:05:33.162788+07","2024-03-02 20:05:33.162788+07"
"72.01.10","720110 ","72.01","Masama","2024-03-02 20:05:33.162788+07","2024-03-02 20:05:33.162788+07"
"72.01.11","720111 ","72.01","Luwuk Timur","2024-03-02 20:05:33.162788+07","2024-03-02 20:05:33.162788+07"
"72.01.12","720112 ","72.01","Toili Barat","2024-03-02 20:05:33.162788+07","2024-03-02 20:05:33.162788+07"
"72.01.13","720113 ","72.01","Nuhon","2024-03-02 20:05:33.162788+07","2024-03-02 20:05:33.162788+07"
"72.01.14","720114 ","72.01","Moilong","2024-03-02 20:05:33.162788+07","2024-03-02 20:05:33.162788+07"
"72.01.15","720115 ","72.01","Batui Selatan","2024-03-02 20:05:33.162788+07","2024-03-02 20:05:33.162788+07"
"72.01.16","720116 ","72.01","Lobu","2024-03-02 20:05:33.162788+07","2024-03-02 20:05:33.162788+07"
"72.01.17","720117 ","72.01","Simpang Raya","2024-03-02 20:05:33.162788+07","2024-03-02 20:05:33.162788+07"
"72.01.18","720118 ","72.01","Balantak Selatan","2024-03-02 20:05:33.162788+07","2024-03-02 20:05:33.162788+07"
"72.01.19","720119 ","72.01","Balantak Utara","2024-03-02 20:05:33.162788+07","2024-03-02 20:05:33.162788+07"
"72.01.20","720120 ","72.01","Luwuk Selatan","2024-03-02 20:05:33.162788+07","2024-03-02 20:05:33.162788+07"
"72.01.21","720121 ","72.01","Luwuk Utara","2024-03-02 20:05:33.162788+07","2024-03-02 20:05:33.162788+07"
"72.01.22","720122 ","72.01","Mantoh","2024-03-02 20:05:33.162788+07","2024-03-02 20:05:33.162788+07"
"72.01.23","720123 ","72.01","Nambo","2024-03-02 20:05:33.162788+07","2024-03-02 20:05:33.162788+07"
"72.02.01","720201 ","72.02","Poso Kota","2024-03-02 20:05:33.162788+07","2024-03-02 20:05:33.162788+07"
"72.02.02","720202 ","72.02","Poso Pesisir","2024-03-02 20:05:33.162788+07","2024-03-02 20:05:33.162788+07"
"72.02.03","720203 ","72.02","Lage","2024-03-02 20:05:33.162788+07","2024-03-02 20:05:33.162788+07"
"72.02.04","720204 ","72.02","Pamona Puselemba","2024-03-02 20:05:33.162788+07","2024-03-02 20:05:33.162788+07"
"72.02.05","720205 ","72.02","Pamona Timur","2024-03-02 20:05:33.162788+07","2024-03-02 20:05:33.162788+07"
"72.02.06","720206 ","72.02","Pamona Selatan","2024-03-02 20:05:33.162788+07","2024-03-02 20:05:33.162788+07"
"72.02.07","720207 ","72.02","Lore Utara","2024-03-02 20:05:33.162788+07","2024-03-02 20:05:33.162788+07"
"72.02.08","720208 ","72.02","Lore Tengah","2024-03-02 20:05:33.162788+07","2024-03-02 20:05:33.162788+07"
"72.02.09","720209 ","72.02","Lore Selatan","2024-03-02 20:05:33.162788+07","2024-03-02 20:05:33.162788+07"
"72.02.18","720218 ","72.02","Poso Pesisir Utara","2024-03-02 20:05:33.162788+07","2024-03-02 20:05:33.162788+07"
"72.02.19","720219 ","72.02","Poso Pesisir Selatan","2024-03-02 20:05:33.162788+07","2024-03-02 20:05:33.162788+07"
"72.02.20","720220 ","72.02","Pamona Barat","2024-03-02 20:05:33.162788+07","2024-03-02 20:05:33.162788+07"
"72.02.21","720221 ","72.02","Poso Kota Selatan","2024-03-02 20:05:33.162788+07","2024-03-02 20:05:33.162788+07"
"72.02.22","720222 ","72.02","Poso Kota Utara","2024-03-02 20:05:33.162788+07","2024-03-02 20:05:33.162788+07"
"72.02.23","720223 ","72.02","Lore Barat","2024-03-02 20:05:33.162788+07","2024-03-02 20:05:33.162788+07"
"72.02.24","720224 ","72.02","Lore Timur","2024-03-02 20:05:33.162788+07","2024-03-02 20:05:33.162788+07"
"72.02.25","720225 ","72.02","Lore Piore","2024-03-02 20:05:33.162788+07","2024-03-02 20:05:33.162788+07"
"72.02.26","720226 ","72.02","Pamona Tenggara","2024-03-02 20:05:33.162788+07","2024-03-02 20:05:33.162788+07"
"72.02.27","720227 ","72.02","Pamona Utara","2024-03-02 20:05:33.162788+07","2024-03-02 20:05:33.162788+07"
"72.03.04","720304 ","72.03","Rio Pakava","2024-03-02 20:05:33.162788+07","2024-03-02 20:05:33.162788+07"
"72.03.06","720306 ","72.03","Dampelas","2024-03-02 20:05:33.162788+07","2024-03-02 20:05:33.162788+07"
"72.03.08","720308 ","72.03","Banawa","2024-03-02 20:05:33.162788+07","2024-03-02 20:05:33.162788+07"
"72.03.09","720309 ","72.03","Labuan","2024-03-02 20:05:33.162788+07","2024-03-02 20:05:33.162788+07"
"72.03.10","720310 ","72.03","Sindue","2024-03-02 20:05:33.162788+07","2024-03-02 20:05:33.162788+07"
"72.03.11","720311 ","72.03","Sirenja","2024-03-02 20:05:33.162788+07","2024-03-02 20:05:33.162788+07"
"72.03.12","720312 ","72.03","Balaesang","2024-03-02 20:05:33.162788+07","2024-03-02 20:05:33.162788+07"
"72.03.14","720314 ","72.03","Sojol","2024-03-02 20:05:33.162788+07","2024-03-02 20:05:33.162788+07"
"72.03.18","720318 ","72.03","Banawa Selatan","2024-03-02 20:05:33.162788+07","2024-03-02 20:05:33.162788+07"
"72.03.19","720319 ","72.03","Tanantovea","2024-03-02 20:05:33.162788+07","2024-03-02 20:05:33.162788+07"
"72.03.21","720321 ","72.03","Pinembani","2024-03-02 20:05:33.162788+07","2024-03-02 20:05:33.162788+07"
"72.03.24","720324 ","72.03","Sindue Tombusabora","2024-03-02 20:05:33.162788+07","2024-03-02 20:05:33.162788+07"
"72.03.25","720325 ","72.03","Sindue Tobata","2024-03-02 20:05:33.162788+07","2024-03-02 20:05:33.162788+07"
"72.03.27","720327 ","72.03","Banawa Tengah","2024-03-02 20:05:33.162788+07","2024-03-02 20:05:33.162788+07"
"72.03.30","720330 ","72.03","Sojol Utara","2024-03-02 20:05:33.162788+07","2024-03-02 20:05:33.162788+07"
"72.03.31","720331 ","72.03","Balaesang Tanjung","2024-03-02 20:05:33.162788+07","2024-03-02 20:05:33.162788+07"
"72.04.01","720401 ","72.04","Dampal Selatan","2024-03-02 20:05:33.162788+07","2024-03-02 20:05:33.162788+07"
"72.04.02","720402 ","72.04","Dampal Utara","2024-03-02 20:05:33.162788+07","2024-03-02 20:05:33.162788+07"
"72.04.03","720403 ","72.04","Dondo","2024-03-02 20:05:33.162788+07","2024-03-02 20:05:33.162788+07"
"72.04.04","720404 ","72.04","Basidondo","2024-03-02 20:05:33.162788+07","2024-03-02 20:05:33.162788+07"
"72.04.05","720405 ","72.04","Ogodeide","2024-03-02 20:05:33.162788+07","2024-03-02 20:05:33.162788+07"
"72.04.06","720406 ","72.04","Lampasio","2024-03-02 20:05:33.162788+07","2024-03-02 20:05:33.162788+07"
"72.04.07","720407 ","72.04","Baolan","2024-03-02 20:05:33.162788+07","2024-03-02 20:05:33.162788+07"
"72.04.08","720408 ","72.04","Galang","2024-03-02 20:05:33.162788+07","2024-03-02 20:05:33.162788+07"
"72.04.09","720409 ","72.04","Toli-Toli Utara","2024-03-02 20:05:33.162788+07","2024-03-02 20:05:33.162788+07"
"72.04.10","720410 ","72.04","Dako Pemean","2024-03-02 20:05:33.162788+07","2024-03-02 20:05:33.162788+07"
"72.05.01","720501 ","72.05","Momunu","2024-03-02 20:05:33.162788+07","2024-03-02 20:05:33.162788+07"
"72.05.02","720502 ","72.05","Lakea","2024-03-02 20:05:33.162788+07","2024-03-02 20:05:33.162788+07"
"72.05.03","720503 ","72.05","Bokat","2024-03-02 20:05:33.162788+07","2024-03-02 20:05:33.162788+07"
"72.05.04","720504 ","72.05","Bunobogu","2024-03-02 20:05:33.162788+07","2024-03-02 20:05:33.162788+07"
"72.05.05","720505 ","72.05","Paleleh","2024-03-02 20:05:33.162788+07","2024-03-02 20:05:33.162788+07"
"72.05.06","720506 ","72.05","Biau","2024-03-02 20:05:33.162788+07","2024-03-02 20:05:33.162788+07"
"72.05.07","720507 ","72.05","Tiloan","2024-03-02 20:05:33.162788+07","2024-03-02 20:05:33.162788+07"
"72.05.08","720508 ","72.05","Bukal","2024-03-02 20:05:33.162788+07","2024-03-02 20:05:33.162788+07"
"72.05.09","720509 ","72.05","Gadung","2024-03-02 20:05:33.162788+07","2024-03-02 20:05:33.162788+07"
"72.05.10","720510 ","72.05","Karamat","2024-03-02 20:05:33.162788+07","2024-03-02 20:05:33.162788+07"
"72.05.11","720511 ","72.05","Paleleh Barat","2024-03-02 20:05:33.162788+07","2024-03-02 20:05:33.162788+07"
"72.06.05","720605 ","72.06","Bungku Tengah","2024-03-02 20:05:33.162788+07","2024-03-02 20:05:33.162788+07"
"72.06.06","720606 ","72.06","Bungku Selatan","2024-03-02 20:05:33.162788+07","2024-03-02 20:05:33.162788+07"
"72.06.07","720607 ","72.06","Menui Kepulauan","2024-03-02 20:05:33.162788+07","2024-03-02 20:05:33.162788+07"
"72.06.08","720608 ","72.06","Bungku Barat","2024-03-02 20:05:33.162788+07","2024-03-02 20:05:33.162788+07"
"72.06.09","720609 ","72.06","Bumi Raya","2024-03-02 20:05:33.162788+07","2024-03-02 20:05:33.162788+07"
"72.06.10","720610 ","72.06","Bahodopi","2024-03-02 20:05:33.162788+07","2024-03-02 20:05:33.162788+07"
"72.06.12","720612 ","72.06","Wita Ponda","2024-03-02 20:05:33.162788+07","2024-03-02 20:05:33.162788+07"
"72.06.15","720615 ","72.06","Bungku Pesisir","2024-03-02 20:05:33.162788+07","2024-03-02 20:05:33.162788+07"
"72.06.18","720618 ","72.06","Bungku Timur","2024-03-02 20:05:33.162788+07","2024-03-02 20:05:33.162788+07"
"72.07.03","720703 ","72.07","Totikum","2024-03-02 20:05:33.162788+07","2024-03-02 20:05:33.162788+07"
"72.07.04","720704 ","72.07","Tinangkung","2024-03-02 20:05:33.162788+07","2024-03-02 20:05:33.162788+07"
"72.07.05","720705 ","72.07","Liang","2024-03-02 20:05:33.162788+07","2024-03-02 20:05:33.162788+07"
"72.07.06","720706 ","72.07","Bulagi","2024-03-02 20:05:33.162788+07","2024-03-02 20:05:33.162788+07"
"72.07.07","720707 ","72.07","Buko","2024-03-02 20:05:33.162788+07","2024-03-02 20:05:33.162788+07"
"72.07.09","720709 ","72.07","Bulagi Selatan","2024-03-02 20:05:33.162788+07","2024-03-02 20:05:33.162788+07"
"72.07.11","720711 ","72.07","Tinangkung Selatan","2024-03-02 20:05:33.162788+07","2024-03-02 20:05:33.162788+07"
"72.07.15","720715 ","72.07","Totikum Selatan","2024-03-02 20:05:33.162788+07","2024-03-02 20:05:33.162788+07"
"72.07.16","720716 ","72.07","Peling Tengah","2024-03-02 20:05:33.162788+07","2024-03-02 20:05:33.162788+07"
"72.07.17","720717 ","72.07","Bulagi Utara","2024-03-02 20:05:33.162788+07","2024-03-02 20:05:33.162788+07"
"72.07.18","720718 ","72.07","Buko Selatan","2024-03-02 20:05:33.162788+07","2024-03-02 20:05:33.162788+07"
"72.07.19","720719 ","72.07","Tinangkung Utara","2024-03-02 20:05:33.162788+07","2024-03-02 20:05:33.162788+07"
"72.08.01","720801 ","72.08","Parigi","2024-03-02 20:05:33.162788+07","2024-03-02 20:05:33.162788+07"
"72.08.02","720802 ","72.08","Ampibabo","2024-03-02 20:05:33.162788+07","2024-03-02 20:05:33.162788+07"
"72.08.03","720803 ","72.08","Tinombo","2024-03-02 20:05:33.162788+07","2024-03-02 20:05:33.162788+07"
"72.08.04","720804 ","72.08","Moutong","2024-03-02 20:05:33.162788+07","2024-03-02 20:05:33.162788+07"
"72.08.05","720805 ","72.08","Tomini","2024-03-02 20:05:33.162788+07","2024-03-02 20:05:33.162788+07"
"72.08.06","720806 ","72.08","Sausu","2024-03-02 20:05:33.162788+07","2024-03-02 20:05:33.162788+07"
"72.08.07","720807 ","72.08","Bolano Lambunu","2024-03-02 20:05:33.162788+07","2024-03-02 20:05:33.162788+07"
"72.08.08","720808 ","72.08","Kasimbar","2024-03-02 20:05:33.162788+07","2024-03-02 20:05:33.162788+07"
"72.08.09","720809 ","72.08","Torue","2024-03-02 20:05:33.162788+07","2024-03-02 20:05:33.162788+07"
"72.08.10","720810 ","72.08","Tinombo Selatan","2024-03-02 20:05:33.162788+07","2024-03-02 20:05:33.162788+07"
"72.08.11","720811 ","72.08","Parigi Selatan","2024-03-02 20:05:33.162788+07","2024-03-02 20:05:33.162788+07"
"72.08.12","720812 ","72.08","Mepanga","2024-03-02 20:05:33.162788+07","2024-03-02 20:05:33.162788+07"
"72.08.13","720813 ","72.08","Toribulu","2024-03-02 20:05:33.162788+07","2024-03-02 20:05:33.162788+07"
"72.08.14","720814 ","72.08","Taopa","2024-03-02 20:05:33.162788+07","2024-03-02 20:05:33.162788+07"
"72.08.15","720815 ","72.08","Balinggi","2024-03-02 20:05:33.162788+07","2024-03-02 20:05:33.162788+07"
"72.08.16","720816 ","72.08","Parigi Barat","2024-03-02 20:05:33.162788+07","2024-03-02 20:05:33.162788+07"
"72.08.17","720817 ","72.08","Siniu","2024-03-02 20:05:33.162788+07","2024-03-02 20:05:33.162788+07"
"72.08.18","720818 ","72.08","Palasa","2024-03-02 20:05:33.162788+07","2024-03-02 20:05:33.162788+07"
"72.08.19","720819 ","72.08","Parigi Utara","2024-03-02 20:05:33.162788+07","2024-03-02 20:05:33.162788+07"
"72.08.20","720820 ","72.08","Parigi Tengah","2024-03-02 20:05:33.162788+07","2024-03-02 20:05:33.162788+07"
"72.08.21","720821 ","72.08","Bolano","2024-03-02 20:05:33.162788+07","2024-03-02 20:05:33.162788+07"
"72.08.22","720822 ","72.08","Ongka Malino","2024-03-02 20:05:33.162788+07","2024-03-02 20:05:33.162788+07"
"72.08.23","720823 ","72.08","Sidoan","2024-03-02 20:05:33.162788+07","2024-03-02 20:05:33.162788+07"
"72.09.01","720901 ","72.09","Una Una","2024-03-02 20:05:33.162788+07","2024-03-02 20:05:33.162788+07"
"72.09.02","720902 ","72.09","Togean","2024-03-02 20:05:33.162788+07","2024-03-02 20:05:33.162788+07"
"72.09.03","720903 ","72.09","Walea Kepulauan","2024-03-02 20:05:33.162788+07","2024-03-02 20:05:33.162788+07"
"72.09.04","720904 ","72.09","Ampana Tete","2024-03-02 20:05:33.162788+07","2024-03-02 20:05:33.162788+07"
"72.09.05","720905 ","72.09","Ampana Kota","2024-03-02 20:05:33.162788+07","2024-03-02 20:05:33.162788+07"
"72.09.06","720906 ","72.09","Ulubongka","2024-03-02 20:05:33.162788+07","2024-03-02 20:05:33.162788+07"
"72.09.07","720907 ","72.09","Tojo Barat","2024-03-02 20:05:33.162788+07","2024-03-02 20:05:33.162788+07"
"72.09.08","720908 ","72.09","Tojo","2024-03-02 20:05:33.162788+07","2024-03-02 20:05:33.162788+07"
"72.09.09","720909 ","72.09","Walea Besar","2024-03-02 20:05:33.162788+07","2024-03-02 20:05:33.162788+07"
"72.09.10","720910 ","72.09","Ratolindo","2024-03-02 20:05:33.162788+07","2024-03-02 20:05:33.162788+07"
"72.09.11","720911 ","72.09","Batudaka","2024-03-02 20:05:33.162788+07","2024-03-02 20:05:33.162788+07"
"72.09.12","720912 ","72.09","Talatako","2024-03-02 20:05:33.162788+07","2024-03-02 20:05:33.162788+07"
"72.10.01","721001 ","72.10","Sigi Biromaru","2024-03-02 20:05:33.162788+07","2024-03-02 20:05:33.162788+07"
"72.10.02","721002 ","72.10","Palolo","2024-03-02 20:05:33.162788+07","2024-03-02 20:05:33.162788+07"
"72.10.03","721003 ","72.10","Nokilalaki","2024-03-02 20:05:33.162788+07","2024-03-02 20:05:33.162788+07"
"72.10.04","721004 ","72.10","Lindu","2024-03-02 20:05:33.162788+07","2024-03-02 20:05:33.162788+07"
"72.10.05","721005 ","72.10","Kulawi","2024-03-02 20:05:33.162788+07","2024-03-02 20:05:33.162788+07"
"72.10.06","721006 ","72.10","Kulawi Selatan","2024-03-02 20:05:33.162788+07","2024-03-02 20:05:33.162788+07"
"72.10.07","721007 ","72.10","Pipikoro","2024-03-02 20:05:33.162788+07","2024-03-02 20:05:33.162788+07"
"72.10.08","721008 ","72.10","Gumbasa","2024-03-02 20:05:33.162788+07","2024-03-02 20:05:33.162788+07"
"72.10.09","721009 ","72.10","Dolo Selatan","2024-03-02 20:05:33.162788+07","2024-03-02 20:05:33.162788+07"
"72.10.10","721010 ","72.10","Tanambulava","2024-03-02 20:05:33.162788+07","2024-03-02 20:05:33.162788+07"
"72.10.11","721011 ","72.10","Dolo Barat","2024-03-02 20:05:33.162788+07","2024-03-02 20:05:33.162788+07"
"72.10.12","721012 ","72.10","Dolo","2024-03-02 20:05:33.162788+07","2024-03-02 20:05:33.162788+07"
"72.10.13","721013 ","72.10","Kinovaro","2024-03-02 20:05:33.162788+07","2024-03-02 20:05:33.162788+07"
"72.10.14","721014 ","72.10","Marawola","2024-03-02 20:05:33.162788+07","2024-03-02 20:05:33.162788+07"
"72.10.15","721015 ","72.10","Marawola Barat","2024-03-02 20:05:33.162788+07","2024-03-02 20:05:33.162788+07"
"72.11.01","721101 ","72.11","Banggai","2024-03-02 20:05:33.162788+07","2024-03-02 20:05:33.162788+07"
"72.11.02","721102 ","72.11","Banggai Utara","2024-03-02 20:05:33.162788+07","2024-03-02 20:05:33.162788+07"
"72.11.03","721103 ","72.11","Bokan Kepulauan","2024-03-02 20:05:33.162788+07","2024-03-02 20:05:33.162788+07"
"72.11.04","721104 ","72.11","Bangkurung","2024-03-02 20:05:33.162788+07","2024-03-02 20:05:33.162788+07"
"72.11.05","721105 ","72.11","Labobo","2024-03-02 20:05:33.162788+07","2024-03-02 20:05:33.162788+07"
"72.11.06","721106 ","72.11","Banggai Selatan","2024-03-02 20:05:33.162788+07","2024-03-02 20:05:33.162788+07"
"72.11.07","721107 ","72.11","Banggai Tengah","2024-03-02 20:05:33.162788+07","2024-03-02 20:05:33.162788+07"
"72.12.01","721201 ","72.12","Petasia","2024-03-02 20:05:33.162788+07","2024-03-02 20:05:33.162788+07"
"72.12.02","721202 ","72.12","Petasia Timur","2024-03-02 20:05:33.162788+07","2024-03-02 20:05:33.162788+07"
"72.12.03","721203 ","72.12","Lembo Raya","2024-03-02 20:05:33.162788+07","2024-03-02 20:05:33.162788+07"
"72.12.04","721204 ","72.12","Lembo","2024-03-02 20:05:33.162788+07","2024-03-02 20:05:33.162788+07"
"72.12.05","721205 ","72.12","Mori Atas","2024-03-02 20:05:33.162788+07","2024-03-02 20:05:33.162788+07"
"72.12.06","721206 ","72.12","Mori Utara","2024-03-02 20:05:33.162788+07","2024-03-02 20:05:33.162788+07"
"72.12.07","721207 ","72.12","Soyo Jaya","2024-03-02 20:05:33.162788+07","2024-03-02 20:05:33.162788+07"
"72.12.08","721208 ","72.12","Bungku Utara","2024-03-02 20:05:33.162788+07","2024-03-02 20:05:33.162788+07"
"72.12.09","721209 ","72.12","Mamosalato","2024-03-02 20:05:33.162788+07","2024-03-02 20:05:33.162788+07"
"72.12.10","721210 ","72.12","Petasia Barat","2024-03-02 20:05:33.162788+07","2024-03-02 20:05:33.162788+07"
"72.71.01","727101 ","72.71","Palu Timur","2024-03-02 20:05:33.162788+07","2024-03-02 20:05:33.162788+07"
"72.71.02","727102 ","72.71","Palu Barat","2024-03-02 20:05:33.162788+07","2024-03-02 20:05:33.162788+07"
"72.71.03","727103 ","72.71","Palu Selatan","2024-03-02 20:05:33.162788+07","2024-03-02 20:05:33.162788+07"
"72.71.04","727104 ","72.71","Palu Utara","2024-03-02 20:05:33.162788+07","2024-03-02 20:05:33.162788+07"
"72.71.05","727105 ","72.71","Ulujadi","2024-03-02 20:05:33.162788+07","2024-03-02 20:05:33.162788+07"
"72.71.06","727106 ","72.71","Tatanga","2024-03-02 20:05:33.162788+07","2024-03-02 20:05:33.162788+07"
"72.71.07","727107 ","72.71","Tawaeli","2024-03-02 20:05:33.162788+07","2024-03-02 20:05:33.162788+07"
"72.71.08","727108 ","72.71","Mantikulore","2024-03-02 20:05:33.162788+07","2024-03-02 20:05:33.162788+07"
"73.01.01","730101 ","73.01","Benteng","2024-03-02 20:05:33.162788+07","2024-03-02 20:05:33.162788+07"
"73.01.02","730102 ","73.01","Bontoharu","2024-03-02 20:05:33.162788+07","2024-03-02 20:05:33.162788+07"
"73.01.03","730103 ","73.01","Bontomatene","2024-03-02 20:05:33.162788+07","2024-03-02 20:05:33.162788+07"
"73.01.04","730104 ","73.01","Bontomanai","2024-03-02 20:05:33.162788+07","2024-03-02 20:05:33.162788+07"
"73.01.05","730105 ","73.01","Bontosikuyu","2024-03-02 20:05:33.162788+07","2024-03-02 20:05:33.162788+07"
"73.01.06","730106 ","73.01","Pasimasunggu","2024-03-02 20:05:33.162788+07","2024-03-02 20:05:33.162788+07"
"73.01.07","730107 ","73.01","Pasimarannu","2024-03-02 20:05:33.162788+07","2024-03-02 20:05:33.162788+07"
"73.01.08","730108 ","73.01","Taka Bonerate","2024-03-02 20:05:33.162788+07","2024-03-02 20:05:33.162788+07"
"73.01.09","730109 ","73.01","Pasilambena","2024-03-02 20:05:33.162788+07","2024-03-02 20:05:33.162788+07"
"73.01.10","730110 ","73.01","Pasimasunggu Timur","2024-03-02 20:05:33.162788+07","2024-03-02 20:05:33.162788+07"
"73.01.11","730111 ","73.01","Buki","2024-03-02 20:05:33.162788+07","2024-03-02 20:05:33.162788+07"
"73.02.01","730201 ","73.02","Gantorang","2024-03-02 20:05:33.162788+07","2024-03-02 20:05:33.162788+07"
"73.02.02","730202 ","73.02","Ujung Bulu","2024-03-02 20:05:33.162788+07","2024-03-02 20:05:33.162788+07"
"73.02.03","730203 ","73.02","Bonto Bahari","2024-03-02 20:05:33.162788+07","2024-03-02 20:05:33.162788+07"
"73.02.04","730204 ","73.02","Bonto Tiro","2024-03-02 20:05:33.162788+07","2024-03-02 20:05:33.162788+07"
"73.02.05","730205 ","73.02","Herlang","2024-03-02 20:05:33.162788+07","2024-03-02 20:05:33.162788+07"
"73.02.06","730206 ","73.02","Kajang","2024-03-02 20:05:33.162788+07","2024-03-02 20:05:33.162788+07"
"73.02.07","730207 ","73.02","Bulukumpa","2024-03-02 20:05:33.162788+07","2024-03-02 20:05:33.162788+07"
"73.02.08","730208 ","73.02","Kindang","2024-03-02 20:05:33.162788+07","2024-03-02 20:05:33.162788+07"
"73.02.09","730209 ","73.02","Ujungloe","2024-03-02 20:05:33.162788+07","2024-03-02 20:05:33.162788+07"
"73.02.10","730210 ","73.02","Rilauale","2024-03-02 20:05:33.162788+07","2024-03-02 20:05:33.162788+07"
"73.03.01","730301 ","73.03","Bissappu","2024-03-02 20:05:33.162788+07","2024-03-02 20:05:33.162788+07"
"73.03.02","730302 ","73.03","Bantaeng","2024-03-02 20:05:33.162788+07","2024-03-02 20:05:33.162788+07"
"73.03.03","730303 ","73.03","Eremerasa","2024-03-02 20:05:33.162788+07","2024-03-02 20:05:33.162788+07"
"73.03.04","730304 ","73.03","Tompo Bulu","2024-03-02 20:05:33.162788+07","2024-03-02 20:05:33.162788+07"
"73.03.05","730305 ","73.03","Pajukukang","2024-03-02 20:05:33.162788+07","2024-03-02 20:05:33.162788+07"
"73.03.06","730306 ","73.03","Uluere","2024-03-02 20:05:33.162788+07","2024-03-02 20:05:33.162788+07"
"73.03.07","730307 ","73.03","Gantarang Keke","2024-03-02 20:05:33.162788+07","2024-03-02 20:05:33.162788+07"
"73.03.08","730308 ","73.03","Sinoa","2024-03-02 20:05:33.162788+07","2024-03-02 20:05:33.162788+07"
"73.04.01","730401 ","73.04","Bangkala","2024-03-02 20:05:33.162788+07","2024-03-02 20:05:33.162788+07"
"73.04.02","730402 ","73.04","Tamalatea","2024-03-02 20:05:33.162788+07","2024-03-02 20:05:33.162788+07"
"73.04.03","730403 ","73.04","Binamu","2024-03-02 20:05:33.162788+07","2024-03-02 20:05:33.162788+07"
"73.04.04","730404 ","73.04","Batang","2024-03-02 20:05:33.162788+07","2024-03-02 20:05:33.162788+07"
"73.04.05","730405 ","73.04","Kelara","2024-03-02 20:05:33.162788+07","2024-03-02 20:05:33.162788+07"
"73.04.06","730406 ","73.04","Bangkala Barat","2024-03-02 20:05:33.162788+07","2024-03-02 20:05:33.162788+07"
"73.04.07","730407 ","73.04","Bontoramba","2024-03-02 20:05:33.162788+07","2024-03-02 20:05:33.162788+07"
"73.04.08","730408 ","73.04","Turatea","2024-03-02 20:05:33.162788+07","2024-03-02 20:05:33.162788+07"
"73.04.09","730409 ","73.04","Arungkeke","2024-03-02 20:05:33.162788+07","2024-03-02 20:05:33.162788+07"
"73.04.10","730410 ","73.04","Rumbia","2024-03-02 20:05:33.162788+07","2024-03-02 20:05:33.162788+07"
"73.04.11","730411 ","73.04","Tarowang","2024-03-02 20:05:33.162788+07","2024-03-02 20:05:33.162788+07"
"73.05.01","730501 ","73.05","Mappakasunggu","2024-03-02 20:05:33.162788+07","2024-03-02 20:05:33.162788+07"
"73.05.02","730502 ","73.05","Mangarabombang","2024-03-02 20:05:33.162788+07","2024-03-02 20:05:33.162788+07"
"73.05.03","730503 ","73.05","Polombangkeng Selatan","2024-03-02 20:05:33.162788+07","2024-03-02 20:05:33.162788+07"
"73.05.04","730504 ","73.05","Polombangkeng Utara","2024-03-02 20:05:33.162788+07","2024-03-02 20:05:33.162788+07"
"73.05.05","730505 ","73.05","Galesong Selatan","2024-03-02 20:05:33.162788+07","2024-03-02 20:05:33.162788+07"
"73.05.06","730506 ","73.05","Galesong Utara","2024-03-02 20:05:33.162788+07","2024-03-02 20:05:33.162788+07"
"73.05.07","730507 ","73.05","Pattallassang","2024-03-02 20:05:33.162788+07","2024-03-02 20:05:33.162788+07"
"73.05.08","730508 ","73.05","Sanrobone","2024-03-02 20:05:33.162788+07","2024-03-02 20:05:33.162788+07"
"73.05.09","730509 ","73.05","Galesong","2024-03-02 20:05:33.162788+07","2024-03-02 20:05:33.162788+07"
"73.05.10","730510 ","73.05","Kepulauan Tanakeke","2024-03-02 20:05:33.162788+07","2024-03-02 20:05:33.162788+07"
"73.05.11","730511 ","73.05","Polongbangkeng Timur","2024-03-02 20:05:33.162788+07","2024-03-02 20:05:33.162788+07"
"73.05.12","730512 ","73.05","Laikang","2024-03-02 20:05:33.162788+07","2024-03-02 20:05:33.162788+07"
"73.06.01","730601 ","73.06","Bontonompo","2024-03-02 20:05:33.162788+07","2024-03-02 20:05:33.162788+07"
"73.06.02","730602 ","73.06","Bajeng","2024-03-02 20:05:33.162788+07","2024-03-02 20:05:33.162788+07"
"73.06.03","730603 ","73.06","Tompobullu","2024-03-02 20:05:33.162788+07","2024-03-02 20:05:33.162788+07"
"73.06.04","730604 ","73.06","Tinggimoncong","2024-03-02 20:05:33.162788+07","2024-03-02 20:05:33.162788+07"
"73.06.05","730605 ","73.06","Parangloe","2024-03-02 20:05:33.162788+07","2024-03-02 20:05:33.162788+07"
"73.06.06","730606 ","73.06","Bontomarannu","2024-03-02 20:05:33.162788+07","2024-03-02 20:05:33.162788+07"
"73.06.07","730607 ","73.06","Palangga","2024-03-02 20:05:33.162788+07","2024-03-02 20:05:33.162788+07"
"73.06.08","730608 ","73.06","Somba Upu","2024-03-02 20:05:33.162788+07","2024-03-02 20:05:33.162788+07"
"73.06.09","730609 ","73.06","Bungaya","2024-03-02 20:05:33.162788+07","2024-03-02 20:05:33.162788+07"
"73.06.10","730610 ","73.06","Tombolopao","2024-03-02 20:05:33.162788+07","2024-03-02 20:05:33.162788+07"
"73.06.11","730611 ","73.06","Biringbulu","2024-03-02 20:05:33.162788+07","2024-03-02 20:05:33.162788+07"
"73.06.12","730612 ","73.06","Barombong","2024-03-02 20:05:33.162788+07","2024-03-02 20:05:33.162788+07"
"73.06.13","730613 ","73.06","Pattalasang","2024-03-02 20:05:33.162788+07","2024-03-02 20:05:33.162788+07"
"73.06.14","730614 ","73.06","Manuju","2024-03-02 20:05:33.162788+07","2024-03-02 20:05:33.162788+07"
"73.06.15","730615 ","73.06","Bontolempangang","2024-03-02 20:05:33.162788+07","2024-03-02 20:05:33.162788+07"
"73.06.16","730616 ","73.06","Bontonompo Selatan","2024-03-02 20:05:33.162788+07","2024-03-02 20:05:33.162788+07"
"73.06.17","730617 ","73.06","Parigi","2024-03-02 20:05:33.162788+07","2024-03-02 20:05:33.162788+07"
"73.06.18","730618 ","73.06","Bajeng Barat","2024-03-02 20:05:33.162788+07","2024-03-02 20:05:33.162788+07"
"73.07.01","730701 ","73.07","Sinjai Barat","2024-03-02 20:05:33.162788+07","2024-03-02 20:05:33.162788+07"
"73.07.02","730702 ","73.07","Sinjai Selatan","2024-03-02 20:05:33.162788+07","2024-03-02 20:05:33.162788+07"
"73.07.03","730703 ","73.07","Sinjai Timur","2024-03-02 20:05:33.162788+07","2024-03-02 20:05:33.162788+07"
"73.07.04","730704 ","73.07","Sinjai Tengah","2024-03-02 20:05:33.162788+07","2024-03-02 20:05:33.162788+07"
"73.07.05","730705 ","73.07","Sinjai Utara","2024-03-02 20:05:33.162788+07","2024-03-02 20:05:33.162788+07"
"73.07.06","730706 ","73.07","Bulupoddo","2024-03-02 20:05:33.162788+07","2024-03-02 20:05:33.162788+07"
"73.07.07","730707 ","73.07","Sinjai Borong","2024-03-02 20:05:33.162788+07","2024-03-02 20:05:33.162788+07"
"73.07.08","730708 ","73.07","Tellu Limpoe","2024-03-02 20:05:33.162788+07","2024-03-02 20:05:33.162788+07"
"73.07.09","730709 ","73.07","Pulau Sembilan","2024-03-02 20:05:33.162788+07","2024-03-02 20:05:33.162788+07"
"73.08.01","730801 ","73.08","Bontocani","2024-03-02 20:05:33.162788+07","2024-03-02 20:05:33.162788+07"
"73.08.02","730802 ","73.08","Kahu","2024-03-02 20:05:33.162788+07","2024-03-02 20:05:33.162788+07"
"73.08.03","730803 ","73.08","Kajuara","2024-03-02 20:05:33.162788+07","2024-03-02 20:05:33.162788+07"
"73.08.04","730804 ","73.08","Salomekko","2024-03-02 20:05:33.162788+07","2024-03-02 20:05:33.162788+07"
"73.08.05","730805 ","73.08","Tonra","2024-03-02 20:05:33.162788+07","2024-03-02 20:05:33.162788+07"
"73.08.06","730806 ","73.08","Libureng","2024-03-02 20:05:33.162788+07","2024-03-02 20:05:33.162788+07"
"73.08.07","730807 ","73.08","Mare","2024-03-02 20:05:33.162788+07","2024-03-02 20:05:33.162788+07"
"73.08.08","730808 ","73.08","Sibulue","2024-03-02 20:05:33.162788+07","2024-03-02 20:05:33.162788+07"
"73.08.09","730809 ","73.08","Barebbo","2024-03-02 20:05:33.162788+07","2024-03-02 20:05:33.162788+07"
"73.08.10","730810 ","73.08","Cina","2024-03-02 20:05:33.162788+07","2024-03-02 20:05:33.162788+07"
"73.08.11","730811 ","73.08","Ponre","2024-03-02 20:05:33.162788+07","2024-03-02 20:05:33.162788+07"
"73.08.12","730812 ","73.08","Lappariaja","2024-03-02 20:05:33.162788+07","2024-03-02 20:05:33.162788+07"
"73.08.13","730813 ","73.08","Lamuru","2024-03-02 20:05:33.162788+07","2024-03-02 20:05:33.162788+07"
"73.08.14","730814 ","73.08","Ulaweng","2024-03-02 20:05:33.162788+07","2024-03-02 20:05:33.162788+07"
"73.08.15","730815 ","73.08","Palakka","2024-03-02 20:05:33.162788+07","2024-03-02 20:05:33.162788+07"
"73.08.16","730816 ","73.08","Awangpone","2024-03-02 20:05:33.162788+07","2024-03-02 20:05:33.162788+07"
"73.08.17","730817 ","73.08","Tellu Siattinge","2024-03-02 20:05:33.162788+07","2024-03-02 20:05:33.162788+07"
"73.08.18","730818 ","73.08","Ajangale","2024-03-02 20:05:33.162788+07","2024-03-02 20:05:33.162788+07"
"73.08.19","730819 ","73.08","Dua Boccoe","2024-03-02 20:05:33.162788+07","2024-03-02 20:05:33.162788+07"
"73.08.20","730820 ","73.08","Cenrana","2024-03-02 20:05:33.162788+07","2024-03-02 20:05:33.162788+07"
"73.08.21","730821 ","73.08","Tanete Riattang","2024-03-02 20:05:33.162788+07","2024-03-02 20:05:33.162788+07"
"73.08.22","730822 ","73.08","Tanete Riattang Barat","2024-03-02 20:05:33.162788+07","2024-03-02 20:05:33.162788+07"
"73.08.23","730823 ","73.08","Tanete Riattang Timur","2024-03-02 20:05:33.162788+07","2024-03-02 20:05:33.162788+07"
"73.08.24","730824 ","73.08","Amali","2024-03-02 20:05:33.162788+07","2024-03-02 20:05:33.162788+07"
"73.08.25","730825 ","73.08","Tellulimpoe","2024-03-02 20:05:33.162788+07","2024-03-02 20:05:33.162788+07"
"73.08.26","730826 ","73.08","Bengo","2024-03-02 20:05:33.162788+07","2024-03-02 20:05:33.162788+07"
"73.08.27","730827 ","73.08","Patimpeng","2024-03-02 20:05:33.162788+07","2024-03-02 20:05:33.162788+07"
"73.09.01","730901 ","73.09","Mandai","2024-03-02 20:05:33.162788+07","2024-03-02 20:05:33.162788+07"
"73.09.02","730902 ","73.09","Camba","2024-03-02 20:05:33.162788+07","2024-03-02 20:05:33.162788+07"
"73.09.03","730903 ","73.09","Bantimurung","2024-03-02 20:05:33.162788+07","2024-03-02 20:05:33.162788+07"
"73.09.04","730904 ","73.09","Maros Baru","2024-03-02 20:05:33.162788+07","2024-03-02 20:05:33.162788+07"
"73.09.05","730905 ","73.09","Bontoa","2024-03-02 20:05:33.162788+07","2024-03-02 20:05:33.162788+07"
"73.09.06","730906 ","73.09","Malllawa","2024-03-02 20:05:33.162788+07","2024-03-02 20:05:33.162788+07"
"73.09.07","730907 ","73.09","Tanralili","2024-03-02 20:05:33.162788+07","2024-03-02 20:05:33.162788+07"
"73.09.08","730908 ","73.09","Marusu","2024-03-02 20:05:33.162788+07","2024-03-02 20:05:33.162788+07"
"73.09.09","730909 ","73.09","Simbang","2024-03-02 20:05:33.162788+07","2024-03-02 20:05:33.162788+07"
"73.09.10","730910 ","73.09","Cenrana","2024-03-02 20:05:33.162788+07","2024-03-02 20:05:33.162788+07"
"73.09.11","730911 ","73.09","Tompobulu","2024-03-02 20:05:33.162788+07","2024-03-02 20:05:33.162788+07"
"73.09.12","730912 ","73.09","Lau","2024-03-02 20:05:33.162788+07","2024-03-02 20:05:33.162788+07"
"73.09.13","730913 ","73.09","Moncong Loe","2024-03-02 20:05:33.162788+07","2024-03-02 20:05:33.162788+07"
"73.09.14","730914 ","73.09","Turikale","2024-03-02 20:05:33.162788+07","2024-03-02 20:05:33.162788+07"
"73.10.01","731001 ","73.10","Liukang Tangaya","2024-03-02 20:05:33.162788+07","2024-03-02 20:05:33.162788+07"
"73.10.02","731002 ","73.10","Liukang Kalmas","2024-03-02 20:05:33.162788+07","2024-03-02 20:05:33.162788+07"
"73.10.03","731003 ","73.10","Liukang Tupabbiring","2024-03-02 20:05:33.162788+07","2024-03-02 20:05:33.162788+07"
"73.10.04","731004 ","73.10","Pangkajene","2024-03-02 20:05:33.162788+07","2024-03-02 20:05:33.162788+07"
"73.10.05","731005 ","73.10","Balocci","2024-03-02 20:05:33.162788+07","2024-03-02 20:05:33.162788+07"
"73.10.06","731006 ","73.10","Bungoro","2024-03-02 20:05:33.162788+07","2024-03-02 20:05:33.162788+07"
"73.10.07","731007 ","73.10","Labakkang","2024-03-02 20:05:33.162788+07","2024-03-02 20:05:33.162788+07"
"73.10.08","731008 ","73.10","Marang","2024-03-02 20:05:33.162788+07","2024-03-02 20:05:33.162788+07"
"73.10.09","731009 ","73.10","Segeri","2024-03-02 20:05:33.162788+07","2024-03-02 20:05:33.162788+07"
"73.10.10","731010 ","73.10","Minasa Tene","2024-03-02 20:05:33.162788+07","2024-03-02 20:05:33.162788+07"
"73.10.11","731011 ","73.10","Mandalle","2024-03-02 20:05:33.162788+07","2024-03-02 20:05:33.162788+07"
"73.10.12","731012 ","73.10","Tondong Tallasa","2024-03-02 20:05:33.162788+07","2024-03-02 20:05:33.162788+07"
"73.10.13","731013 ","73.10","Liukang Tupabbiring Utara","2024-03-02 20:05:33.162788+07","2024-03-02 20:05:33.162788+07"
"73.11.01","731101 ","73.11","Tanete Riaja","2024-03-02 20:05:33.162788+07","2024-03-02 20:05:33.162788+07"
"73.11.02","731102 ","73.11","Tanete Rilau","2024-03-02 20:05:33.162788+07","2024-03-02 20:05:33.162788+07"
"73.11.03","731103 ","73.11","Barru","2024-03-02 20:05:33.162788+07","2024-03-02 20:05:33.162788+07"
"73.11.04","731104 ","73.11","Soppeng Riaja","2024-03-02 20:05:33.162788+07","2024-03-02 20:05:33.162788+07"
"73.11.05","731105 ","73.11","Mallusetasi","2024-03-02 20:05:33.162788+07","2024-03-02 20:05:33.162788+07"
"73.11.06","731106 ","73.11","Pujananting","2024-03-02 20:05:33.162788+07","2024-03-02 20:05:33.162788+07"
"73.11.07","731107 ","73.11","Balusu","2024-03-02 20:05:33.162788+07","2024-03-02 20:05:33.162788+07"
"73.12.01","731201 ","73.12","Marioriwawo","2024-03-02 20:05:33.162788+07","2024-03-02 20:05:33.162788+07"
"73.12.02","731202 ","73.12","Liliraja","2024-03-02 20:05:33.162788+07","2024-03-02 20:05:33.162788+07"
"73.12.03","731203 ","73.12","Lilirilau","2024-03-02 20:05:33.162788+07","2024-03-02 20:05:33.162788+07"
"73.12.04","731204 ","73.12","Lalabata","2024-03-02 20:05:33.162788+07","2024-03-02 20:05:33.162788+07"
"73.12.05","731205 ","73.12","Marioriawa","2024-03-02 20:05:33.162788+07","2024-03-02 20:05:33.162788+07"
"73.12.06","731206 ","73.12","Donri Donri","2024-03-02 20:05:33.162788+07","2024-03-02 20:05:33.162788+07"
"73.12.07","731207 ","73.12","Ganra","2024-03-02 20:05:33.162788+07","2024-03-02 20:05:33.162788+07"
"73.12.08","731208 ","73.12","Citta","2024-03-02 20:05:33.162788+07","2024-03-02 20:05:33.162788+07"
"73.13.01","731301 ","73.13","Sabangparu","2024-03-02 20:05:33.162788+07","2024-03-02 20:05:33.162788+07"
"73.13.02","731302 ","73.13","Pammana","2024-03-02 20:05:33.162788+07","2024-03-02 20:05:33.162788+07"
"73.13.03","731303 ","73.13","Takkalalla","2024-03-02 20:05:33.162788+07","2024-03-02 20:05:33.162788+07"
"73.13.04","731304 ","73.13","Sajoanging","2024-03-02 20:05:33.162788+07","2024-03-02 20:05:33.162788+07"
"73.13.05","731305 ","73.13","Majauleng","2024-03-02 20:05:33.162788+07","2024-03-02 20:05:33.162788+07"
"73.13.06","731306 ","73.13","Tempe","2024-03-02 20:05:33.162788+07","2024-03-02 20:05:33.162788+07"
"73.13.07","731307 ","73.13","Belawa","2024-03-02 20:05:33.162788+07","2024-03-02 20:05:33.162788+07"
"73.13.08","731308 ","73.13","Tanasitolo","2024-03-02 20:05:33.162788+07","2024-03-02 20:05:33.162788+07"
"73.13.09","731309 ","73.13","Maniangpajo","2024-03-02 20:05:33.162788+07","2024-03-02 20:05:33.162788+07"
"73.13.10","731310 ","73.13","Pitumpanua","2024-03-02 20:05:33.162788+07","2024-03-02 20:05:33.162788+07"
"73.13.11","731311 ","73.13","Bola","2024-03-02 20:05:33.162788+07","2024-03-02 20:05:33.162788+07"
"73.13.12","731312 ","73.13","Penrang","2024-03-02 20:05:33.162788+07","2024-03-02 20:05:33.162788+07"
"73.13.13","731313 ","73.13","Gilireng","2024-03-02 20:05:33.162788+07","2024-03-02 20:05:33.162788+07"
"73.13.14","731314 ","73.13","Keera","2024-03-02 20:05:33.162788+07","2024-03-02 20:05:33.162788+07"
"73.14.01","731401 ","73.14","Panca Lautang","2024-03-02 20:05:33.162788+07","2024-03-02 20:05:33.162788+07"
"73.14.02","731402 ","73.14","Tellu Limpoe","2024-03-02 20:05:33.162788+07","2024-03-02 20:05:33.162788+07"
"73.14.03","731403 ","73.14","Watang Pulu","2024-03-02 20:05:33.162788+07","2024-03-02 20:05:33.162788+07"
"73.14.04","731404 ","73.14","Baranti","2024-03-02 20:05:33.162788+07","2024-03-02 20:05:33.162788+07"
"73.14.05","731405 ","73.14","Panca Rijang","2024-03-02 20:05:33.162788+07","2024-03-02 20:05:33.162788+07"
"73.14.06","731406 ","73.14","Kulo","2024-03-02 20:05:33.162788+07","2024-03-02 20:05:33.162788+07"
"73.14.07","731407 ","73.14","Maritengngae","2024-03-02 20:05:33.162788+07","2024-03-02 20:05:33.162788+07"
"73.14.08","731408 ","73.14","Watang Sidenreng","2024-03-02 20:05:33.162788+07","2024-03-02 20:05:33.162788+07"
"73.14.09","731409 ","73.14","Dua Pitue","2024-03-02 20:05:33.162788+07","2024-03-02 20:05:33.162788+07"
"73.14.10","731410 ","73.14","Pitu Riawa","2024-03-02 20:05:33.162788+07","2024-03-02 20:05:33.162788+07"
"73.14.11","731411 ","73.14","Pitu Riase","2024-03-02 20:05:33.162788+07","2024-03-02 20:05:33.162788+07"
"73.15.01","731501 ","73.15","Matirro Sompe","2024-03-02 20:05:33.162788+07","2024-03-02 20:05:33.162788+07"
"73.15.02","731502 ","73.15","Suppa","2024-03-02 20:05:33.162788+07","2024-03-02 20:05:33.162788+07"
"73.15.03","731503 ","73.15","Mattiro Bulu","2024-03-02 20:05:33.162788+07","2024-03-02 20:05:33.162788+07"
"73.15.04","731504 ","73.15","Watang Sawito","2024-03-02 20:05:33.162788+07","2024-03-02 20:05:33.162788+07"
"73.15.05","731505 ","73.15","Patampanua","2024-03-02 20:05:33.162788+07","2024-03-02 20:05:33.162788+07"
"73.15.06","731506 ","73.15","Duampanua","2024-03-02 20:05:33.162788+07","2024-03-02 20:05:33.162788+07"
"73.15.07","731507 ","73.15","Lembang","2024-03-02 20:05:33.162788+07","2024-03-02 20:05:33.162788+07"
"73.15.08","731508 ","73.15","Cempa","2024-03-02 20:05:33.162788+07","2024-03-02 20:05:33.162788+07"
"73.15.09","731509 ","73.15","Tiroang","2024-03-02 20:05:33.162788+07","2024-03-02 20:05:33.162788+07"
"73.15.10","731510 ","73.15","Lanrisang","2024-03-02 20:05:33.162788+07","2024-03-02 20:05:33.162788+07"
"73.15.11","731511 ","73.15","Paleteang","2024-03-02 20:05:33.162788+07","2024-03-02 20:05:33.162788+07"
"73.15.12","731512 ","73.15","Batu Lappa","2024-03-02 20:05:33.162788+07","2024-03-02 20:05:33.162788+07"
"73.16.01","731601 ","73.16","Maiwa","2024-03-02 20:05:33.162788+07","2024-03-02 20:05:33.162788+07"
"73.16.02","731602 ","73.16","Enrekang","2024-03-02 20:05:33.162788+07","2024-03-02 20:05:33.162788+07"
"73.16.03","731603 ","73.16","Baraka","2024-03-02 20:05:33.162788+07","2024-03-02 20:05:33.162788+07"
"73.16.04","731604 ","73.16","Anggeraja","2024-03-02 20:05:33.162788+07","2024-03-02 20:05:33.162788+07"
"73.16.05","731605 ","73.16","Alla","2024-03-02 20:05:33.162788+07","2024-03-02 20:05:33.162788+07"
"73.16.06","731606 ","73.16","Bungin","2024-03-02 20:05:33.162788+07","2024-03-02 20:05:33.162788+07"
"73.16.07","731607 ","73.16","Cendana","2024-03-02 20:05:33.162788+07","2024-03-02 20:05:33.162788+07"
"73.16.08","731608 ","73.16","Curio","2024-03-02 20:05:33.162788+07","2024-03-02 20:05:33.162788+07"
"73.16.09","731609 ","73.16","Malua","2024-03-02 20:05:33.162788+07","2024-03-02 20:05:33.162788+07"
"73.16.10","731610 ","73.16","Buntu Batu","2024-03-02 20:05:33.162788+07","2024-03-02 20:05:33.162788+07"
"73.16.11","731611 ","73.16","Masalle","2024-03-02 20:05:33.162788+07","2024-03-02 20:05:33.162788+07"
"73.16.12","731612 ","73.16","Baroko","2024-03-02 20:05:33.162788+07","2024-03-02 20:05:33.162788+07"
"73.17.01","731701 ","73.17","Basse Sangtempe","2024-03-02 20:05:33.162788+07","2024-03-02 20:05:33.162788+07"
"73.17.02","731702 ","73.17","Larompong","2024-03-02 20:05:33.162788+07","2024-03-02 20:05:33.162788+07"
"73.17.03","731703 ","73.17","Suli","2024-03-02 20:05:33.162788+07","2024-03-02 20:05:33.162788+07"
"73.17.04","731704 ","73.17","Bajo","2024-03-02 20:05:33.162788+07","2024-03-02 20:05:33.162788+07"
"73.17.05","731705 ","73.17","Bua Ponrang","2024-03-02 20:05:33.162788+07","2024-03-02 20:05:33.162788+07"
"73.17.06","731706 ","73.17","Walenrang","2024-03-02 20:05:33.162788+07","2024-03-02 20:05:33.162788+07"
"73.17.07","731707 ","73.17","Belopa","2024-03-02 20:05:33.162788+07","2024-03-02 20:05:33.162788+07"
"73.17.08","731708 ","73.17","Bua","2024-03-02 20:05:33.162788+07","2024-03-02 20:05:33.162788+07"
"73.17.09","731709 ","73.17","Lamasi","2024-03-02 20:05:33.162788+07","2024-03-02 20:05:33.162788+07"
"73.17.10","731710 ","73.17","Larompong Selatan","2024-03-02 20:05:33.162788+07","2024-03-02 20:05:33.162788+07"
"73.17.11","731711 ","73.17","Ponrang","2024-03-02 20:05:33.162788+07","2024-03-02 20:05:33.162788+07"
"73.17.12","731712 ","73.17","Latimojong","2024-03-02 20:05:33.162788+07","2024-03-02 20:05:33.162788+07"
"73.17.13","731713 ","73.17","Kamanre","2024-03-02 20:05:33.162788+07","2024-03-02 20:05:33.162788+07"
"73.17.14","731714 ","73.17","Belopa Utara","2024-03-02 20:05:33.162788+07","2024-03-02 20:05:33.162788+07"
"73.17.15","731715 ","73.17","Walenrang Barat","2024-03-02 20:05:33.162788+07","2024-03-02 20:05:33.162788+07"
"73.17.16","731716 ","73.17","Walenrang Utara","2024-03-02 20:05:33.162788+07","2024-03-02 20:05:33.162788+07"
"73.17.17","731717 ","73.17","Walenrang Timur","2024-03-02 20:05:33.162788+07","2024-03-02 20:05:33.162788+07"
"73.17.18","731718 ","73.17","Lamasi Timur","2024-03-02 20:05:33.162788+07","2024-03-02 20:05:33.162788+07"
"73.17.19","731719 ","73.17","Suli Barat","2024-03-02 20:05:33.162788+07","2024-03-02 20:05:33.162788+07"
"73.17.20","731720 ","73.17","Bajo Barat","2024-03-02 20:05:33.162788+07","2024-03-02 20:05:33.162788+07"
"73.17.21","731721 ","73.17","Ponrang Selatan","2024-03-02 20:05:33.162788+07","2024-03-02 20:05:33.162788+07"
"73.17.22","731722 ","73.17","Basse Sangtempe Utara","2024-03-02 20:05:33.162788+07","2024-03-02 20:05:33.162788+07"
"73.18.01","731801 ","73.18","Saluputi","2024-03-02 20:05:33.162788+07","2024-03-02 20:05:33.162788+07"
"73.18.02","731802 ","73.18","Bittuang","2024-03-02 20:05:33.162788+07","2024-03-02 20:05:33.162788+07"
"73.18.03","731803 ","73.18","Bonggakaradeng","2024-03-02 20:05:33.162788+07","2024-03-02 20:05:33.162788+07"
"73.18.05","731805 ","73.18","Makale","2024-03-02 20:05:33.162788+07","2024-03-02 20:05:33.162788+07"
"73.18.09","731809 ","73.18","Simbuang","2024-03-02 20:05:33.162788+07","2024-03-02 20:05:33.162788+07"
"73.18.11","731811 ","73.18","Rantetayo","2024-03-02 20:05:33.162788+07","2024-03-02 20:05:33.162788+07"
"73.18.12","731812 ","73.18","Mengkendek","2024-03-02 20:05:33.162788+07","2024-03-02 20:05:33.162788+07"
"73.18.13","731813 ","73.18","Sangalla","2024-03-02 20:05:33.162788+07","2024-03-02 20:05:33.162788+07"
"73.18.19","731819 ","73.18","Gandangbatu Sillanan","2024-03-02 20:05:33.162788+07","2024-03-02 20:05:33.162788+07"
"73.18.20","731820 ","73.18","Rembon","2024-03-02 20:05:33.162788+07","2024-03-02 20:05:33.162788+07"
"73.18.27","731827 ","73.18","Makale Utara","2024-03-02 20:05:33.162788+07","2024-03-02 20:05:33.162788+07"
"73.18.28","731828 ","73.18","Mappak","2024-03-02 20:05:33.162788+07","2024-03-02 20:05:33.162788+07"
"73.18.29","731829 ","73.18","Makale Selatan","2024-03-02 20:05:33.162788+07","2024-03-02 20:05:33.162788+07"
"73.18.31","731831 ","73.18","Masanda","2024-03-02 20:05:33.162788+07","2024-03-02 20:05:33.162788+07"
"73.18.33","731833 ","73.18","Sangalla Selatan","2024-03-02 20:05:33.162788+07","2024-03-02 20:05:33.162788+07"
"73.18.34","731834 ","73.18","Sangalla Utara","2024-03-02 20:05:33.162788+07","2024-03-02 20:05:33.162788+07"
"73.18.35","731835 ","73.18","Malimbong Balepe","2024-03-02 20:05:33.162788+07","2024-03-02 20:05:33.162788+07"
"73.18.37","731837 ","73.18","Rano","2024-03-02 20:05:33.162788+07","2024-03-02 20:05:33.162788+07"
"73.18.38","731838 ","73.18","Kurra","2024-03-02 20:05:33.162788+07","2024-03-02 20:05:33.162788+07"
"73.22.01","732201 ","73.22","Malangke","2024-03-02 20:05:33.162788+07","2024-03-02 20:05:33.162788+07"
"73.22.02","732202 ","73.22","Bone Bone","2024-03-02 20:05:33.162788+07","2024-03-02 20:05:33.162788+07"
"73.22.03","732203 ","73.22","Masamba","2024-03-02 20:05:33.162788+07","2024-03-02 20:05:33.162788+07"
"73.22.04","732204 ","73.22","Sabbang","2024-03-02 20:05:33.162788+07","2024-03-02 20:05:33.162788+07"
"73.22.05","732205 ","73.22","Limbong","2024-03-02 20:05:33.162788+07","2024-03-02 20:05:33.162788+07"
"73.22.06","732206 ","73.22","Sukamaju","2024-03-02 20:05:33.162788+07","2024-03-02 20:05:33.162788+07"
"73.22.07","732207 ","73.22","Seko","2024-03-02 20:05:33.162788+07","2024-03-02 20:05:33.162788+07"
"73.22.08","732208 ","73.22","Malangke Barat","2024-03-02 20:05:33.162788+07","2024-03-02 20:05:33.162788+07"
"73.22.09","732209 ","73.22","Rampi","2024-03-02 20:05:33.162788+07","2024-03-02 20:05:33.162788+07"
"73.22.10","732210 ","73.22","Mappedeceng","2024-03-02 20:05:33.162788+07","2024-03-02 20:05:33.162788+07"
"73.22.11","732211 ","73.22","Baebunta","2024-03-02 20:05:33.162788+07","2024-03-02 20:05:33.162788+07"
"73.22.12","732212 ","73.22","Tana Lili","2024-03-02 20:05:33.162788+07","2024-03-02 20:05:33.162788+07"
"73.22.13","732213 ","73.22","Sukamaju Selatan","2024-03-02 20:05:33.162788+07","2024-03-02 20:05:33.162788+07"
"73.22.14","732214 ","73.22","Baebunta Selatan","2024-03-02 20:05:33.162788+07","2024-03-02 20:05:33.162788+07"
"73.22.15","732215 ","73.22","Sabbang Selatan","2024-03-02 20:05:33.162788+07","2024-03-02 20:05:33.162788+07"
"73.24.01","732401 ","73.24","Mangkutana","2024-03-02 20:05:33.162788+07","2024-03-02 20:05:33.162788+07"
"73.24.02","732402 ","73.24","Nuha","2024-03-02 20:05:33.162788+07","2024-03-02 20:05:33.162788+07"
"73.24.03","732403 ","73.24","Towuti","2024-03-02 20:05:33.162788+07","2024-03-02 20:05:33.162788+07"
"73.24.04","732404 ","73.24","Malili","2024-03-02 20:05:33.162788+07","2024-03-02 20:05:33.162788+07"
"73.24.05","732405 ","73.24","Angkona","2024-03-02 20:05:33.162788+07","2024-03-02 20:05:33.162788+07"
"73.24.06","732406 ","73.24","Wotu","2024-03-02 20:05:33.162788+07","2024-03-02 20:05:33.162788+07"
"73.24.07","732407 ","73.24","Burau","2024-03-02 20:05:33.162788+07","2024-03-02 20:05:33.162788+07"
"73.24.08","732408 ","73.24","Tomoni","2024-03-02 20:05:33.162788+07","2024-03-02 20:05:33.162788+07"
"73.24.09","732409 ","73.24","Tomoni Timur","2024-03-02 20:05:33.162788+07","2024-03-02 20:05:33.162788+07"
"73.24.10","732410 ","73.24","Kalaena","2024-03-02 20:05:33.162788+07","2024-03-02 20:05:33.162788+07"
"73.24.11","732411 ","73.24","Wasuponda","2024-03-02 20:05:33.162788+07","2024-03-02 20:05:33.162788+07"
"73.26.01","732601 ","73.26","Rantepao","2024-03-02 20:05:33.162788+07","2024-03-02 20:05:33.162788+07"
"73.26.02","732602 ","73.26","Sesean","2024-03-02 20:05:33.162788+07","2024-03-02 20:05:33.162788+07"
"73.26.03","732603 ","73.26","Nanggala","2024-03-02 20:05:33.162788+07","2024-03-02 20:05:33.162788+07"
"73.26.04","732604 ","73.26","Rindingallo","2024-03-02 20:05:33.162788+07","2024-03-02 20:05:33.162788+07"
"73.26.05","732605 ","73.26","Buntao","2024-03-02 20:05:33.162788+07","2024-03-02 20:05:33.162788+07"
"73.26.06","732606 ","73.26","Sa'dan","2024-03-02 20:05:33.162788+07","2024-03-02 20:05:33.162788+07"
"73.26.07","732607 ","73.26","Sanggalangi","2024-03-02 20:05:33.162788+07","2024-03-02 20:05:33.162788+07"
"73.26.08","732608 ","73.26","Sopai","2024-03-02 20:05:33.162788+07","2024-03-02 20:05:33.162788+07"
"73.26.09","732609 ","73.26","Tikala","2024-03-02 20:05:33.162788+07","2024-03-02 20:05:33.162788+07"
"73.26.10","732610 ","73.26","Balusu","2024-03-02 20:05:33.162788+07","2024-03-02 20:05:33.162788+07"
"73.26.11","732611 ","73.26","Tallunglipu","2024-03-02 20:05:33.162788+07","2024-03-02 20:05:33.162788+07"
"73.26.12","732612 ","73.26","Dende' Piongan Napo","2024-03-02 20:05:33.162788+07","2024-03-02 20:05:33.162788+07"
"73.26.13","732613 ","73.26","Buntu Pepasan","2024-03-02 20:05:33.162788+07","2024-03-02 20:05:33.162788+07"
"73.26.14","732614 ","73.26","Baruppu","2024-03-02 20:05:33.162788+07","2024-03-02 20:05:33.162788+07"
"73.26.15","732615 ","73.26","Kesu","2024-03-02 20:05:33.162788+07","2024-03-02 20:05:33.162788+07"
"73.26.16","732616 ","73.26","Tondon","2024-03-02 20:05:33.162788+07","2024-03-02 20:05:33.162788+07"
"73.26.17","732617 ","73.26","Bangkelekila","2024-03-02 20:05:33.162788+07","2024-03-02 20:05:33.162788+07"
"73.26.18","732618 ","73.26","Rantebua","2024-03-02 20:05:33.162788+07","2024-03-02 20:05:33.162788+07"
"73.26.19","732619 ","73.26","Sesean Suloara","2024-03-02 20:05:33.162788+07","2024-03-02 20:05:33.162788+07"
"73.26.20","732620 ","73.26","Kapala Pitu","2024-03-02 20:05:33.162788+07","2024-03-02 20:05:33.162788+07"
"73.26.21","732621 ","73.26","Awan Rante Karua","2024-03-02 20:05:33.162788+07","2024-03-02 20:05:33.162788+07"
"73.71.01","737101 ","73.71","Mariso","2024-03-02 20:05:33.162788+07","2024-03-02 20:05:33.162788+07"
"73.71.02","737102 ","73.71","Mamajang","2024-03-02 20:05:33.162788+07","2024-03-02 20:05:33.162788+07"
"73.71.03","737103 ","73.71","Makassar","2024-03-02 20:05:33.162788+07","2024-03-02 20:05:33.162788+07"
"73.71.04","737104 ","73.71","Ujung Pandang","2024-03-02 20:05:33.162788+07","2024-03-02 20:05:33.162788+07"
"73.71.05","737105 ","73.71","Wajo","2024-03-02 20:05:33.162788+07","2024-03-02 20:05:33.162788+07"
"73.71.06","737106 ","73.71","Bontoala","2024-03-02 20:05:33.162788+07","2024-03-02 20:05:33.162788+07"
"73.71.07","737107 ","73.71","Tallo","2024-03-02 20:05:33.162788+07","2024-03-02 20:05:33.162788+07"
"73.71.08","737108 ","73.71","Ujung Tanah","2024-03-02 20:05:33.162788+07","2024-03-02 20:05:33.162788+07"
"73.71.09","737109 ","73.71","Panakkukang","2024-03-02 20:05:33.162788+07","2024-03-02 20:05:33.162788+07"
"73.71.10","737110 ","73.71","Tamalate","2024-03-02 20:05:33.162788+07","2024-03-02 20:05:33.162788+07"
"73.71.11","737111 ","73.71","Biringkanaya","2024-03-02 20:05:33.162788+07","2024-03-02 20:05:33.162788+07"
"73.71.12","737112 ","73.71","Manggala","2024-03-02 20:05:33.162788+07","2024-03-02 20:05:33.162788+07"
"73.71.13","737113 ","73.71","Rappocini","2024-03-02 20:05:33.162788+07","2024-03-02 20:05:33.162788+07"
"73.71.14","737114 ","73.71","Tamalanrea","2024-03-02 20:05:33.162788+07","2024-03-02 20:05:33.162788+07"
"73.71.15","737115 ","73.71","Kepulauan Sangkarrang","2024-03-02 20:05:33.162788+07","2024-03-02 20:05:33.162788+07"
"73.72.01","737201 ","73.72","Bacukiki","2024-03-02 20:05:33.162788+07","2024-03-02 20:05:33.162788+07"
"73.72.02","737202 ","73.72","Ujung","2024-03-02 20:05:33.162788+07","2024-03-02 20:05:33.162788+07"
"73.72.03","737203 ","73.72","Soreang","2024-03-02 20:05:33.162788+07","2024-03-02 20:05:33.162788+07"
"73.72.04","737204 ","73.72","Bacukiki Barat","2024-03-02 20:05:33.162788+07","2024-03-02 20:05:33.162788+07"
"73.73.01","737301 ","73.73","Wara","2024-03-02 20:05:33.162788+07","2024-03-02 20:05:33.162788+07"
"73.73.02","737302 ","73.73","Wara Utara","2024-03-02 20:05:33.162788+07","2024-03-02 20:05:33.162788+07"
"73.73.03","737303 ","73.73","Wara Selatan","2024-03-02 20:05:33.162788+07","2024-03-02 20:05:33.162788+07"
"73.73.04","737304 ","73.73","Telluwanua","2024-03-02 20:05:33.162788+07","2024-03-02 20:05:33.162788+07"
"73.73.05","737305 ","73.73","Wara Timur","2024-03-02 20:05:33.162788+07","2024-03-02 20:05:33.162788+07"
"73.73.06","737306 ","73.73","Wara Barat","2024-03-02 20:05:33.162788+07","2024-03-02 20:05:33.162788+07"
"73.73.07","737307 ","73.73","Sendana","2024-03-02 20:05:33.162788+07","2024-03-02 20:05:33.162788+07"
"73.73.08","737308 ","73.73","Mungkajang","2024-03-02 20:05:33.162788+07","2024-03-02 20:05:33.162788+07"
"73.73.09","737309 ","73.73","Bara","2024-03-02 20:05:33.162788+07","2024-03-02 20:05:33.162788+07"
"74.01.01","740101 ","74.01","Wundulako","2024-03-02 20:05:33.162788+07","2024-03-02 20:05:33.162788+07"
"74.01.04","740104 ","74.01","Kolaka","2024-03-02 20:05:33.162788+07","2024-03-02 20:05:33.162788+07"
"74.01.07","740107 ","74.01","Pomalaa","2024-03-02 20:05:33.162788+07","2024-03-02 20:05:33.162788+07"
"74.01.08","740108 ","74.01","Watubangga","2024-03-02 20:05:33.162788+07","2024-03-02 20:05:33.162788+07"
"74.01.10","740110 ","74.01","Wolo","2024-03-02 20:05:33.162788+07","2024-03-02 20:05:33.162788+07"
"74.01.12","740112 ","74.01","Baula","2024-03-02 20:05:33.162788+07","2024-03-02 20:05:33.162788+07"
"74.01.14","740114 ","74.01","Latambaga","2024-03-02 20:05:33.162788+07","2024-03-02 20:05:33.162788+07"
"74.01.18","740118 ","74.01","Tanggetada","2024-03-02 20:05:33.162788+07","2024-03-02 20:05:33.162788+07"
"74.01.20","740120 ","74.01","Samaturu","2024-03-02 20:05:33.162788+07","2024-03-02 20:05:33.162788+07"
"74.01.24","740124 ","74.01","Toari","2024-03-02 20:05:33.162788+07","2024-03-02 20:05:33.162788+07"
"74.01.25","740125 ","74.01","Polinggona","2024-03-02 20:05:33.162788+07","2024-03-02 20:05:33.162788+07"
"74.01.27","740127 ","74.01","Iwoimendaa","2024-03-02 20:05:33.162788+07","2024-03-02 20:05:33.162788+07"
"74.02.01","740201 ","74.02","Lambuya","2024-03-02 20:05:33.162788+07","2024-03-02 20:05:33.162788+07"
"74.02.02","740202 ","74.02","Unaaha","2024-03-02 20:05:33.162788+07","2024-03-02 20:05:33.162788+07"
"74.02.03","740203 ","74.02","Wawotobi","2024-03-02 20:05:33.162788+07","2024-03-02 20:05:33.162788+07"
"74.02.04","740204 ","74.02","Pondidaha","2024-03-02 20:05:33.162788+07","2024-03-02 20:05:33.162788+07"
"74.02.05","740205 ","74.02","Sampara","2024-03-02 20:05:33.162788+07","2024-03-02 20:05:33.162788+07"
"74.02.10","740210 ","74.02","Abuki","2024-03-02 20:05:33.162788+07","2024-03-02 20:05:33.162788+07"
"74.02.11","740211 ","74.02","Soropia","2024-03-02 20:05:33.162788+07","2024-03-02 20:05:33.162788+07"
"74.02.15","740215 ","74.02","Tongauna","2024-03-02 20:05:33.162788+07","2024-03-02 20:05:33.162788+07"
"74.02.16","740216 ","74.02","Latoma","2024-03-02 20:05:33.162788+07","2024-03-02 20:05:33.162788+07"
"74.02.17","740217 ","74.02","Puriala","2024-03-02 20:05:33.162788+07","2024-03-02 20:05:33.162788+07"
"74.02.18","740218 ","74.02","Uepai","2024-03-02 20:05:33.162788+07","2024-03-02 20:05:33.162788+07"
"74.02.19","740219 ","74.02","Wonggeduku","2024-03-02 20:05:33.162788+07","2024-03-02 20:05:33.162788+07"
"74.02.20","740220 ","74.02","Besulutu","2024-03-02 20:05:33.162788+07","2024-03-02 20:05:33.162788+07"
"74.02.21","740221 ","74.02","Bondoala","2024-03-02 20:05:33.162788+07","2024-03-02 20:05:33.162788+07"
"74.02.23","740223 ","74.02","Routa","2024-03-02 20:05:33.162788+07","2024-03-02 20:05:33.162788+07"
"74.02.24","740224 ","74.02","Anggaberi","2024-03-02 20:05:33.162788+07","2024-03-02 20:05:33.162788+07"
"74.02.25","740225 ","74.02","Meluhu","2024-03-02 20:05:33.162788+07","2024-03-02 20:05:33.162788+07"
"74.02.28","740228 ","74.02","Amonggedo","2024-03-02 20:05:33.162788+07","2024-03-02 20:05:33.162788+07"
"74.02.31","740231 ","74.02","Asinua","2024-03-02 20:05:33.162788+07","2024-03-02 20:05:33.162788+07"
"74.02.32","740232 ","74.02","Konawe","2024-03-02 20:05:33.162788+07","2024-03-02 20:05:33.162788+07"
"74.02.33","740233 ","74.02","Kapoiala","2024-03-02 20:05:33.162788+07","2024-03-02 20:05:33.162788+07"
"74.02.36","740236 ","74.02","Lalonggasumeeto","2024-03-02 20:05:33.162788+07","2024-03-02 20:05:33.162788+07"
"74.02.37","740237 ","74.02","Onembute","2024-03-02 20:05:33.162788+07","2024-03-02 20:05:33.162788+07"
"74.02.38","740238 ","74.02","Padangguni","2024-03-02 20:05:33.162788+07","2024-03-02 20:05:33.162788+07"
"74.02.39","740239 ","74.02","Morosi","2024-03-02 20:05:33.162788+07","2024-03-02 20:05:33.162788+07"
"74.02.40","740240 ","74.02","Anggalomoare","2024-03-02 20:05:33.162788+07","2024-03-02 20:05:33.162788+07"
"74.02.41","740241 ","74.02","Wonggeduku Barat","2024-03-02 20:05:33.162788+07","2024-03-02 20:05:33.162788+07"
"74.02.42","740242 ","74.02","Tongauna Utara","2024-03-02 20:05:33.162788+07","2024-03-02 20:05:33.162788+07"
"74.03.06","740306 ","74.03","Napabalano","2024-03-02 20:05:33.162788+07","2024-03-02 20:05:33.162788+07"
"74.03.07","740307 ","74.03","Maligano","2024-03-02 20:05:33.162788+07","2024-03-02 20:05:33.162788+07"
"74.03.13","740313 ","74.03","Wakorumba Selatan","2024-03-02 20:05:33.162788+07","2024-03-02 20:05:33.162788+07"
"74.03.14","740314 ","74.03","Lasalepa","2024-03-02 20:05:33.162788+07","2024-03-02 20:05:33.162788+07"
"74.03.15","740315 ","74.03","Batalaiwaru","2024-03-02 20:05:33.162788+07","2024-03-02 20:05:33.162788+07"
"74.03.16","740316 ","74.03","Katobu","2024-03-02 20:05:33.162788+07","2024-03-02 20:05:33.162788+07"
"74.03.17","740317 ","74.03","Duruka","2024-03-02 20:05:33.162788+07","2024-03-02 20:05:33.162788+07"
"74.03.18","740318 ","74.03","Lohia","2024-03-02 20:05:33.162788+07","2024-03-02 20:05:33.162788+07"
"74.03.19","740319 ","74.03","Watopute","2024-03-02 20:05:33.162788+07","2024-03-02 20:05:33.162788+07"
"74.03.20","740320 ","74.03","Kontunaga","2024-03-02 20:05:33.162788+07","2024-03-02 20:05:33.162788+07"
"74.03.23","740323 ","74.03","Kabangka","2024-03-02 20:05:33.162788+07","2024-03-02 20:05:33.162788+07"
"74.03.24","740324 ","74.03","Kabawo","2024-03-02 20:05:33.162788+07","2024-03-02 20:05:33.162788+07"
"74.03.25","740325 ","74.03","Parigi","2024-03-02 20:05:33.162788+07","2024-03-02 20:05:33.162788+07"
"74.03.26","740326 ","74.03","Bone","2024-03-02 20:05:33.162788+07","2024-03-02 20:05:33.162788+07"
"74.03.27","740327 ","74.03","Tongkuno","2024-03-02 20:05:33.162788+07","2024-03-02 20:05:33.162788+07"
"74.03.28","740328 ","74.03","Pasir Putih","2024-03-02 20:05:33.162788+07","2024-03-02 20:05:33.162788+07"
"74.03.30","740330 ","74.03","Kontu Kowuna","2024-03-02 20:05:33.162788+07","2024-03-02 20:05:33.162788+07"
"74.03.31","740331 ","74.03","Marobo","2024-03-02 20:05:33.162788+07","2024-03-02 20:05:33.162788+07"
"74.03.32","740332 ","74.03","Tongkuno Selatan","2024-03-02 20:05:33.162788+07","2024-03-02 20:05:33.162788+07"
"74.03.33","740333 ","74.03","Pasi Kolaga","2024-03-02 20:05:33.162788+07","2024-03-02 20:05:33.162788+07"
"74.03.34","740334 ","74.03","Batukara","2024-03-02 20:05:33.162788+07","2024-03-02 20:05:33.162788+07"
"74.03.37","740337 ","74.03","Towea","2024-03-02 20:05:33.162788+07","2024-03-02 20:05:33.162788+07"
"74.04.11","740411 ","74.04","Pasarwajo","2024-03-02 20:05:33.162788+07","2024-03-02 20:05:33.162788+07"
"74.04.22","740422 ","74.04","Kapontori","2024-03-02 20:05:33.162788+07","2024-03-02 20:05:33.162788+07"
"74.04.23","740423 ","74.04","Lasalimu","2024-03-02 20:05:33.162788+07","2024-03-02 20:05:33.162788+07"
"74.04.24","740424 ","74.04","Lasalimu Selatan","2024-03-02 20:05:33.162788+07","2024-03-02 20:05:33.162788+07"
"74.04.27","740427 ","74.04","Siotapina","2024-03-02 20:05:33.162788+07","2024-03-02 20:05:33.162788+07"
"74.04.28","740428 ","74.04","Wolowa","2024-03-02 20:05:33.162788+07","2024-03-02 20:05:33.162788+07"
"74.04.29","740429 ","74.04","Wabula","2024-03-02 20:05:33.162788+07","2024-03-02 20:05:33.162788+07"
"74.05.01","740501 ","74.05","Tinanggea","2024-03-02 20:05:33.162788+07","2024-03-02 20:05:33.162788+07"
"74.05.02","740502 ","74.05","Angata","2024-03-02 20:05:33.162788+07","2024-03-02 20:05:33.162788+07"
"74.05.03","740503 ","74.05","Andoolo","2024-03-02 20:05:33.162788+07","2024-03-02 20:05:33.162788+07"
"74.05.04","740504 ","74.05","Palangga","2024-03-02 20:05:33.162788+07","2024-03-02 20:05:33.162788+07"
"74.05.05","740505 ","74.05","Landono","2024-03-02 20:05:33.162788+07","2024-03-02 20:05:33.162788+07"
"74.05.06","740506 ","74.05","Lainea","2024-03-02 20:05:33.162788+07","2024-03-02 20:05:33.162788+07"
"74.05.07","740507 ","74.05","Konda","2024-03-02 20:05:33.162788+07","2024-03-02 20:05:33.162788+07"
"74.05.08","740508 ","74.05","Ranomeeto","2024-03-02 20:05:33.162788+07","2024-03-02 20:05:33.162788+07"
"74.05.09","740509 ","74.05","Kolono","2024-03-02 20:05:33.162788+07","2024-03-02 20:05:33.162788+07"
"74.05.10","740510 ","74.05","Moramo","2024-03-02 20:05:33.162788+07","2024-03-02 20:05:33.162788+07"
"74.05.11","740511 ","74.05","Laonti","2024-03-02 20:05:33.162788+07","2024-03-02 20:05:33.162788+07"
"74.05.12","740512 ","74.05","Lalembuu","2024-03-02 20:05:33.162788+07","2024-03-02 20:05:33.162788+07"
"74.05.13","740513 ","74.05","Benua","2024-03-02 20:05:33.162788+07","2024-03-02 20:05:33.162788+07"
"74.05.14","740514 ","74.05","Palangga Selatan","2024-03-02 20:05:33.162788+07","2024-03-02 20:05:33.162788+07"
"74.05.15","740515 ","74.05","Mowila","2024-03-02 20:05:33.162788+07","2024-03-02 20:05:33.162788+07"
"74.05.16","740516 ","74.05","Moramo Utara","2024-03-02 20:05:33.162788+07","2024-03-02 20:05:33.162788+07"
"74.05.17","740517 ","74.05","Buke","2024-03-02 20:05:33.162788+07","2024-03-02 20:05:33.162788+07"
"74.05.18","740518 ","74.05","Wolasi","2024-03-02 20:05:33.162788+07","2024-03-02 20:05:33.162788+07"
"74.05.19","740519 ","74.05","Laeya","2024-03-02 20:05:33.162788+07","2024-03-02 20:05:33.162788+07"
"74.05.20","740520 ","74.05","Baito","2024-03-02 20:05:33.162788+07","2024-03-02 20:05:33.162788+07"
"74.05.21","740521 ","74.05","Basala","2024-03-02 20:05:33.162788+07","2024-03-02 20:05:33.162788+07"
"74.05.22","740522 ","74.05","Ranomeeto Barat","2024-03-02 20:05:33.162788+07","2024-03-02 20:05:33.162788+07"
"74.05.23","740523 ","74.05","Kolono Timur","2024-03-02 20:05:33.162788+07","2024-03-02 20:05:33.162788+07"
"74.05.24","740524 ","74.05","Sabulakoa","2024-03-02 20:05:33.162788+07","2024-03-02 20:05:33.162788+07"
"74.05.25","740525 ","74.05","Andoolo Barat","2024-03-02 20:05:33.162788+07","2024-03-02 20:05:33.162788+07"
"74.06.01","740601 ","74.06","Poleang","2024-03-02 20:05:33.162788+07","2024-03-02 20:05:33.162788+07"
"74.06.02","740602 ","74.06","Poleang Timur","2024-03-02 20:05:33.162788+07","2024-03-02 20:05:33.162788+07"
"74.06.03","740603 ","74.06","Rarowatu","2024-03-02 20:05:33.162788+07","2024-03-02 20:05:33.162788+07"
"74.06.04","740604 ","74.06","Rumbia","2024-03-02 20:05:33.162788+07","2024-03-02 20:05:33.162788+07"
"74.06.05","740605 ","74.06","Kabaena","2024-03-02 20:05:33.162788+07","2024-03-02 20:05:33.162788+07"
"74.06.06","740606 ","74.06","Kabaena Timur","2024-03-02 20:05:33.162788+07","2024-03-02 20:05:33.162788+07"
"74.06.07","740607 ","74.06","Poleang Barat","2024-03-02 20:05:33.162788+07","2024-03-02 20:05:33.162788+07"
"74.06.08","740608 ","74.06","Mata Oleo","2024-03-02 20:05:33.162788+07","2024-03-02 20:05:33.162788+07"
"74.06.09","740609 ","74.06","Rarowatu Utara","2024-03-02 20:05:33.162788+07","2024-03-02 20:05:33.162788+07"
"74.06.10","740610 ","74.06","Poleang Utara","2024-03-02 20:05:33.162788+07","2024-03-02 20:05:33.162788+07"
"74.06.11","740611 ","74.06","Poleang Selatan","2024-03-02 20:05:33.162788+07","2024-03-02 20:05:33.162788+07"
"74.06.12","740612 ","74.06","Poleang Tenggara","2024-03-02 20:05:33.162788+07","2024-03-02 20:05:33.162788+07"
"74.06.13","740613 ","74.06","Kabaena Selatan","2024-03-02 20:05:33.162788+07","2024-03-02 20:05:33.162788+07"
"74.06.14","740614 ","74.06","Kabaena Barat","2024-03-02 20:05:33.162788+07","2024-03-02 20:05:33.162788+07"
"74.06.15","740615 ","74.06","Kabaena Utara","2024-03-02 20:05:33.162788+07","2024-03-02 20:05:33.162788+07"
"74.06.16","740616 ","74.06","Kabaena Tengah","2024-03-02 20:05:33.162788+07","2024-03-02 20:05:33.162788+07"
"74.06.17","740617 ","74.06","Kep. Masaloka Raya","2024-03-02 20:05:33.162788+07","2024-03-02 20:05:33.162788+07"
"74.06.18","740618 ","74.06","Rumbia Tengah","2024-03-02 20:05:33.162788+07","2024-03-02 20:05:33.162788+07"
"74.06.19","740619 ","74.06","Poleang Tengah","2024-03-02 20:05:33.162788+07","2024-03-02 20:05:33.162788+07"
"74.06.20","740620 ","74.06","Tontonunu","2024-03-02 20:05:33.162788+07","2024-03-02 20:05:33.162788+07"
"74.06.21","740621 ","74.06","Lantari Jaya","2024-03-02 20:05:33.162788+07","2024-03-02 20:05:33.162788+07"
"74.06.22","740622 ","74.06","Mata Usu","2024-03-02 20:05:33.162788+07","2024-03-02 20:05:33.162788+07"
"74.07.01","740701 ","74.07","Wangi-Wangi","2024-03-02 20:05:33.162788+07","2024-03-02 20:05:33.162788+07"
"74.07.02","740702 ","74.07","Kaledupa","2024-03-02 20:05:33.162788+07","2024-03-02 20:05:33.162788+07"
"74.07.03","740703 ","74.07","Tomia","2024-03-02 20:05:33.162788+07","2024-03-02 20:05:33.162788+07"
"74.07.04","740704 ","74.07","Binongko","2024-03-02 20:05:33.162788+07","2024-03-02 20:05:33.162788+07"
"74.07.05","740705 ","74.07","Wangi Wangi Selatan","2024-03-02 20:05:33.162788+07","2024-03-02 20:05:33.162788+07"
"74.07.06","740706 ","74.07","Kaledupa Selatan","2024-03-02 20:05:33.162788+07","2024-03-02 20:05:33.162788+07"
"74.07.07","740707 ","74.07","Tomia Timur","2024-03-02 20:05:33.162788+07","2024-03-02 20:05:33.162788+07"
"74.07.08","740708 ","74.07","Togo Binongko","2024-03-02 20:05:33.162788+07","2024-03-02 20:05:33.162788+07"
"74.08.01","740801 ","74.08","Lasusua","2024-03-02 20:05:33.162788+07","2024-03-02 20:05:33.162788+07"
"74.08.02","740802 ","74.08","Pakue","2024-03-02 20:05:33.162788+07","2024-03-02 20:05:33.162788+07"
"74.08.03","740803 ","74.08","Batu Putih","2024-03-02 20:05:33.162788+07","2024-03-02 20:05:33.162788+07"
"74.08.04","740804 ","74.08","Rante Angin","2024-03-02 20:05:33.162788+07","2024-03-02 20:05:33.162788+07"
"74.08.05","740805 ","74.08","Kodeoha","2024-03-02 20:05:33.162788+07","2024-03-02 20:05:33.162788+07"
"74.08.06","740806 ","74.08","Ngapa","2024-03-02 20:05:33.162788+07","2024-03-02 20:05:33.162788+07"
"74.08.07","740807 ","74.08","Wawo","2024-03-02 20:05:33.162788+07","2024-03-02 20:05:33.162788+07"
"74.08.08","740808 ","74.08","Lambai","2024-03-02 20:05:33.162788+07","2024-03-02 20:05:33.162788+07"
"74.08.09","740809 ","74.08","Watunohu","2024-03-02 20:05:33.162788+07","2024-03-02 20:05:33.162788+07"
"74.08.10","740810 ","74.08","Pakue Tengah","2024-03-02 20:05:33.162788+07","2024-03-02 20:05:33.162788+07"
"74.08.11","740811 ","74.08","Pakue Utara","2024-03-02 20:05:33.162788+07","2024-03-02 20:05:33.162788+07"
"74.08.12","740812 ","74.08","Porehu","2024-03-02 20:05:33.162788+07","2024-03-02 20:05:33.162788+07"
"74.08.13","740813 ","74.08","Katoi","2024-03-02 20:05:33.162788+07","2024-03-02 20:05:33.162788+07"
"74.08.14","740814 ","74.08","Tiwu","2024-03-02 20:05:33.162788+07","2024-03-02 20:05:33.162788+07"
"74.08.15","740815 ","74.08","Tolala","2024-03-02 20:05:33.162788+07","2024-03-02 20:05:33.162788+07"
"74.09.01","740901 ","74.09","Asera","2024-03-02 20:05:33.162788+07","2024-03-02 20:05:33.162788+07"
"74.09.02","740902 ","74.09","Wiwirano","2024-03-02 20:05:33.162788+07","2024-03-02 20:05:33.162788+07"
"74.09.03","740903 ","74.09","Langgikima","2024-03-02 20:05:33.162788+07","2024-03-02 20:05:33.162788+07"
"74.09.04","740904 ","74.09","Molawe","2024-03-02 20:05:33.162788+07","2024-03-02 20:05:33.162788+07"
"74.09.05","740905 ","74.09","Lasolo","2024-03-02 20:05:33.162788+07","2024-03-02 20:05:33.162788+07"
"74.09.06","740906 ","74.09","Lembo","2024-03-02 20:05:33.162788+07","2024-03-02 20:05:33.162788+07"
"74.09.07","740907 ","74.09","Sawa","2024-03-02 20:05:33.162788+07","2024-03-02 20:05:33.162788+07"
"74.09.08","740908 ","74.09","Oheo","2024-03-02 20:05:33.162788+07","2024-03-02 20:05:33.162788+07"
"74.09.09","740909 ","74.09","Andowia","2024-03-02 20:05:33.162788+07","2024-03-02 20:05:33.162788+07"
"74.09.10","740910 ","74.09","Motui","2024-03-02 20:05:33.162788+07","2024-03-02 20:05:33.162788+07"
"74.09.11","740911 ","74.09","Wawolesea","2024-03-02 20:05:33.162788+07","2024-03-02 20:05:33.162788+07"
"74.09.12","740912 ","74.09","Lasolo Kepulauan","2024-03-02 20:05:33.162788+07","2024-03-02 20:05:33.162788+07"
"74.09.13","740913 ","74.09","Landawe","2024-03-02 20:05:33.162788+07","2024-03-02 20:05:33.162788+07"
"74.10.01","741001 ","74.10","Kulisusu","2024-03-02 20:05:33.162788+07","2024-03-02 20:05:33.162788+07"
"74.10.02","741002 ","74.10","Kambowa","2024-03-02 20:05:33.162788+07","2024-03-02 20:05:33.162788+07"
"74.10.03","741003 ","74.10","Bonegunu","2024-03-02 20:05:33.162788+07","2024-03-02 20:05:33.162788+07"
"74.10.04","741004 ","74.10","Kulisusu Barat","2024-03-02 20:05:33.162788+07","2024-03-02 20:05:33.162788+07"
"74.10.05","741005 ","74.10","Kulisusu Utara","2024-03-02 20:05:33.162788+07","2024-03-02 20:05:33.162788+07"
"74.10.06","741006 ","74.10","Wakorumba Utara","2024-03-02 20:05:33.162788+07","2024-03-02 20:05:33.162788+07"
"74.11.01","741101 ","74.11","Tirawuta","2024-03-02 20:05:33.162788+07","2024-03-02 20:05:33.162788+07"
"74.11.02","741102 ","74.11","Loea","2024-03-02 20:05:33.162788+07","2024-03-02 20:05:33.162788+07"
"74.11.03","741103 ","74.11","Ladongi","2024-03-02 20:05:33.162788+07","2024-03-02 20:05:33.162788+07"
"74.11.04","741104 ","74.11","Poli Polia","2024-03-02 20:05:33.162788+07","2024-03-02 20:05:33.162788+07"
"74.11.05","741105 ","74.11","Lambandia","2024-03-02 20:05:33.162788+07","2024-03-02 20:05:33.162788+07"
"74.11.06","741106 ","74.11","Lalolae","2024-03-02 20:05:33.162788+07","2024-03-02 20:05:33.162788+07"
"74.11.07","741107 ","74.11","Mowewe","2024-03-02 20:05:33.162788+07","2024-03-02 20:05:33.162788+07"
"74.11.08","741108 ","74.11","Uluiwoi","2024-03-02 20:05:33.162788+07","2024-03-02 20:05:33.162788+07"
"74.11.09","741109 ","74.11","Tinondo","2024-03-02 20:05:33.162788+07","2024-03-02 20:05:33.162788+07"
"74.11.10","741110 ","74.11","Aere","2024-03-02 20:05:33.162788+07","2024-03-02 20:05:33.162788+07"
"74.11.11","741111 ","74.11","Ueesi","2024-03-02 20:05:33.162788+07","2024-03-02 20:05:33.162788+07"
"74.11.12","741112 ","74.11","Dangia","2024-03-02 20:05:33.162788+07","2024-03-02 20:05:33.162788+07"
"74.12.01","741201 ","74.12","Wawonii Barat","2024-03-02 20:05:33.162788+07","2024-03-02 20:05:33.162788+07"
"74.12.02","741202 ","74.12","Wawonii Utara","2024-03-02 20:05:33.162788+07","2024-03-02 20:05:33.162788+07"
"74.12.03","741203 ","74.12","Wawonii Timur Laut","2024-03-02 20:05:33.162788+07","2024-03-02 20:05:33.162788+07"
"74.12.04","741204 ","74.12","Wawonii Timur","2024-03-02 20:05:33.162788+07","2024-03-02 20:05:33.162788+07"
"74.12.05","741205 ","74.12","Wawonii Tenggara","2024-03-02 20:05:33.162788+07","2024-03-02 20:05:33.162788+07"
"74.12.06","741206 ","74.12","Wawonii Selatan","2024-03-02 20:05:33.162788+07","2024-03-02 20:05:33.162788+07"
"74.12.07","741207 ","74.12","Wawonii Tengah","2024-03-02 20:05:33.162788+07","2024-03-02 20:05:33.162788+07"
"74.13.01","741301 ","74.13","Sawerigadi","2024-03-02 20:05:33.162788+07","2024-03-02 20:05:33.162788+07"
"74.13.02","741302 ","74.13","Barangka","2024-03-02 20:05:33.162788+07","2024-03-02 20:05:33.162788+07"
"74.13.03","741303 ","74.13","Lawa","2024-03-02 20:05:33.162788+07","2024-03-02 20:05:33.162788+07"
"74.13.04","741304 ","74.13","Wadaga","2024-03-02 20:05:33.162788+07","2024-03-02 20:05:33.162788+07"
"74.13.05","741305 ","74.13","Tiworo Selatan","2024-03-02 20:05:33.162788+07","2024-03-02 20:05:33.162788+07"
"74.13.06","741306 ","74.13","Maginti","2024-03-02 20:05:33.162788+07","2024-03-02 20:05:33.162788+07"
"74.13.07","741307 ","74.13","Tiworo Tengah","2024-03-02 20:05:33.162788+07","2024-03-02 20:05:33.162788+07"
"74.13.08","741308 ","74.13","Tiworo Utara","2024-03-02 20:05:33.162788+07","2024-03-02 20:05:33.162788+07"
"74.13.09","741309 ","74.13","Tiworo Kepulauan","2024-03-02 20:05:33.162788+07","2024-03-02 20:05:33.162788+07"
"74.13.10","741310 ","74.13","Kusambi","2024-03-02 20:05:33.162788+07","2024-03-02 20:05:33.162788+07"
"74.13.11","741311 ","74.13","Napano Kusambi","2024-03-02 20:05:33.162788+07","2024-03-02 20:05:33.162788+07"
"74.14.01","741401 ","74.14","Lakudo","2024-03-02 20:05:33.162788+07","2024-03-02 20:05:33.162788+07"
"74.14.02","741402 ","74.14","Mawasangka Timur","2024-03-02 20:05:33.162788+07","2024-03-02 20:05:33.162788+07"
"74.14.03","741403 ","74.14","Mawasangka Tengah","2024-03-02 20:05:33.162788+07","2024-03-02 20:05:33.162788+07"
"74.14.04","741404 ","74.14","Mawasangka","2024-03-02 20:05:33.162788+07","2024-03-02 20:05:33.162788+07"
"74.14.05","741405 ","74.14","Talaga Raya","2024-03-02 20:05:33.162788+07","2024-03-02 20:05:33.162788+07"
"74.14.06","741406 ","74.14","Gu","2024-03-02 20:05:33.162788+07","2024-03-02 20:05:33.162788+07"
"74.14.07","741407 ","74.14","Sangia Wambulu","2024-03-02 20:05:33.162788+07","2024-03-02 20:05:33.162788+07"
"74.15.01","741501 ","74.15","Batauga","2024-03-02 20:05:33.162788+07","2024-03-02 20:05:33.162788+07"
"74.15.02","741502 ","74.15","Sampolawa","2024-03-02 20:05:33.162788+07","2024-03-02 20:05:33.162788+07"
"74.15.03","741503 ","74.15","Lapandewa","2024-03-02 20:05:33.162788+07","2024-03-02 20:05:33.162788+07"
"74.15.04","741504 ","74.15","Batu Atas","2024-03-02 20:05:33.162788+07","2024-03-02 20:05:33.162788+07"
"74.15.05","741505 ","74.15","Siompu Barat","2024-03-02 20:05:33.162788+07","2024-03-02 20:05:33.162788+07"
"74.15.06","741506 ","74.15","Siompu","2024-03-02 20:05:33.162788+07","2024-03-02 20:05:33.162788+07"
"74.15.07","741507 ","74.15","Kadatua","2024-03-02 20:05:33.162788+07","2024-03-02 20:05:33.162788+07"
"74.71.01","747101 ","74.71","Mandonga","2024-03-02 20:05:33.162788+07","2024-03-02 20:05:33.162788+07"
"74.71.02","747102 ","74.71","Kendari","2024-03-02 20:05:33.162788+07","2024-03-02 20:05:33.162788+07"
"74.71.03","747103 ","74.71","Baruga","2024-03-02 20:05:33.162788+07","2024-03-02 20:05:33.162788+07"
"74.71.04","747104 ","74.71","Poasia","2024-03-02 20:05:33.162788+07","2024-03-02 20:05:33.162788+07"
"74.71.05","747105 ","74.71","Kendari Barat","2024-03-02 20:05:33.162788+07","2024-03-02 20:05:33.162788+07"
"74.71.06","747106 ","74.71","Abeli","2024-03-02 20:05:33.162788+07","2024-03-02 20:05:33.162788+07"
"74.71.07","747107 ","74.71","Wua-Wua","2024-03-02 20:05:33.162788+07","2024-03-02 20:05:33.162788+07"
"74.71.08","747108 ","74.71","Kadia","2024-03-02 20:05:33.162788+07","2024-03-02 20:05:33.162788+07"
"74.71.09","747109 ","74.71","Puuwatu","2024-03-02 20:05:33.162788+07","2024-03-02 20:05:33.162788+07"
"74.71.10","747110 ","74.71","Kambu","2024-03-02 20:05:33.162788+07","2024-03-02 20:05:33.162788+07"
"74.71.11","747111 ","74.71","Nambo","2024-03-02 20:05:33.162788+07","2024-03-02 20:05:33.162788+07"
"74.72.01","747201 ","74.72","Betoambari","2024-03-02 20:05:33.162788+07","2024-03-02 20:05:33.162788+07"
"74.72.02","747202 ","74.72","Wolio","2024-03-02 20:05:33.162788+07","2024-03-02 20:05:33.162788+07"
"74.72.03","747203 ","74.72","Sorawolio","2024-03-02 20:05:33.162788+07","2024-03-02 20:05:33.162788+07"
"74.72.04","747204 ","74.72","Bungi","2024-03-02 20:05:33.162788+07","2024-03-02 20:05:33.162788+07"
"74.72.05","747205 ","74.72","Kokalukuna","2024-03-02 20:05:33.162788+07","2024-03-02 20:05:33.162788+07"
"74.72.06","747206 ","74.72","Murhum","2024-03-02 20:05:33.162788+07","2024-03-02 20:05:33.162788+07"
"74.72.07","747207 ","74.72","Lea-Lea","2024-03-02 20:05:33.162788+07","2024-03-02 20:05:33.162788+07"
"74.72.08","747208 ","74.72","Batupoaro","2024-03-02 20:05:33.162788+07","2024-03-02 20:05:33.162788+07"
"75.01.01","750101 ","75.01","Limboto","2024-03-02 20:05:33.162788+07","2024-03-02 20:05:33.162788+07"
"75.01.02","750102 ","75.01","Telaga","2024-03-02 20:05:33.162788+07","2024-03-02 20:05:33.162788+07"
"75.01.03","750103 ","75.01","Batudaa","2024-03-02 20:05:33.162788+07","2024-03-02 20:05:33.162788+07"
"75.01.04","750104 ","75.01","Tibawa","2024-03-02 20:05:33.162788+07","2024-03-02 20:05:33.162788+07"
"75.01.05","750105 ","75.01","Batudaa Pantai","2024-03-02 20:05:33.162788+07","2024-03-02 20:05:33.162788+07"
"75.01.09","750109 ","75.01","Boliyohuto","2024-03-02 20:05:33.162788+07","2024-03-02 20:05:33.162788+07"
"75.01.10","750110 ","75.01","Telaga Biru","2024-03-02 20:05:33.162788+07","2024-03-02 20:05:33.162788+07"
"75.01.11","750111 ","75.01","Bongomeme","2024-03-02 20:05:33.162788+07","2024-03-02 20:05:33.162788+07"
"75.01.13","750113 ","75.01","Tolangohula","2024-03-02 20:05:33.162788+07","2024-03-02 20:05:33.162788+07"
"75.01.14","750114 ","75.01","Mootilango","2024-03-02 20:05:33.162788+07","2024-03-02 20:05:33.162788+07"
"75.01.16","750116 ","75.01","Pulubala","2024-03-02 20:05:33.162788+07","2024-03-02 20:05:33.162788+07"
"75.01.17","750117 ","75.01","Limboto Barat","2024-03-02 20:05:33.162788+07","2024-03-02 20:05:33.162788+07"
"75.01.18","750118 ","75.01","Tilango","2024-03-02 20:05:33.162788+07","2024-03-02 20:05:33.162788+07"
"75.01.19","750119 ","75.01","Tabongo","2024-03-02 20:05:33.162788+07","2024-03-02 20:05:33.162788+07"
"75.01.20","750120 ","75.01","Biluhu","2024-03-02 20:05:33.162788+07","2024-03-02 20:05:33.162788+07"
"75.01.21","750121 ","75.01","Asparaga","2024-03-02 20:05:33.162788+07","2024-03-02 20:05:33.162788+07"
"75.01.22","750122 ","75.01","Talaga Jaya","2024-03-02 20:05:33.162788+07","2024-03-02 20:05:33.162788+07"
"75.01.23","750123 ","75.01","Bilato","2024-03-02 20:05:33.162788+07","2024-03-02 20:05:33.162788+07"
"75.01.24","750124 ","75.01","Dungaliyo","2024-03-02 20:05:33.162788+07","2024-03-02 20:05:33.162788+07"
"75.02.01","750201 ","75.02","Paguyaman","2024-03-02 20:05:33.162788+07","2024-03-02 20:05:33.162788+07"
"75.02.02","750202 ","75.02","Wonosari","2024-03-02 20:05:33.162788+07","2024-03-02 20:05:33.162788+07"
"75.02.03","750203 ","75.02","Dulupi","2024-03-02 20:05:33.162788+07","2024-03-02 20:05:33.162788+07"
"75.02.04","750204 ","75.02","Tilamuta","2024-03-02 20:05:33.162788+07","2024-03-02 20:05:33.162788+07"
"75.02.05","750205 ","75.02","Mananggu","2024-03-02 20:05:33.162788+07","2024-03-02 20:05:33.162788+07"
"75.02.06","750206 ","75.02","Botumoita","2024-03-02 20:05:33.162788+07","2024-03-02 20:05:33.162788+07"
"75.02.07","750207 ","75.02","Paguyaman Pantai","2024-03-02 20:05:33.162788+07","2024-03-02 20:05:33.162788+07"
"75.03.01","750301 ","75.03","Tapa","2024-03-02 20:05:33.162788+07","2024-03-02 20:05:33.162788+07"
"75.03.02","750302 ","75.03","Kabila","2024-03-02 20:05:33.162788+07","2024-03-02 20:05:33.162788+07"
"75.03.03","750303 ","75.03","Suwawa","2024-03-02 20:05:33.162788+07","2024-03-02 20:05:33.162788+07"
"75.03.04","750304 ","75.03","Bonepantai","2024-03-02 20:05:33.162788+07","2024-03-02 20:05:33.162788+07"
"75.03.05","750305 ","75.03","Bulango Utara","2024-03-02 20:05:33.162788+07","2024-03-02 20:05:33.162788+07"
"75.03.06","750306 ","75.03","Tilongkabila","2024-03-02 20:05:33.162788+07","2024-03-02 20:05:33.162788+07"
"75.03.07","750307 ","75.03","Botupingge","2024-03-02 20:05:33.162788+07","2024-03-02 20:05:33.162788+07"
"75.03.08","750308 ","75.03","Kabila Bone","2024-03-02 20:05:33.162788+07","2024-03-02 20:05:33.162788+07"
"75.03.09","750309 ","75.03","Bone","2024-03-02 20:05:33.162788+07","2024-03-02 20:05:33.162788+07"
"75.03.10","750310 ","75.03","Bone Raya","2024-03-02 20:05:33.162788+07","2024-03-02 20:05:33.162788+07"
"75.03.11","750311 ","75.03","Suwawa Timur","2024-03-02 20:05:33.162788+07","2024-03-02 20:05:33.162788+07"
"75.03.12","750312 ","75.03","Suwawa Selatan","2024-03-02 20:05:33.162788+07","2024-03-02 20:05:33.162788+07"
"75.03.13","750313 ","75.03","Suwawa Tengah","2024-03-02 20:05:33.162788+07","2024-03-02 20:05:33.162788+07"
"75.03.14","750314 ","75.03","Bulango Ulu","2024-03-02 20:05:33.162788+07","2024-03-02 20:05:33.162788+07"
"75.03.15","750315 ","75.03","Bulango Selatan","2024-03-02 20:05:33.162788+07","2024-03-02 20:05:33.162788+07"
"75.03.16","750316 ","75.03","Bulango Timur","2024-03-02 20:05:33.162788+07","2024-03-02 20:05:33.162788+07"
"75.03.17","750317 ","75.03","Bulawa","2024-03-02 20:05:33.162788+07","2024-03-02 20:05:33.162788+07"
"75.03.18","750318 ","75.03","Pinogu","2024-03-02 20:05:33.162788+07","2024-03-02 20:05:33.162788+07"
"75.04.01","750401 ","75.04","Popayato","2024-03-02 20:05:33.162788+07","2024-03-02 20:05:33.162788+07"
"75.04.02","750402 ","75.04","Lemito","2024-03-02 20:05:33.162788+07","2024-03-02 20:05:33.162788+07"
"75.04.03","750403 ","75.04","Randangan","2024-03-02 20:05:33.162788+07","2024-03-02 20:05:33.162788+07"
"75.04.04","750404 ","75.04","Marisa","2024-03-02 20:05:33.162788+07","2024-03-02 20:05:33.162788+07"
"75.04.05","750405 ","75.04","Paguat","2024-03-02 20:05:33.162788+07","2024-03-02 20:05:33.162788+07"
"75.04.06","750406 ","75.04","Patilanggio","2024-03-02 20:05:33.162788+07","2024-03-02 20:05:33.162788+07"
"75.04.07","750407 ","75.04","Taluditi","2024-03-02 20:05:33.162788+07","2024-03-02 20:05:33.162788+07"
"75.04.08","750408 ","75.04","Dengilo","2024-03-02 20:05:33.162788+07","2024-03-02 20:05:33.162788+07"
"75.04.09","750409 ","75.04","Buntulia","2024-03-02 20:05:33.162788+07","2024-03-02 20:05:33.162788+07"
"75.04.10","750410 ","75.04","Duhiadaa","2024-03-02 20:05:33.162788+07","2024-03-02 20:05:33.162788+07"
"75.04.11","750411 ","75.04","Wanggarasi","2024-03-02 20:05:33.162788+07","2024-03-02 20:05:33.162788+07"
"75.04.12","750412 ","75.04","Popayato Timur","2024-03-02 20:05:33.162788+07","2024-03-02 20:05:33.162788+07"
"75.04.13","750413 ","75.04","Popayato Barat","2024-03-02 20:05:33.162788+07","2024-03-02 20:05:33.162788+07"
"75.05.01","750501 ","75.05","Atinggola","2024-03-02 20:05:33.162788+07","2024-03-02 20:05:33.162788+07"
"75.05.02","750502 ","75.05","Kwandang","2024-03-02 20:05:33.162788+07","2024-03-02 20:05:33.162788+07"
"75.05.03","750503 ","75.05","Anggrek","2024-03-02 20:05:33.162788+07","2024-03-02 20:05:33.162788+07"
"75.05.04","750504 ","75.05","Sumalata","2024-03-02 20:05:33.162788+07","2024-03-02 20:05:33.162788+07"
"75.05.05","750505 ","75.05","Tolinggula","2024-03-02 20:05:33.162788+07","2024-03-02 20:05:33.162788+07"
"75.05.06","750506 ","75.05","Gentuma Raya","2024-03-02 20:05:33.162788+07","2024-03-02 20:05:33.162788+07"
"75.05.07","750507 ","75.05","Tomolito","2024-03-02 20:05:33.162788+07","2024-03-02 20:05:33.162788+07"
"75.05.08","750508 ","75.05","Ponelo Kepulauan","2024-03-02 20:05:33.162788+07","2024-03-02 20:05:33.162788+07"
"75.05.09","750509 ","75.05","Monano","2024-03-02 20:05:33.162788+07","2024-03-02 20:05:33.162788+07"
"75.05.10","750510 ","75.05","Biau","2024-03-02 20:05:33.162788+07","2024-03-02 20:05:33.162788+07"
"75.05.11","750511 ","75.05","Sumalata Timur","2024-03-02 20:05:33.162788+07","2024-03-02 20:05:33.162788+07"
"75.71.01","757101 ","75.71","Kota Barat","2024-03-02 20:05:33.162788+07","2024-03-02 20:05:33.162788+07"
"75.71.02","757102 ","75.71","Kota Selatan","2024-03-02 20:05:33.162788+07","2024-03-02 20:05:33.162788+07"
"75.71.03","757103 ","75.71","Kota Utara","2024-03-02 20:05:33.162788+07","2024-03-02 20:05:33.162788+07"
"75.71.04","757104 ","75.71","Dungingi","2024-03-02 20:05:33.162788+07","2024-03-02 20:05:33.162788+07"
"75.71.05","757105 ","75.71","Kota Timur","2024-03-02 20:05:33.162788+07","2024-03-02 20:05:33.162788+07"
"75.71.06","757106 ","75.71","Kota Tengah","2024-03-02 20:05:33.162788+07","2024-03-02 20:05:33.162788+07"
"75.71.07","757107 ","75.71","Sipatana","2024-03-02 20:05:33.162788+07","2024-03-02 20:05:33.162788+07"
"75.71.08","757108 ","75.71","Dumbo Raya","2024-03-02 20:05:33.162788+07","2024-03-02 20:05:33.162788+07"
"75.71.09","757109 ","75.71","Hulonthalangi","2024-03-02 20:05:33.162788+07","2024-03-02 20:05:33.162788+07"
"76.01.01","760101 ","76.01","Bambalamotu","2024-03-02 20:05:33.162788+07","2024-03-02 20:05:33.162788+07"
"76.01.02","760102 ","76.01","Pasangkayu","2024-03-02 20:05:33.162788+07","2024-03-02 20:05:33.162788+07"
"76.01.03","760103 ","76.01","Baras","2024-03-02 20:05:33.162788+07","2024-03-02 20:05:33.162788+07"
"76.01.04","760104 ","76.01","Sarudu","2024-03-02 20:05:33.162788+07","2024-03-02 20:05:33.162788+07"
"76.01.05","760105 ","76.01","Dapurang","2024-03-02 20:05:33.162788+07","2024-03-02 20:05:33.162788+07"
"76.01.06","760106 ","76.01","Duripoku","2024-03-02 20:05:33.162788+07","2024-03-02 20:05:33.162788+07"
"76.01.07","760107 ","76.01","Bulu Taba","2024-03-02 20:05:33.162788+07","2024-03-02 20:05:33.162788+07"
"76.01.08","760108 ","76.01","Tikke Raya","2024-03-02 20:05:33.162788+07","2024-03-02 20:05:33.162788+07"
"76.01.09","760109 ","76.01","Pedongga","2024-03-02 20:05:33.162788+07","2024-03-02 20:05:33.162788+07"
"76.01.10","760110 ","76.01","Bambaira","2024-03-02 20:05:33.162788+07","2024-03-02 20:05:33.162788+07"
"76.01.11","760111 ","76.01","Sarjo","2024-03-02 20:05:33.162788+07","2024-03-02 20:05:33.162788+07"
"76.01.12","760112 ","76.01","Lariang","2024-03-02 20:05:33.162788+07","2024-03-02 20:05:33.162788+07"
"76.02.01","760201 ","76.02","Mamuju","2024-03-02 20:05:33.162788+07","2024-03-02 20:05:33.162788+07"
"76.02.02","760202 ","76.02","Tapalang","2024-03-02 20:05:33.162788+07","2024-03-02 20:05:33.162788+07"
"76.02.03","760203 ","76.02","Kalukku","2024-03-02 20:05:33.162788+07","2024-03-02 20:05:33.162788+07"
"76.02.04","760204 ","76.02","Kalumpang","2024-03-02 20:05:33.162788+07","2024-03-02 20:05:33.162788+07"
"76.02.07","760207 ","76.02","Papalang","2024-03-02 20:05:33.162788+07","2024-03-02 20:05:33.162788+07"
"76.02.08","760208 ","76.02","Sampaga","2024-03-02 20:05:33.162788+07","2024-03-02 20:05:33.162788+07"
"76.02.11","760211 ","76.02","Tommo","2024-03-02 20:05:33.162788+07","2024-03-02 20:05:33.162788+07"
"76.02.12","760212 ","76.02","Simboro dan Kepulauan","2024-03-02 20:05:33.162788+07","2024-03-02 20:05:33.162788+07"
"76.02.13","760213 ","76.02","Tapalang Barat","2024-03-02 20:05:33.162788+07","2024-03-02 20:05:33.162788+07"
"76.02.15","760215 ","76.02","Bonehau","2024-03-02 20:05:33.162788+07","2024-03-02 20:05:33.162788+07"
"76.02.16","760216 ","76.02","Kep. Bala Balakang","2024-03-02 20:05:33.162788+07","2024-03-02 20:05:33.162788+07"
"76.03.01","760301 ","76.03","Mambi","2024-03-02 20:05:33.162788+07","2024-03-02 20:05:33.162788+07"
"76.03.02","760302 ","76.03","Aralle","2024-03-02 20:05:33.162788+07","2024-03-02 20:05:33.162788+07"
"76.03.03","760303 ","76.03","Mamasa","2024-03-02 20:05:33.162788+07","2024-03-02 20:05:33.162788+07"
"76.03.04","760304 ","76.03","Pana","2024-03-02 20:05:33.162788+07","2024-03-02 20:05:33.162788+07"
"76.03.05","760305 ","76.03","Tabulahan","2024-03-02 20:05:33.162788+07","2024-03-02 20:05:33.162788+07"
"76.03.06","760306 ","76.03","Sumarorong","2024-03-02 20:05:33.162788+07","2024-03-02 20:05:33.162788+07"
"76.03.07","760307 ","76.03","Messawa","2024-03-02 20:05:33.162788+07","2024-03-02 20:05:33.162788+07"
"76.03.08","760308 ","76.03","Sesenapadang","2024-03-02 20:05:33.162788+07","2024-03-02 20:05:33.162788+07"
"76.03.09","760309 ","76.03","Tanduk Kalua","2024-03-02 20:05:33.162788+07","2024-03-02 20:05:33.162788+07"
"76.03.10","760310 ","76.03","Tabang","2024-03-02 20:05:33.162788+07","2024-03-02 20:05:33.162788+07"
"76.03.11","760311 ","76.03","Bambang","2024-03-02 20:05:33.162788+07","2024-03-02 20:05:33.162788+07"
"76.03.12","760312 ","76.03","Balla","2024-03-02 20:05:33.162788+07","2024-03-02 20:05:33.162788+07"
"76.03.13","760313 ","76.03","Nosu","2024-03-02 20:05:33.162788+07","2024-03-02 20:05:33.162788+07"
"76.03.14","760314 ","76.03","Tawalian","2024-03-02 20:05:33.162788+07","2024-03-02 20:05:33.162788+07"
"76.03.15","760315 ","76.03","Rantebulahan Timur","2024-03-02 20:05:33.162788+07","2024-03-02 20:05:33.162788+07"
"76.03.16","760316 ","76.03","Buntumalangka","2024-03-02 20:05:33.162788+07","2024-03-02 20:05:33.162788+07"
"76.03.17","760317 ","76.03","Mehalaan","2024-03-02 20:05:33.162788+07","2024-03-02 20:05:33.162788+07"
"76.04.01","760401 ","76.04","Tinambung","2024-03-02 20:05:33.162788+07","2024-03-02 20:05:33.162788+07"
"76.04.02","760402 ","76.04","Campalagian","2024-03-02 20:05:33.162788+07","2024-03-02 20:05:33.162788+07"
"76.04.03","760403 ","76.04","Wonomulyo","2024-03-02 20:05:33.162788+07","2024-03-02 20:05:33.162788+07"
"76.04.04","760404 ","76.04","Polewali","2024-03-02 20:05:33.162788+07","2024-03-02 20:05:33.162788+07"
"76.04.05","760405 ","76.04","Tutar","2024-03-02 20:05:33.162788+07","2024-03-02 20:05:33.162788+07"
"76.04.06","760406 ","76.04","Binuang","2024-03-02 20:05:33.162788+07","2024-03-02 20:05:33.162788+07"
"76.04.07","760407 ","76.04","Tapango","2024-03-02 20:05:33.162788+07","2024-03-02 20:05:33.162788+07"
"76.04.08","760408 ","76.04","Mapilli","2024-03-02 20:05:33.162788+07","2024-03-02 20:05:33.162788+07"
"76.04.09","760409 ","76.04","Matangnga","2024-03-02 20:05:33.162788+07","2024-03-02 20:05:33.162788+07"
"76.04.10","760410 ","76.04","Luyo","2024-03-02 20:05:33.162788+07","2024-03-02 20:05:33.162788+07"
"76.04.11","760411 ","76.04","Limboro","2024-03-02 20:05:33.162788+07","2024-03-02 20:05:33.162788+07"
"76.04.12","760412 ","76.04","Balanipa","2024-03-02 20:05:33.162788+07","2024-03-02 20:05:33.162788+07"
"76.04.13","760413 ","76.04","Anreapi","2024-03-02 20:05:33.162788+07","2024-03-02 20:05:33.162788+07"
"76.04.14","760414 ","76.04","Matakali","2024-03-02 20:05:33.162788+07","2024-03-02 20:05:33.162788+07"
"76.04.15","760415 ","76.04","Allu","2024-03-02 20:05:33.162788+07","2024-03-02 20:05:33.162788+07"
"76.04.16","760416 ","76.04","Bulo","2024-03-02 20:05:33.162788+07","2024-03-02 20:05:33.162788+07"
"76.05.01","760501 ","76.05","Banggae","2024-03-02 20:05:33.162788+07","2024-03-02 20:05:33.162788+07"
"76.05.02","760502 ","76.05","Pamboang","2024-03-02 20:05:33.162788+07","2024-03-02 20:05:33.162788+07"
"76.05.03","760503 ","76.05","Sendana","2024-03-02 20:05:33.162788+07","2024-03-02 20:05:33.162788+07"
"76.05.04","760504 ","76.05","Malunda","2024-03-02 20:05:33.162788+07","2024-03-02 20:05:33.162788+07"
"76.05.05","760505 ","76.05","Ulumanda","2024-03-02 20:05:33.162788+07","2024-03-02 20:05:33.162788+07"
"76.05.06","760506 ","76.05","Tammerodo Sendana","2024-03-02 20:05:33.162788+07","2024-03-02 20:05:33.162788+07"
"76.05.07","760507 ","76.05","Tubo Sendana","2024-03-02 20:05:33.162788+07","2024-03-02 20:05:33.162788+07"
"76.05.08","760508 ","76.05","Banggae Timur","2024-03-02 20:05:33.162788+07","2024-03-02 20:05:33.162788+07"
"76.06.01","760601 ","76.06","Tobadak","2024-03-02 20:05:33.162788+07","2024-03-02 20:05:33.162788+07"
"76.06.02","760602 ","76.06","Pangale","2024-03-02 20:05:33.162788+07","2024-03-02 20:05:33.162788+07"
"76.06.03","760603 ","76.06","Budong-Budong","2024-03-02 20:05:33.162788+07","2024-03-02 20:05:33.162788+07"
"76.06.04","760604 ","76.06","Topoyo","2024-03-02 20:05:33.162788+07","2024-03-02 20:05:33.162788+07"
"76.06.05","760605 ","76.06","Karossa","2024-03-02 20:05:33.162788+07","2024-03-02 20:05:33.162788+07"
"81.01.01","810101 ","81.01","Amahai","2024-03-02 20:05:33.162788+07","2024-03-02 20:05:33.162788+07"
"81.01.02","810102 ","81.01","Teon Nila Serua","2024-03-02 20:05:33.162788+07","2024-03-02 20:05:33.162788+07"
"81.01.06","810106 ","81.01","Seram Utara","2024-03-02 20:05:33.162788+07","2024-03-02 20:05:33.162788+07"
"81.01.09","810109 ","81.01","Banda","2024-03-02 20:05:33.162788+07","2024-03-02 20:05:33.162788+07"
"81.01.11","810111 ","81.01","Tehoru","2024-03-02 20:05:33.162788+07","2024-03-02 20:05:33.162788+07"
"81.01.12","810112 ","81.01","Saparua","2024-03-02 20:05:33.162788+07","2024-03-02 20:05:33.162788+07"
"81.01.13","810113 ","81.01","Pulau Haruku","2024-03-02 20:05:33.162788+07","2024-03-02 20:05:33.162788+07"
"81.01.14","810114 ","81.01","Salahutu","2024-03-02 20:05:33.162788+07","2024-03-02 20:05:33.162788+07"
"81.01.15","810115 ","81.01","Leihitu","2024-03-02 20:05:33.162788+07","2024-03-02 20:05:33.162788+07"
"81.01.16","810116 ","81.01","Nusa Laut","2024-03-02 20:05:33.162788+07","2024-03-02 20:05:33.162788+07"
"81.01.17","810117 ","81.01","Kota Masohi","2024-03-02 20:05:33.162788+07","2024-03-02 20:05:33.162788+07"
"81.01.20","810120 ","81.01","Seram Utara Barat","2024-03-02 20:05:33.162788+07","2024-03-02 20:05:33.162788+07"
"81.01.21","810121 ","81.01","Teluk Elpaputih","2024-03-02 20:05:33.162788+07","2024-03-02 20:05:33.162788+07"
"81.01.22","810122 ","81.01","Leihitu Barat","2024-03-02 20:05:33.162788+07","2024-03-02 20:05:33.162788+07"
"81.01.23","810123 ","81.01","Telutih","2024-03-02 20:05:33.162788+07","2024-03-02 20:05:33.162788+07"
"81.01.24","810124 ","81.01","Seram Utara Timur Seti","2024-03-02 20:05:33.162788+07","2024-03-02 20:05:33.162788+07"
"81.01.25","810125 ","81.01","Seram Utara Timur Kobi","2024-03-02 20:05:33.162788+07","2024-03-02 20:05:33.162788+07"
"81.01.26","810126 ","81.01","Saparua Timur","2024-03-02 20:05:33.162788+07","2024-03-02 20:05:33.162788+07"
"81.02.01","810201 ","81.02","Kei Kecil","2024-03-02 20:05:33.162788+07","2024-03-02 20:05:33.162788+07"
"81.02.03","810203 ","81.02","Kei Besar","2024-03-02 20:05:33.162788+07","2024-03-02 20:05:33.162788+07"
"81.02.04","810204 ","81.02","Kei Besar Selatan","2024-03-02 20:05:33.162788+07","2024-03-02 20:05:33.162788+07"
"81.02.05","810205 ","81.02","Kei Besar Utara Timur","2024-03-02 20:05:33.162788+07","2024-03-02 20:05:33.162788+07"
"81.02.13","810213 ","81.02","Kei Kecil Timur","2024-03-02 20:05:33.162788+07","2024-03-02 20:05:33.162788+07"
"81.02.14","810214 ","81.02","Kei Kecil Barat","2024-03-02 20:05:33.162788+07","2024-03-02 20:05:33.162788+07"
"81.02.15","810215 ","81.02","Manyeuw","2024-03-02 20:05:33.162788+07","2024-03-02 20:05:33.162788+07"
"81.02.16","810216 ","81.02","Hoat Sorbay","2024-03-02 20:05:33.162788+07","2024-03-02 20:05:33.162788+07"
"81.02.17","810217 ","81.02","Kei Besar Utara Barat","2024-03-02 20:05:33.162788+07","2024-03-02 20:05:33.162788+07"
"81.02.18","810218 ","81.02","Kei Besar Selatan Barat","2024-03-02 20:05:33.162788+07","2024-03-02 20:05:33.162788+07"
"81.02.19","810219 ","81.02","Kei Kecil Timur Selatan","2024-03-02 20:05:33.162788+07","2024-03-02 20:05:33.162788+07"
"81.03.01","810301 ","81.03","Tanimbar Selatan","2024-03-02 20:05:33.162788+07","2024-03-02 20:05:33.162788+07"
"81.03.02","810302 ","81.03","Selaru","2024-03-02 20:05:33.162788+07","2024-03-02 20:05:33.162788+07"
"81.03.03","810303 ","81.03","Wer Tamrian","2024-03-02 20:05:33.162788+07","2024-03-02 20:05:33.162788+07"
"81.03.04","810304 ","81.03","Wer Maktian","2024-03-02 20:05:33.162788+07","2024-03-02 20:05:33.162788+07"
"81.03.05","810305 ","81.03","Tanimbar Utara","2024-03-02 20:05:33.162788+07","2024-03-02 20:05:33.162788+07"
"81.03.06","810306 ","81.03","Yaru","2024-03-02 20:05:33.162788+07","2024-03-02 20:05:33.162788+07"
"81.03.07","810307 ","81.03","Wuar Labobar","2024-03-02 20:05:33.162788+07","2024-03-02 20:05:33.162788+07"
"81.03.08","810308 ","81.03","Kormomolin","2024-03-02 20:05:33.162788+07","2024-03-02 20:05:33.162788+07"
"81.03.09","810309 ","81.03","Nirunmas","2024-03-02 20:05:33.162788+07","2024-03-02 20:05:33.162788+07"
"81.03.18","810318 ","81.03","Molu Maru","2024-03-02 20:05:33.162788+07","2024-03-02 20:05:33.162788+07"
"81.04.01","810401 ","81.04","Namlea","2024-03-02 20:05:33.162788+07","2024-03-02 20:05:33.162788+07"
"81.04.02","810402 ","81.04","Air Buaya","2024-03-02 20:05:33.162788+07","2024-03-02 20:05:33.162788+07"
"81.04.03","810403 ","81.04","Waeapo","2024-03-02 20:05:33.162788+07","2024-03-02 20:05:33.162788+07"
"81.04.06","810406 ","81.04","Waplau","2024-03-02 20:05:33.162788+07","2024-03-02 20:05:33.162788+07"
"81.04.10","810410 ","81.04","Batabual","2024-03-02 20:05:33.162788+07","2024-03-02 20:05:33.162788+07"
"81.04.11","810411 ","81.04","Lolong Guba","2024-03-02 20:05:33.162788+07","2024-03-02 20:05:33.162788+07"
"81.04.12","810412 ","81.04","Waelata","2024-03-02 20:05:33.162788+07","2024-03-02 20:05:33.162788+07"
"81.04.13","810413 ","81.04","Fena Leisela","2024-03-02 20:05:33.162788+07","2024-03-02 20:05:33.162788+07"
"81.04.14","810414 ","81.04","Teluk Kaiely","2024-03-02 20:05:33.162788+07","2024-03-02 20:05:33.162788+07"
"81.04.15","810415 ","81.04","Lilialy","2024-03-02 20:05:33.162788+07","2024-03-02 20:05:33.162788+07"
"81.05.01","810501 ","81.05","Bula","2024-03-02 20:05:33.162788+07","2024-03-02 20:05:33.162788+07"
"81.05.02","810502 ","81.05","Seram Timur","2024-03-02 20:05:33.162788+07","2024-03-02 20:05:33.162788+07"
"81.05.03","810503 ","81.05","Werinama","2024-03-02 20:05:33.162788+07","2024-03-02 20:05:33.162788+07"
"81.05.04","810504 ","81.05","Pulau Gorom","2024-03-02 20:05:33.162788+07","2024-03-02 20:05:33.162788+07"
"81.05.05","810505 ","81.05","Wakate","2024-03-02 20:05:33.162788+07","2024-03-02 20:05:33.162788+07"
"81.05.06","810506 ","81.05","Tutuk Tolu","2024-03-02 20:05:33.162788+07","2024-03-02 20:05:33.162788+07"
"81.05.07","810507 ","81.05","Siwalalat","2024-03-02 20:05:33.162788+07","2024-03-02 20:05:33.162788+07"
"81.05.08","810508 ","81.05","Kilmury","2024-03-02 20:05:33.162788+07","2024-03-02 20:05:33.162788+07"
"81.05.09","810509 ","81.05","Pulau Panjang","2024-03-02 20:05:33.162788+07","2024-03-02 20:05:33.162788+07"
"81.05.10","810510 ","81.05","Teor","2024-03-02 20:05:33.162788+07","2024-03-02 20:05:33.162788+07"
"81.05.11","810511 ","81.05","Gorom Timur","2024-03-02 20:05:33.162788+07","2024-03-02 20:05:33.162788+07"
"81.05.12","810512 ","81.05","Bula Barat","2024-03-02 20:05:33.162788+07","2024-03-02 20:05:33.162788+07"
"81.05.13","810513 ","81.05","Kian Darat","2024-03-02 20:05:33.162788+07","2024-03-02 20:05:33.162788+07"
"81.05.14","810514 ","81.05","Siritaun Wida Timur","2024-03-02 20:05:33.162788+07","2024-03-02 20:05:33.162788+07"
"81.05.15","810515 ","81.05","Teluk Waru","2024-03-02 20:05:33.162788+07","2024-03-02 20:05:33.162788+07"
"81.06.01","810601 ","81.06","Kairatu","2024-03-02 20:05:33.162788+07","2024-03-02 20:05:33.162788+07"
"81.06.02","810602 ","81.06","Seram Barat","2024-03-02 20:05:33.162788+07","2024-03-02 20:05:33.162788+07"
"81.06.03","810603 ","81.06","Taniwel","2024-03-02 20:05:33.162788+07","2024-03-02 20:05:33.162788+07"
"81.06.04","810604 ","81.06","Huamual Belakang","2024-03-02 20:05:33.162788+07","2024-03-02 20:05:33.162788+07"
"81.06.05","810605 ","81.06","Amalatu","2024-03-02 20:05:33.162788+07","2024-03-02 20:05:33.162788+07"
"81.06.06","810606 ","81.06","Inamosol","2024-03-02 20:05:33.162788+07","2024-03-02 20:05:33.162788+07"
"81.06.07","810607 ","81.06","Kairatu Barat","2024-03-02 20:05:33.162788+07","2024-03-02 20:05:33.162788+07"
"81.06.08","810608 ","81.06","Huamual","2024-03-02 20:05:33.162788+07","2024-03-02 20:05:33.162788+07"
"81.06.09","810609 ","81.06","Kepulauan Manipa","2024-03-02 20:05:33.162788+07","2024-03-02 20:05:33.162788+07"
"81.06.10","810610 ","81.06","Taniwel Timur","2024-03-02 20:05:33.162788+07","2024-03-02 20:05:33.162788+07"
"81.06.11","810611 ","81.06","Elpaputih","2024-03-02 20:05:33.162788+07","2024-03-02 20:05:33.162788+07"
"81.07.01","810701 ","81.07","Pulau-Pulau Aru","2024-03-02 20:05:33.162788+07","2024-03-02 20:05:33.162788+07"
"81.07.02","810702 ","81.07","Aru Selatan","2024-03-02 20:05:33.162788+07","2024-03-02 20:05:33.162788+07"
"81.07.03","810703 ","81.07","Aru Tengah","2024-03-02 20:05:33.162788+07","2024-03-02 20:05:33.162788+07"
"81.07.04","810704 ","81.07","Aru Utara","2024-03-02 20:05:33.162788+07","2024-03-02 20:05:33.162788+07"
"81.07.05","810705 ","81.07","Aru Utara Timur Batuley","2024-03-02 20:05:33.162788+07","2024-03-02 20:05:33.162788+07"
"81.07.06","810706 ","81.07","Sir-Sir","2024-03-02 20:05:33.162788+07","2024-03-02 20:05:33.162788+07"
"81.07.07","810707 ","81.07","Aru Tengah Timur","2024-03-02 20:05:33.162788+07","2024-03-02 20:05:33.162788+07"
"81.07.08","810708 ","81.07","Aru Tengah Selatan","2024-03-02 20:05:33.162788+07","2024-03-02 20:05:33.162788+07"
"81.07.09","810709 ","81.07","Aru Selatan Timur","2024-03-02 20:05:33.162788+07","2024-03-02 20:05:33.162788+07"
"81.07.10","810710 ","81.07","Aru Selatan Utara","2024-03-02 20:05:33.162788+07","2024-03-02 20:05:33.162788+07"
"81.08.01","810801 ","81.08","Moa Lakor","2024-03-02 20:05:33.162788+07","2024-03-02 20:05:33.162788+07"
"81.08.02","810802 ","81.08","Damer","2024-03-02 20:05:33.162788+07","2024-03-02 20:05:33.162788+07"
"81.08.03","810803 ","81.08","Mndona Hiera","2024-03-02 20:05:33.162788+07","2024-03-02 20:05:33.162788+07"
"81.08.04","810804 ","81.08","Pulau-Pulau Babar","2024-03-02 20:05:33.162788+07","2024-03-02 20:05:33.162788+07"
"81.08.05","810805 ","81.08","Pulau-pulau Babar Timur","2024-03-02 20:05:33.162788+07","2024-03-02 20:05:33.162788+07"
"81.08.06","810806 ","81.08","Wetar","2024-03-02 20:05:33.162788+07","2024-03-02 20:05:33.162788+07"
"81.08.07","810807 ","81.08","Pulau-pulau Terselatan","2024-03-02 20:05:33.162788+07","2024-03-02 20:05:33.162788+07"
"81.08.08","810808 ","81.08","Pulau Leti","2024-03-02 20:05:33.162788+07","2024-03-02 20:05:33.162788+07"
"81.08.09","810809 ","81.08","Pulau Masela","2024-03-02 20:05:33.162788+07","2024-03-02 20:05:33.162788+07"
"81.08.10","810810 ","81.08","Dawelor Dawera","2024-03-02 20:05:33.162788+07","2024-03-02 20:05:33.162788+07"
"81.08.11","810811 ","81.08","Pulau Wetang","2024-03-02 20:05:33.162788+07","2024-03-02 20:05:33.162788+07"
"81.08.12","810812 ","81.08","Pulau Lakor","2024-03-02 20:05:33.162788+07","2024-03-02 20:05:33.162788+07"
"81.08.13","810813 ","81.08","Wetar Utara","2024-03-02 20:05:33.162788+07","2024-03-02 20:05:33.162788+07"
"81.08.14","810814 ","81.08","Wetar Barat","2024-03-02 20:05:33.162788+07","2024-03-02 20:05:33.162788+07"
"81.08.15","810815 ","81.08","Wetar Timur","2024-03-02 20:05:33.162788+07","2024-03-02 20:05:33.162788+07"
"81.08.16","810816 ","81.08","Kepulauan Romang","2024-03-02 20:05:33.162788+07","2024-03-02 20:05:33.162788+07"
"81.08.17","810817 ","81.08","Kisar Utara","2024-03-02 20:05:33.162788+07","2024-03-02 20:05:33.162788+07"
"81.09.01","810901 ","81.09","Namrole","2024-03-02 20:05:33.162788+07","2024-03-02 20:05:33.162788+07"
"81.09.02","810902 ","81.09","Waesama","2024-03-02 20:05:33.162788+07","2024-03-02 20:05:33.162788+07"
"81.09.03","810903 ","81.09","Ambalau","2024-03-02 20:05:33.162788+07","2024-03-02 20:05:33.162788+07"
"81.09.04","810904 ","81.09","Kepala Madan","2024-03-02 20:05:33.162788+07","2024-03-02 20:05:33.162788+07"
"81.09.05","810905 ","81.09","Leksula","2024-03-02 20:05:33.162788+07","2024-03-02 20:05:33.162788+07"
"81.09.06","810906 ","81.09","Fena Fafan","2024-03-02 20:05:33.162788+07","2024-03-02 20:05:33.162788+07"
"81.71.01","817101 ","81.71","Nusaniwe","2024-03-02 20:05:33.162788+07","2024-03-02 20:05:33.162788+07"
"81.71.02","817102 ","81.71","Sirimau","2024-03-02 20:05:33.162788+07","2024-03-02 20:05:33.162788+07"
"81.71.03","817103 ","81.71","Baguala","2024-03-02 20:05:33.162788+07","2024-03-02 20:05:33.162788+07"
"81.71.04","817104 ","81.71","Teluk Ambon","2024-03-02 20:05:33.162788+07","2024-03-02 20:05:33.162788+07"
"81.71.05","817105 ","81.71","Leitimur Selatan","2024-03-02 20:05:33.162788+07","2024-03-02 20:05:33.162788+07"
"81.72.01","817201 ","81.72","Pulau Dullah Utara","2024-03-02 20:05:33.162788+07","2024-03-02 20:05:33.162788+07"
"81.72.02","817202 ","81.72","Pulau Dullah Selatan","2024-03-02 20:05:33.162788+07","2024-03-02 20:05:33.162788+07"
"81.72.03","817203 ","81.72","Tayando Tam","2024-03-02 20:05:33.162788+07","2024-03-02 20:05:33.162788+07"
"81.72.04","817204 ","81.72","Pulau-Pulau Kur","2024-03-02 20:05:33.162788+07","2024-03-02 20:05:33.162788+07"
"81.72.05","817205 ","81.72","Kur Selatan","2024-03-02 20:05:33.162788+07","2024-03-02 20:05:33.162788+07"
"82.01.01","820101 ","82.01","Jailolo","2024-03-02 20:05:33.162788+07","2024-03-02 20:05:33.162788+07"
"82.01.02","820102 ","82.01","Loloda","2024-03-02 20:05:33.162788+07","2024-03-02 20:05:33.162788+07"
"82.01.03","820103 ","82.01","Ibu","2024-03-02 20:05:33.162788+07","2024-03-02 20:05:33.162788+07"
"82.01.04","820104 ","82.01","Sahu","2024-03-02 20:05:33.162788+07","2024-03-02 20:05:33.162788+07"
"82.01.05","820105 ","82.01","Jailolo Selatan","2024-03-02 20:05:33.162788+07","2024-03-02 20:05:33.162788+07"
"82.01.07","820107 ","82.01","Ibu Utara","2024-03-02 20:05:33.162788+07","2024-03-02 20:05:33.162788+07"
"82.01.08","820108 ","82.01","Ibu Selatan","2024-03-02 20:05:33.162788+07","2024-03-02 20:05:33.162788+07"
"82.01.09","820109 ","82.01","Sahu Timur","2024-03-02 20:05:33.162788+07","2024-03-02 20:05:33.162788+07"
"82.01.10","820110 ","82.01","Loloda Tengah","2024-03-02 20:05:33.162788+07","2024-03-02 20:05:33.162788+07"
"82.02.01","820201 ","82.02","Weda","2024-03-02 20:05:33.162788+07","2024-03-02 20:05:33.162788+07"
"82.02.02","820202 ","82.02","Patani","2024-03-02 20:05:33.162788+07","2024-03-02 20:05:33.162788+07"
"82.02.03","820203 ","82.02","Pulau Gebe","2024-03-02 20:05:33.162788+07","2024-03-02 20:05:33.162788+07"
"82.02.04","820204 ","82.02","Weda Utara","2024-03-02 20:05:33.162788+07","2024-03-02 20:05:33.162788+07"
"82.02.05","820205 ","82.02","Weda Selatan","2024-03-02 20:05:33.162788+07","2024-03-02 20:05:33.162788+07"
"82.02.06","820206 ","82.02","Patani Utara","2024-03-02 20:05:33.162788+07","2024-03-02 20:05:33.162788+07"
"82.02.07","820207 ","82.02","Weda Tengah","2024-03-02 20:05:33.162788+07","2024-03-02 20:05:33.162788+07"
"82.02.08","820208 ","82.02","Patani Barat","2024-03-02 20:05:33.162788+07","2024-03-02 20:05:33.162788+07"
"82.02.09","820209 ","82.02","Weda Timur","2024-03-02 20:05:33.162788+07","2024-03-02 20:05:33.162788+07"
"82.02.10","820210 ","82.02","Patani Timur","2024-03-02 20:05:33.162788+07","2024-03-02 20:05:33.162788+07"
"82.03.04","820304 ","82.03","Galela","2024-03-02 20:05:33.162788+07","2024-03-02 20:05:33.162788+07"
"82.03.05","820305 ","82.03","Tobelo","2024-03-02 20:05:33.162788+07","2024-03-02 20:05:33.162788+07"
"82.03.06","820306 ","82.03","Tobelo Selatan","2024-03-02 20:05:33.162788+07","2024-03-02 20:05:33.162788+07"
"82.03.07","820307 ","82.03","Kao","2024-03-02 20:05:33.162788+07","2024-03-02 20:05:33.162788+07"
"82.03.08","820308 ","82.03","Malifut","2024-03-02 20:05:33.162788+07","2024-03-02 20:05:33.162788+07"
"82.03.09","820309 ","82.03","Loloda Utara","2024-03-02 20:05:33.162788+07","2024-03-02 20:05:33.162788+07"
"82.03.10","820310 ","82.03","Tobelo Utara","2024-03-02 20:05:33.162788+07","2024-03-02 20:05:33.162788+07"
"82.03.11","820311 ","82.03","Tobelo Tengah","2024-03-02 20:05:33.162788+07","2024-03-02 20:05:33.162788+07"
"82.03.12","820312 ","82.03","Tobelo Timur","2024-03-02 20:05:33.162788+07","2024-03-02 20:05:33.162788+07"
"82.03.13","820313 ","82.03","Tobelo Barat","2024-03-02 20:05:33.162788+07","2024-03-02 20:05:33.162788+07"
"82.03.14","820314 ","82.03","Galela Barat","2024-03-02 20:05:33.162788+07","2024-03-02 20:05:33.162788+07"
"82.03.15","820315 ","82.03","Galela Utara","2024-03-02 20:05:33.162788+07","2024-03-02 20:05:33.162788+07"
"82.03.16","820316 ","82.03","Galela Selatan","2024-03-02 20:05:33.162788+07","2024-03-02 20:05:33.162788+07"
"82.03.19","820319 ","82.03","Loloda Kepulauan","2024-03-02 20:05:33.162788+07","2024-03-02 20:05:33.162788+07"
"82.03.20","820320 ","82.03","Kao Utara","2024-03-02 20:05:33.162788+07","2024-03-02 20:05:33.162788+07"
"82.03.21","820321 ","82.03","Kao Barat","2024-03-02 20:05:33.162788+07","2024-03-02 20:05:33.162788+07"
"82.03.22","820322 ","82.03","Kao Teluk","2024-03-02 20:05:33.162788+07","2024-03-02 20:05:33.162788+07"
"82.04.01","820401 ","82.04","Pulau Makian","2024-03-02 20:05:33.162788+07","2024-03-02 20:05:33.162788+07"
"82.04.02","820402 ","82.04","Kayoa","2024-03-02 20:05:33.162788+07","2024-03-02 20:05:33.162788+07"
"82.04.03","820403 ","82.04","Gane Timur","2024-03-02 20:05:33.162788+07","2024-03-02 20:05:33.162788+07"
"82.04.04","820404 ","82.04","Gane Barat","2024-03-02 20:05:33.162788+07","2024-03-02 20:05:33.162788+07"
"82.04.05","820405 ","82.04","Obi Selatan","2024-03-02 20:05:33.162788+07","2024-03-02 20:05:33.162788+07"
"82.04.06","820406 ","82.04","Obi","2024-03-02 20:05:33.162788+07","2024-03-02 20:05:33.162788+07"
"82.04.07","820407 ","82.04","Bacan Timur","2024-03-02 20:05:33.162788+07","2024-03-02 20:05:33.162788+07"
"82.04.08","820408 ","82.04","Bacan","2024-03-02 20:05:33.162788+07","2024-03-02 20:05:33.162788+07"
"82.04.09","820409 ","82.04","Bacan Barat","2024-03-02 20:05:33.162788+07","2024-03-02 20:05:33.162788+07"
"82.04.10","820410 ","82.04","Makian Barat","2024-03-02 20:05:33.162788+07","2024-03-02 20:05:33.162788+07"
"82.04.11","820411 ","82.04","Kayoa Barat","2024-03-02 20:05:33.162788+07","2024-03-02 20:05:33.162788+07"
"82.04.12","820412 ","82.04","Kayoa Selatan","2024-03-02 20:05:33.162788+07","2024-03-02 20:05:33.162788+07"
"82.04.13","820413 ","82.04","Kayoa Utara","2024-03-02 20:05:33.162788+07","2024-03-02 20:05:33.162788+07"
"82.04.14","820414 ","82.04","Bacan Barat Utara","2024-03-02 20:05:33.162788+07","2024-03-02 20:05:33.162788+07"
"82.04.15","820415 ","82.04","Kasiruta Barat","2024-03-02 20:05:33.162788+07","2024-03-02 20:05:33.162788+07"
"82.04.16","820416 ","82.04","Kasiruta Timur","2024-03-02 20:05:33.162788+07","2024-03-02 20:05:33.162788+07"
"82.04.17","820417 ","82.04","Bacan Selatan","2024-03-02 20:05:33.162788+07","2024-03-02 20:05:33.162788+07"
"82.04.18","820418 ","82.04","Kepulauan Botanglomang","2024-03-02 20:05:33.162788+07","2024-03-02 20:05:33.162788+07"
"82.04.19","820419 ","82.04","Mandioli Selatan","2024-03-02 20:05:33.162788+07","2024-03-02 20:05:33.162788+07"
"82.04.20","820420 ","82.04","Mandioli Utara","2024-03-02 20:05:33.162788+07","2024-03-02 20:05:33.162788+07"
"82.04.21","820421 ","82.04","Bacan Timur Selatan","2024-03-02 20:05:33.162788+07","2024-03-02 20:05:33.162788+07"
"82.04.22","820422 ","82.04","Bacan Timur Tengah","2024-03-02 20:05:33.162788+07","2024-03-02 20:05:33.162788+07"
"82.04.23","820423 ","82.04","Gane Barat Selatan","2024-03-02 20:05:33.162788+07","2024-03-02 20:05:33.162788+07"
"82.04.24","820424 ","82.04","Gane Barat Utara","2024-03-02 20:05:33.162788+07","2024-03-02 20:05:33.162788+07"
"82.04.25","820425 ","82.04","Kepulauan Joronga","2024-03-02 20:05:33.162788+07","2024-03-02 20:05:33.162788+07"
"82.04.26","820426 ","82.04","Gane Timur Selatan","2024-03-02 20:05:33.162788+07","2024-03-02 20:05:33.162788+07"
"82.04.27","820427 ","82.04","Gane Timur Tengah","2024-03-02 20:05:33.162788+07","2024-03-02 20:05:33.162788+07"
"82.04.28","820428 ","82.04","Obi Barat","2024-03-02 20:05:33.162788+07","2024-03-02 20:05:33.162788+07"
"82.04.29","820429 ","82.04","Obi Timur","2024-03-02 20:05:33.162788+07","2024-03-02 20:05:33.162788+07"
"82.04.30","820430 ","82.04","Obi Utara","2024-03-02 20:05:33.162788+07","2024-03-02 20:05:33.162788+07"
"82.05.01","820501 ","82.05","Mangoli Timur","2024-03-02 20:05:33.162788+07","2024-03-02 20:05:33.162788+07"
"82.05.02","820502 ","82.05","Sanana","2024-03-02 20:05:33.162788+07","2024-03-02 20:05:33.162788+07"
"82.05.03","820503 ","82.05","Sulabesi Barat","2024-03-02 20:05:33.162788+07","2024-03-02 20:05:33.162788+07"
"82.05.06","820506 ","82.05","Mangoli Barat","2024-03-02 20:05:33.162788+07","2024-03-02 20:05:33.162788+07"
"82.05.07","820507 ","82.05","Sulabesi Tengah","2024-03-02 20:05:33.162788+07","2024-03-02 20:05:33.162788+07"
"82.05.08","820508 ","82.05","Sulabesi Timur","2024-03-02 20:05:33.162788+07","2024-03-02 20:05:33.162788+07"
"82.05.09","820509 ","82.05","Sulabesi Selatan","2024-03-02 20:05:33.162788+07","2024-03-02 20:05:33.162788+07"
"82.05.10","820510 ","82.05","Mangoli Utara Timur","2024-03-02 20:05:33.162788+07","2024-03-02 20:05:33.162788+07"
"82.05.11","820511 ","82.05","Mangoli Tengah","2024-03-02 20:05:33.162788+07","2024-03-02 20:05:33.162788+07"
"82.05.12","820512 ","82.05","Mangoli Selatan","2024-03-02 20:05:33.162788+07","2024-03-02 20:05:33.162788+07"
"82.05.13","820513 ","82.05","Mangoli Utara","2024-03-02 20:05:33.162788+07","2024-03-02 20:05:33.162788+07"
"82.05.18","820518 ","82.05","Sanana Utara","2024-03-02 20:05:33.162788+07","2024-03-02 20:05:33.162788+07"
"82.06.01","820601 ","82.06","Wasile","2024-03-02 20:05:33.162788+07","2024-03-02 20:05:33.162788+07"
"82.06.02","820602 ","82.06","Maba","2024-03-02 20:05:33.162788+07","2024-03-02 20:05:33.162788+07"
"82.06.03","820603 ","82.06","Maba Selatan","2024-03-02 20:05:33.162788+07","2024-03-02 20:05:33.162788+07"
"82.06.04","820604 ","82.06","Wasile Selatan","2024-03-02 20:05:33.162788+07","2024-03-02 20:05:33.162788+07"
"82.06.05","820605 ","82.06","Wasile Tengah","2024-03-02 20:05:33.162788+07","2024-03-02 20:05:33.162788+07"
"82.06.06","820606 ","82.06","Wasile Utara","2024-03-02 20:05:33.162788+07","2024-03-02 20:05:33.162788+07"
"82.06.07","820607 ","82.06","Wasile Timur","2024-03-02 20:05:33.162788+07","2024-03-02 20:05:33.162788+07"
"82.06.08","820608 ","82.06","Maba Tengah","2024-03-02 20:05:33.162788+07","2024-03-02 20:05:33.162788+07"
"82.06.09","820609 ","82.06","Maba Utara","2024-03-02 20:05:33.162788+07","2024-03-02 20:05:33.162788+07"
"82.06.10","820610 ","82.06","Kota Maba","2024-03-02 20:05:33.162788+07","2024-03-02 20:05:33.162788+07"
"82.07.01","820701 ","82.07","Morotai Selatan","2024-03-02 20:05:33.162788+07","2024-03-02 20:05:33.162788+07"
"82.07.02","820702 ","82.07","Morotai Selatan Barat","2024-03-02 20:05:33.162788+07","2024-03-02 20:05:33.162788+07"
"82.07.03","820703 ","82.07","Morotai Jaya","2024-03-02 20:05:33.162788+07","2024-03-02 20:05:33.162788+07"
"82.07.04","820704 ","82.07","Morotai Utara","2024-03-02 20:05:33.162788+07","2024-03-02 20:05:33.162788+07"
"82.07.05","820705 ","82.07","Morotai Timur","2024-03-02 20:05:33.162788+07","2024-03-02 20:05:33.162788+07"
"82.07.06","820706 ","82.07","Pulau Rao","2024-03-02 20:05:33.162788+07","2024-03-02 20:05:33.162788+07"
"82.08.01","820801 ","82.08","Taliabu Barat","2024-03-02 20:05:33.162788+07","2024-03-02 20:05:33.162788+07"
"82.08.02","820802 ","82.08","Taliabu Barat Laut","2024-03-02 20:05:33.162788+07","2024-03-02 20:05:33.162788+07"
"82.08.03","820803 ","82.08","Lede","2024-03-02 20:05:33.162788+07","2024-03-02 20:05:33.162788+07"
"82.08.04","820804 ","82.08","Taliabu Utara","2024-03-02 20:05:33.162788+07","2024-03-02 20:05:33.162788+07"
"82.08.05","820805 ","82.08","Taliabu Timur","2024-03-02 20:05:33.162788+07","2024-03-02 20:05:33.162788+07"
"82.08.06","820806 ","82.08","Taliabu Timur Selatan","2024-03-02 20:05:33.162788+07","2024-03-02 20:05:33.162788+07"
"82.08.07","820807 ","82.08","Taliabu Selatan","2024-03-02 20:05:33.162788+07","2024-03-02 20:05:33.162788+07"
"82.08.08","820808 ","82.08","Tabona","2024-03-02 20:05:33.162788+07","2024-03-02 20:05:33.162788+07"
"82.71.01","827101 ","82.71","Pulau Ternate","2024-03-02 20:05:33.162788+07","2024-03-02 20:05:33.162788+07"
"82.71.02","827102 ","82.71","Kota Ternate Selatan","2024-03-02 20:05:33.162788+07","2024-03-02 20:05:33.162788+07"
"82.71.03","827103 ","82.71","Kota Ternate Utara","2024-03-02 20:05:33.162788+07","2024-03-02 20:05:33.162788+07"
"82.71.04","827104 ","82.71","Moti","2024-03-02 20:05:33.162788+07","2024-03-02 20:05:33.162788+07"
"82.71.05","827105 ","82.71","Pulau Batang Dua","2024-03-02 20:05:33.162788+07","2024-03-02 20:05:33.162788+07"
"82.71.06","827106 ","82.71","Kota Ternate Tengah","2024-03-02 20:05:33.162788+07","2024-03-02 20:05:33.162788+07"
"82.71.07","827107 ","82.71","Pulau Hiri","2024-03-02 20:05:33.162788+07","2024-03-02 20:05:33.162788+07"
"82.71.08","827108 ","82.71","Ternate Barat","2024-03-02 20:05:33.162788+07","2024-03-02 20:05:33.162788+07"
"82.72.01","827201 ","82.72","Tidore","2024-03-02 20:05:33.162788+07","2024-03-02 20:05:33.162788+07"
"82.72.02","827202 ","82.72","Oba Utara","2024-03-02 20:05:33.162788+07","2024-03-02 20:05:33.162788+07"
"82.72.03","827203 ","82.72","Oba","2024-03-02 20:05:33.162788+07","2024-03-02 20:05:33.162788+07"
"82.72.04","827204 ","82.72","Tidore Selatan","2024-03-02 20:05:33.162788+07","2024-03-02 20:05:33.162788+07"
"82.72.05","827205 ","82.72","Tidore Utara","2024-03-02 20:05:33.162788+07","2024-03-02 20:05:33.162788+07"
"82.72.06","827206 ","82.72","Oba Tengah","2024-03-02 20:05:33.162788+07","2024-03-02 20:05:33.162788+07"
"82.72.07","827207 ","82.72","Oba Selatan","2024-03-02 20:05:33.162788+07","2024-03-02 20:05:33.162788+07"
"82.72.08","827208 ","82.72","Tidore Timur","2024-03-02 20:05:33.162788+07","2024-03-02 20:05:33.162788+07"
"91.03.01","910301 ","91.03","Sentani","2024-03-02 20:05:33.162788+07","2024-03-02 20:05:33.162788+07"
"91.03.02","910302 ","91.03","Sentani Timur","2024-03-02 20:05:33.162788+07","2024-03-02 20:05:33.162788+07"
"91.03.03","910303 ","91.03","Depapre","2024-03-02 20:05:33.162788+07","2024-03-02 20:05:33.162788+07"
"91.03.04","910304 ","91.03","Sentani Barat","2024-03-02 20:05:33.162788+07","2024-03-02 20:05:33.162788+07"
"91.03.05","910305 ","91.03","Kemtuk","2024-03-02 20:05:33.162788+07","2024-03-02 20:05:33.162788+07"
"91.03.06","910306 ","91.03","Kemtuk Gresi","2024-03-02 20:05:33.162788+07","2024-03-02 20:05:33.162788+07"
"91.03.07","910307 ","91.03","Nimboran","2024-03-02 20:05:33.162788+07","2024-03-02 20:05:33.162788+07"
"91.03.08","910308 ","91.03","Nimbokrang","2024-03-02 20:05:33.162788+07","2024-03-02 20:05:33.162788+07"
"91.03.09","910309 ","91.03","Unurum Guay","2024-03-02 20:05:33.162788+07","2024-03-02 20:05:33.162788+07"
"91.03.10","910310 ","91.03","Demta","2024-03-02 20:05:33.162788+07","2024-03-02 20:05:33.162788+07"
"91.03.11","910311 ","91.03","Kaureh","2024-03-02 20:05:33.162788+07","2024-03-02 20:05:33.162788+07"
"91.03.12","910312 ","91.03","Ebungfao","2024-03-02 20:05:33.162788+07","2024-03-02 20:05:33.162788+07"
"91.03.13","910313 ","91.03","Waibu","2024-03-02 20:05:33.162788+07","2024-03-02 20:05:33.162788+07"
"91.03.14","910314 ","91.03","Nambluong","2024-03-02 20:05:33.162788+07","2024-03-02 20:05:33.162788+07"
"91.03.15","910315 ","91.03","Yapsi","2024-03-02 20:05:33.162788+07","2024-03-02 20:05:33.162788+07"
"91.03.16","910316 ","91.03","Airu","2024-03-02 20:05:33.162788+07","2024-03-02 20:05:33.162788+07"
"91.03.17","910317 ","91.03","Raveni Rara","2024-03-02 20:05:33.162788+07","2024-03-02 20:05:33.162788+07"
"91.03.18","910318 ","91.03","Gresi Selatan","2024-03-02 20:05:33.162788+07","2024-03-02 20:05:33.162788+07"
"91.03.19","910319 ","91.03","Yokari","2024-03-02 20:05:33.162788+07","2024-03-02 20:05:33.162788+07"
"91.05.01","910501 ","91.05","Yapen Selatan","2024-03-02 20:05:33.162788+07","2024-03-02 20:05:33.162788+07"
"91.05.02","910502 ","91.05","Yapen Barat","2024-03-02 20:05:33.162788+07","2024-03-02 20:05:33.162788+07"
"91.05.03","910503 ","91.05","Yapen Timur","2024-03-02 20:05:33.162788+07","2024-03-02 20:05:33.162788+07"
"91.05.04","910504 ","91.05","Angkaisera","2024-03-02 20:05:33.162788+07","2024-03-02 20:05:33.162788+07"
"91.05.05","910505 ","91.05","Poom","2024-03-02 20:05:33.162788+07","2024-03-02 20:05:33.162788+07"
"91.05.06","910506 ","91.05","Kosiwo","2024-03-02 20:05:33.162788+07","2024-03-02 20:05:33.162788+07"
"91.05.07","910507 ","91.05","Yapen Utara","2024-03-02 20:05:33.162788+07","2024-03-02 20:05:33.162788+07"
"91.05.08","910508 ","91.05","Raimbawi","2024-03-02 20:05:33.162788+07","2024-03-02 20:05:33.162788+07"
"91.05.09","910509 ","91.05","Teluk Ampimoi","2024-03-02 20:05:33.162788+07","2024-03-02 20:05:33.162788+07"
"91.05.10","910510 ","91.05","Kepulauan Ambai","2024-03-02 20:05:33.162788+07","2024-03-02 20:05:33.162788+07"
"91.05.11","910511 ","91.05","Wonawa","2024-03-02 20:05:33.162788+07","2024-03-02 20:05:33.162788+07"
"91.05.12","910512 ","91.05","Windesi","2024-03-02 20:05:33.162788+07","2024-03-02 20:05:33.162788+07"
"91.05.13","910513 ","91.05","Pulau Kurudu","2024-03-02 20:05:33.162788+07","2024-03-02 20:05:33.162788+07"
"91.05.14","910514 ","91.05","Pulau Yerui","2024-03-02 20:05:33.162788+07","2024-03-02 20:05:33.162788+07"
"91.05.15","910515 ","91.05","Anotaurei","2024-03-02 20:05:33.162788+07","2024-03-02 20:05:33.162788+07"
"91.05.16","910516 ","91.05","Yawakukat","2024-03-02 20:05:33.162788+07","2024-03-02 20:05:33.162788+07"
"91.05.17","910517 ","91.05","Nusawani","2024-03-02 20:05:33.162788+07","2024-03-02 20:05:33.162788+07"
"91.06.01","910601 ","91.06","Biak Kota","2024-03-02 20:05:33.162788+07","2024-03-02 20:05:33.162788+07"
"91.06.02","910602 ","91.06","Biak Utara","2024-03-02 20:05:33.162788+07","2024-03-02 20:05:33.162788+07"
"91.06.03","910603 ","91.06","Biak Timur","2024-03-02 20:05:33.162788+07","2024-03-02 20:05:33.162788+07"
"91.06.04","910604 ","91.06","Numfor Barat","2024-03-02 20:05:33.162788+07","2024-03-02 20:05:33.162788+07"
"91.06.05","910605 ","91.06","Numfor Timur","2024-03-02 20:05:33.162788+07","2024-03-02 20:05:33.162788+07"
"91.06.08","910608 ","91.06","Biak Barat","2024-03-02 20:05:33.162788+07","2024-03-02 20:05:33.162788+07"
"91.06.09","910609 ","91.06","Warsa","2024-03-02 20:05:33.162788+07","2024-03-02 20:05:33.162788+07"
"91.06.10","910610 ","91.06","Padaido","2024-03-02 20:05:33.162788+07","2024-03-02 20:05:33.162788+07"
"91.06.11","910611 ","91.06","Yendidori","2024-03-02 20:05:33.162788+07","2024-03-02 20:05:33.162788+07"
"91.06.12","910612 ","91.06","Samofa","2024-03-02 20:05:33.162788+07","2024-03-02 20:05:33.162788+07"
"91.06.13","910613 ","91.06","Yawosi","2024-03-02 20:05:33.162788+07","2024-03-02 20:05:33.162788+07"
"91.06.14","910614 ","91.06","Andey","2024-03-02 20:05:33.162788+07","2024-03-02 20:05:33.162788+07"
"91.06.15","910615 ","91.06","Swandiwe","2024-03-02 20:05:33.162788+07","2024-03-02 20:05:33.162788+07"
"91.06.16","910616 ","91.06","Bruyadori","2024-03-02 20:05:33.162788+07","2024-03-02 20:05:33.162788+07"
"91.06.17","910617 ","91.06","Orkeri","2024-03-02 20:05:33.162788+07","2024-03-02 20:05:33.162788+07"
"91.06.18","910618 ","91.06","Poiru","2024-03-02 20:05:33.162788+07","2024-03-02 20:05:33.162788+07"
"91.06.19","910619 ","91.06","Aimando Padaido","2024-03-02 20:05:33.162788+07","2024-03-02 20:05:33.162788+07"
"91.06.20","910620 ","91.06","Oridek","2024-03-02 20:05:33.162788+07","2024-03-02 20:05:33.162788+07"
"91.06.21","910621 ","91.06","Bondifuar","2024-03-02 20:05:33.162788+07","2024-03-02 20:05:33.162788+07"
"91.10.01","911001 ","91.10","Sarmi","2024-03-02 20:05:33.162788+07","2024-03-02 20:05:33.162788+07"
"91.10.02","911002 ","91.10","Tor Atas","2024-03-02 20:05:33.162788+07","2024-03-02 20:05:33.162788+07"
"91.10.03","911003 ","91.10","Pantai Barat","2024-03-02 20:05:33.162788+07","2024-03-02 20:05:33.162788+07"
"91.10.04","911004 ","91.10","Pantai Timur","2024-03-02 20:05:33.162788+07","2024-03-02 20:05:33.162788+07"
"91.10.05","911005 ","91.10","Bonggo","2024-03-02 20:05:33.162788+07","2024-03-02 20:05:33.162788+07"
"91.10.09","911009 ","91.10","Apawer Hulu","2024-03-02 20:05:33.162788+07","2024-03-02 20:05:33.162788+07"
"91.10.12","911012 ","91.10","Sarmi Selatan","2024-03-02 20:05:33.162788+07","2024-03-02 20:05:33.162788+07"
"91.10.13","911013 ","91.10","Sarmi Timur","2024-03-02 20:05:33.162788+07","2024-03-02 20:05:33.162788+07"
"91.10.14","911014 ","91.10","Pantai Timur Bagian Barat","2024-03-02 20:05:33.162788+07","2024-03-02 20:05:33.162788+07"
"91.10.15","911015 ","91.10","Bonggo Timur","2024-03-02 20:05:33.162788+07","2024-03-02 20:05:33.162788+07"
"91.11.01","911101 ","91.11","Waris","2024-03-02 20:05:33.162788+07","2024-03-02 20:05:33.162788+07"
"91.11.02","911102 ","91.11","Arso","2024-03-02 20:05:33.162788+07","2024-03-02 20:05:33.162788+07"
"91.11.03","911103 ","91.11","Senggi","2024-03-02 20:05:33.162788+07","2024-03-02 20:05:33.162788+07"
"91.11.04","911104 ","91.11","Web","2024-03-02 20:05:33.162788+07","2024-03-02 20:05:33.162788+07"
"91.11.05","911105 ","91.11","Skanto","2024-03-02 20:05:33.162788+07","2024-03-02 20:05:33.162788+07"
"91.11.06","911106 ","91.11","Arso Timur","2024-03-02 20:05:33.162788+07","2024-03-02 20:05:33.162788+07"
"91.11.07","911107 ","91.11","Towe","2024-03-02 20:05:33.162788+07","2024-03-02 20:05:33.162788+07"
"91.11.08","911108 ","91.11","Arso Barat","2024-03-02 20:05:33.162788+07","2024-03-02 20:05:33.162788+07"
"91.11.09","911109 ","91.11","Mannem","2024-03-02 20:05:33.162788+07","2024-03-02 20:05:33.162788+07"
"91.11.10","911110 ","91.11","Yaffi","2024-03-02 20:05:33.162788+07","2024-03-02 20:05:33.162788+07"
"91.11.11","911111 ","91.11","Kaisenar","2024-03-02 20:05:33.162788+07","2024-03-02 20:05:33.162788+07"
"91.15.01","911501 ","91.15","Waropen Bawah","2024-03-02 20:05:33.162788+07","2024-03-02 20:05:33.162788+07"
"91.15.03","911503 ","91.15","Masirei","2024-03-02 20:05:33.162788+07","2024-03-02 20:05:33.162788+07"
"91.15.07","911507 ","91.15","Risei Sayati","2024-03-02 20:05:33.162788+07","2024-03-02 20:05:33.162788+07"
"91.15.08","911508 ","91.15","Urei Faisei","2024-03-02 20:05:33.162788+07","2024-03-02 20:05:33.162788+07"
"91.15.09","911509 ","91.15","Inggerus","2024-03-02 20:05:33.162788+07","2024-03-02 20:05:33.162788+07"
"91.15.10","911510 ","91.15","Kirihi","2024-03-02 20:05:33.162788+07","2024-03-02 20:05:33.162788+07"
"91.15.11","911511 ","91.15","Oudate","2024-03-02 20:05:33.162788+07","2024-03-02 20:05:33.162788+07"
"91.15.12","911512 ","91.15","Wapoga","2024-03-02 20:05:33.162788+07","2024-03-02 20:05:33.162788+07"
"91.15.13","911513 ","91.15","Demba","2024-03-02 20:05:33.162788+07","2024-03-02 20:05:33.162788+07"
"91.15.14","911514 ","91.15","Wonti","2024-03-02 20:05:33.162788+07","2024-03-02 20:05:33.162788+07"
"91.15.15","911515 ","91.15","Soyoi Mambai","2024-03-02 20:05:33.162788+07","2024-03-02 20:05:33.162788+07"
"91.19.01","911901 ","91.19","Supiori Selatan","2024-03-02 20:05:33.162788+07","2024-03-02 20:05:33.162788+07"
"91.19.02","911902 ","91.19","Supiori Utara","2024-03-02 20:05:33.162788+07","2024-03-02 20:05:33.162788+07"
"91.19.03","911903 ","91.19","Supiori Timur","2024-03-02 20:05:33.162788+07","2024-03-02 20:05:33.162788+07"
"91.19.04","911904 ","91.19","Kepulauan Aruri","2024-03-02 20:05:33.162788+07","2024-03-02 20:05:33.162788+07"
"91.19.05","911905 ","91.19","Supiori Barat","2024-03-02 20:05:33.162788+07","2024-03-02 20:05:33.162788+07"
"91.20.01","912001 ","91.20","Mamberamo Tengah","2024-03-02 20:05:33.162788+07","2024-03-02 20:05:33.162788+07"
"91.20.02","912002 ","91.20","Mamberamo Hulu","2024-03-02 20:05:33.162788+07","2024-03-02 20:05:33.162788+07"
"91.20.03","912003 ","91.20","Rufaer","2024-03-02 20:05:33.162788+07","2024-03-02 20:05:33.162788+07"
"91.20.04","912004 ","91.20","Mamberamo Tengah Timur","2024-03-02 20:05:33.162788+07","2024-03-02 20:05:33.162788+07"
"91.20.05","912005 ","91.20","Mamberamo Hilir","2024-03-02 20:05:33.162788+07","2024-03-02 20:05:33.162788+07"
"91.20.06","912006 ","91.20","Waropen Atas","2024-03-02 20:05:33.162788+07","2024-03-02 20:05:33.162788+07"
"91.20.07","912007 ","91.20","Benuki","2024-03-02 20:05:33.162788+07","2024-03-02 20:05:33.162788+07"
"91.20.08","912008 ","91.20","Sawai","2024-03-02 20:05:33.162788+07","2024-03-02 20:05:33.162788+07"
"91.71.01","917101 ","91.71","Jayapura Utara","2024-03-02 20:05:33.162788+07","2024-03-02 20:05:33.162788+07"
"91.71.02","917102 ","91.71","Jayapura Selatan","2024-03-02 20:05:33.162788+07","2024-03-02 20:05:33.162788+07"
"91.71.03","917103 ","91.71","Abepura","2024-03-02 20:05:33.162788+07","2024-03-02 20:05:33.162788+07"
"91.71.04","917104 ","91.71","Muara Tami","2024-03-02 20:05:33.162788+07","2024-03-02 20:05:33.162788+07"
"91.71.05","917105 ","91.71","Heram","2024-03-02 20:05:33.162788+07","2024-03-02 20:05:33.162788+07"
"92.01.01","920101 ","92.01","Makbon","2024-03-02 20:05:33.162788+07","2024-03-02 20:05:33.162788+07"
"92.01.04","920104 ","92.01","Beraur","2024-03-02 20:05:33.162788+07","2024-03-02 20:05:33.162788+07"
"92.01.05","920105 ","92.01","Salawati","2024-03-02 20:05:33.162788+07","2024-03-02 20:05:33.162788+07"
"92.01.06","920106 ","92.01","Seget","2024-03-02 20:05:33.162788+07","2024-03-02 20:05:33.162788+07"
"92.01.07","920107 ","92.01","Aimas","2024-03-02 20:05:33.162788+07","2024-03-02 20:05:33.162788+07"
"92.01.08","920108 ","92.01","Klamono","2024-03-02 20:05:33.162788+07","2024-03-02 20:05:33.162788+07"
"92.01.10","920110 ","92.01","Sayosa","2024-03-02 20:05:33.162788+07","2024-03-02 20:05:33.162788+07"
"92.01.12","920112 ","92.01","Segun","2024-03-02 20:05:33.162788+07","2024-03-02 20:05:33.162788+07"
"92.01.13","920113 ","92.01","Mayamuk","2024-03-02 20:05:33.162788+07","2024-03-02 20:05:33.162788+07"
"92.01.14","920114 ","92.01","Salawati Selatan","2024-03-02 20:05:33.162788+07","2024-03-02 20:05:33.162788+07"
"92.01.17","920117 ","92.01","Klabot","2024-03-02 20:05:33.162788+07","2024-03-02 20:05:33.162788+07"
"92.01.18","920118 ","92.01","Klawak","2024-03-02 20:05:33.162788+07","2024-03-02 20:05:33.162788+07"
"92.01.20","920120 ","92.01","Maudus","2024-03-02 20:05:33.162788+07","2024-03-02 20:05:33.162788+07"
"92.01.39","920139 ","92.01","Mariat","2024-03-02 20:05:33.162788+07","2024-03-02 20:05:33.162788+07"
"92.01.40","920140 ","92.01","Klayili","2024-03-02 20:05:33.162788+07","2024-03-02 20:05:33.162788+07"
"92.01.41","920141 ","92.01","Klaso","2024-03-02 20:05:33.162788+07","2024-03-02 20:05:33.162788+07"
"92.01.42","920142 ","92.01","Moisegen","2024-03-02 20:05:33.162788+07","2024-03-02 20:05:33.162788+07"
"92.01.43","920143 ","92.01","Sorong","2024-03-02 20:05:33.162788+07","2024-03-02 20:05:33.162788+07"
"92.01.44","920144 ","92.01","Bagun","2024-03-02 20:05:33.162788+07","2024-03-02 20:05:33.162788+07"
"92.01.45","920145 ","92.01","Wemak","2024-03-02 20:05:33.162788+07","2024-03-02 20:05:33.162788+07"
"92.01.46","920146 ","92.01","Sunook","2024-03-02 20:05:33.162788+07","2024-03-02 20:05:33.162788+07"
"92.01.47","920147 ","92.01","Buk","2024-03-02 20:05:33.162788+07","2024-03-02 20:05:33.162788+07"
"92.01.48","920148 ","92.01","Saengkeduk","2024-03-02 20:05:33.162788+07","2024-03-02 20:05:33.162788+07"
"92.01.49","920149 ","92.01","Malabotom","2024-03-02 20:05:33.162788+07","2024-03-02 20:05:33.162788+07"
"92.01.50","920150 ","92.01","Konhir","2024-03-02 20:05:33.162788+07","2024-03-02 20:05:33.162788+07"
"92.01.51","920151 ","92.01","Klasafet","2024-03-02 20:05:33.162788+07","2024-03-02 20:05:33.162788+07"
"92.01.52","920152 ","92.01","Hobard","2024-03-02 20:05:33.162788+07","2024-03-02 20:05:33.162788+07"
"92.01.53","920153 ","92.01","Salawati Tengah","2024-03-02 20:05:33.162788+07","2024-03-02 20:05:33.162788+07"
"92.01.54","920154 ","92.01","Botain","2024-03-02 20:05:33.162788+07","2024-03-02 20:05:33.162788+07"
"92.01.55","920155 ","92.01","Sayosa Timur","2024-03-02 20:05:33.162788+07","2024-03-02 20:05:33.162788+07"
"92.02.03","920203 ","92.02","Warmare","2024-03-02 20:05:33.162788+07","2024-03-02 20:05:33.162788+07"
"92.02.04","920204 ","92.02","Prafi","2024-03-02 20:05:33.162788+07","2024-03-02 20:05:33.162788+07"
"92.02.05","920205 ","92.02","Masni","2024-03-02 20:05:33.162788+07","2024-03-02 20:05:33.162788+07"
"92.02.12","920212 ","92.02","Manokwari Barat","2024-03-02 20:05:33.162788+07","2024-03-02 20:05:33.162788+07"
"92.02.13","920213 ","92.02","Manokwari Timur","2024-03-02 20:05:33.162788+07","2024-03-02 20:05:33.162788+07"
"92.02.14","920214 ","92.02","Manokwari Utara","2024-03-02 20:05:33.162788+07","2024-03-02 20:05:33.162788+07"
"92.02.15","920215 ","92.02","Manokwari Selatan","2024-03-02 20:05:33.162788+07","2024-03-02 20:05:33.162788+07"
"92.02.17","920217 ","92.02","Tanah Rubuh","2024-03-02 20:05:33.162788+07","2024-03-02 20:05:33.162788+07"
"92.02.21","920221 ","92.02","Sidey","2024-03-02 20:05:33.162788+07","2024-03-02 20:05:33.162788+07"
"92.03.01","920301 ","92.03","Fak-Fak","2024-03-02 20:05:33.162788+07","2024-03-02 20:05:33.162788+07"
"92.03.02","920302 ","92.03","Fak-Fak Barat","2024-03-02 20:05:33.162788+07","2024-03-02 20:05:33.162788+07"
"92.03.03","920303 ","92.03","Fak-Fak Timur","2024-03-02 20:05:33.162788+07","2024-03-02 20:05:33.162788+07"
"92.03.04","920304 ","92.03","Kokas","2024-03-02 20:05:33.162788+07","2024-03-02 20:05:33.162788+07"
"92.03.05","920305 ","92.03","Fak-Fak Tengah","2024-03-02 20:05:33.162788+07","2024-03-02 20:05:33.162788+07"
"92.03.06","920306 ","92.03","Karas","2024-03-02 20:05:33.162788+07","2024-03-02 20:05:33.162788+07"
"92.03.07","920307 ","92.03","Bomberay","2024-03-02 20:05:33.162788+07","2024-03-02 20:05:33.162788+07"
"92.03.08","920308 ","92.03","Kramongmongga","2024-03-02 20:05:33.162788+07","2024-03-02 20:05:33.162788+07"
"92.03.09","920309 ","92.03","Teluk Patipi","2024-03-02 20:05:33.162788+07","2024-03-02 20:05:33.162788+07"
"92.03.10","920310 ","92.03","Pariwari","2024-03-02 20:05:33.162788+07","2024-03-02 20:05:33.162788+07"
"92.03.11","920311 ","92.03","Wartutin","2024-03-02 20:05:33.162788+07","2024-03-02 20:05:33.162788+07"
"92.03.12","920312 ","92.03","Fakfak Timur Tengah","2024-03-02 20:05:33.162788+07","2024-03-02 20:05:33.162788+07"
"92.03.13","920313 ","92.03","Arguni","2024-03-02 20:05:33.162788+07","2024-03-02 20:05:33.162788+07"
"92.03.14","920314 ","92.03","Mbahamdandara","2024-03-02 20:05:33.162788+07","2024-03-02 20:05:33.162788+07"
"92.03.15","920315 ","92.03","Kayauni","2024-03-02 20:05:33.162788+07","2024-03-02 20:05:33.162788+07"
"92.03.16","920316 ","92.03","Furwagi","2024-03-02 20:05:33.162788+07","2024-03-02 20:05:33.162788+07"
"92.03.17","920317 ","92.03","Tomage","2024-03-02 20:05:33.162788+07","2024-03-02 20:05:33.162788+07"
"92.04.01","920401 ","92.04","Teminabuan","2024-03-02 20:05:33.162788+07","2024-03-02 20:05:33.162788+07"
"92.04.04","920404 ","92.04","Inanwatan","2024-03-02 20:05:33.162788+07","2024-03-02 20:05:33.162788+07"
"92.04.06","920406 ","92.04","Sawiat","2024-03-02 20:05:33.162788+07","2024-03-02 20:05:33.162788+07"
"92.04.09","920409 ","92.04","Kokoda","2024-03-02 20:05:33.162788+07","2024-03-02 20:05:33.162788+07"
"92.04.10","920410 ","92.04","Moswaren","2024-03-02 20:05:33.162788+07","2024-03-02 20:05:33.162788+07"
"92.04.11","920411 ","92.04","Seremuk","2024-03-02 20:05:33.162788+07","2024-03-02 20:05:33.162788+07"
"92.04.12","920412 ","92.04","Wayer","2024-03-02 20:05:33.162788+07","2024-03-02 20:05:33.162788+07"
"92.04.14","920414 ","92.04","Kais","2024-03-02 20:05:33.162788+07","2024-03-02 20:05:33.162788+07"
"92.04.15","920415 ","92.04","Konda","2024-03-02 20:05:33.162788+07","2024-03-02 20:05:33.162788+07"
"92.04.20","920420 ","92.04","Matemani","2024-03-02 20:05:33.162788+07","2024-03-02 20:05:33.162788+07"
"92.04.21","920421 ","92.04","Kokoda Utara","2024-03-02 20:05:33.162788+07","2024-03-02 20:05:33.162788+07"
"92.04.22","920422 ","92.04","Saifi","2024-03-02 20:05:33.162788+07","2024-03-02 20:05:33.162788+07"
"92.04.24","920424 ","92.04","Fokour","2024-03-02 20:05:33.162788+07","2024-03-02 20:05:33.162788+07"
"92.04.25","920425 ","92.04","Salkma","2024-03-02 20:05:33.162788+07","2024-03-02 20:05:33.162788+07"
"92.04.26","920426 ","92.04","Kais Darat","2024-03-02 20:05:33.162788+07","2024-03-02 20:05:33.162788+07"
"92.05.01","920501 ","92.05","Misool (Misool Utara)","2024-03-02 20:05:33.162788+07","2024-03-02 20:05:33.162788+07"
"92.05.02","920502 ","92.05","Waigeo Utara","2024-03-02 20:05:33.162788+07","2024-03-02 20:05:33.162788+07"
"92.05.03","920503 ","92.05","Waigeo Selatan","2024-03-02 20:05:33.162788+07","2024-03-02 20:05:33.162788+07"
"92.05.04","920504 ","92.05","Salawati Utara","2024-03-02 20:05:33.162788+07","2024-03-02 20:05:33.162788+07"
"92.05.05","920505 ","92.05","Kepulauan Ayau","2024-03-02 20:05:33.162788+07","2024-03-02 20:05:33.162788+07"
"92.05.06","920506 ","92.05","Misool Timur","2024-03-02 20:05:33.162788+07","2024-03-02 20:05:33.162788+07"
"92.05.07","920507 ","92.05","Waigeo Barat","2024-03-02 20:05:33.162788+07","2024-03-02 20:05:33.162788+07"
"92.05.08","920508 ","92.05","Waigeo Timur","2024-03-02 20:05:33.162788+07","2024-03-02 20:05:33.162788+07"
"92.05.09","920509 ","92.05","Teluk Mayalibit","2024-03-02 20:05:33.162788+07","2024-03-02 20:05:33.162788+07"
"92.05.10","920510 ","92.05","Kofiau","2024-03-02 20:05:33.162788+07","2024-03-02 20:05:33.162788+07"
"92.05.11","920511 ","92.05","Meos Mansar","2024-03-02 20:05:33.162788+07","2024-03-02 20:05:33.162788+07"
"92.05.13","920513 ","92.05","Misool Selatan","2024-03-02 20:05:33.162788+07","2024-03-02 20:05:33.162788+07"
"92.05.14","920514 ","92.05","Warwarbomi","2024-03-02 20:05:33.162788+07","2024-03-02 20:05:33.162788+07"
"92.05.15","920515 ","92.05","Waigeo Barat Kepulauan","2024-03-02 20:05:33.162788+07","2024-03-02 20:05:33.162788+07"
"92.05.16","920516 ","92.05","Misool Barat","2024-03-02 20:05:33.162788+07","2024-03-02 20:05:33.162788+07"
"92.05.17","920517 ","92.05","Kepulauan Sembilan","2024-03-02 20:05:33.162788+07","2024-03-02 20:05:33.162788+07"
"92.05.18","920518 ","92.05","Kota Waisai","2024-03-02 20:05:33.162788+07","2024-03-02 20:05:33.162788+07"
"92.05.19","920519 ","92.05","Tiplol Mayalibit","2024-03-02 20:05:33.162788+07","2024-03-02 20:05:33.162788+07"
"92.05.20","920520 ","92.05","Batanta Utara","2024-03-02 20:05:33.162788+07","2024-03-02 20:05:33.162788+07"
"92.05.21","920521 ","92.05","Salawati Barat","2024-03-02 20:05:33.162788+07","2024-03-02 20:05:33.162788+07"
"92.05.22","920522 ","92.05","Salawati Tengah","2024-03-02 20:05:33.162788+07","2024-03-02 20:05:33.162788+07"
"92.05.23","920523 ","92.05","Supnin","2024-03-02 20:05:33.162788+07","2024-03-02 20:05:33.162788+07"
"92.05.24","920524 ","92.05","Ayau","2024-03-02 20:05:33.162788+07","2024-03-02 20:05:33.162788+07"
"92.05.25","920525 ","92.05","Batanta Selatan","2024-03-02 20:05:33.162788+07","2024-03-02 20:05:33.162788+07"
"92.06.01","920601 ","92.06","Bintuni","2024-03-02 20:05:33.162788+07","2024-03-02 20:05:33.162788+07"
"92.06.02","920602 ","92.06","Merdey","2024-03-02 20:05:33.162788+07","2024-03-02 20:05:33.162788+07"
"92.06.03","920603 ","92.06","Babo","2024-03-02 20:05:33.162788+07","2024-03-02 20:05:33.162788+07"
"92.06.04","920604 ","92.06","Aranday","2024-03-02 20:05:33.162788+07","2024-03-02 20:05:33.162788+07"
"92.06.05","920605 ","92.06","Moskona Selatan","2024-03-02 20:05:33.162788+07","2024-03-02 20:05:33.162788+07"
"92.06.06","920606 ","92.06","Moskona Utara","2024-03-02 20:05:33.162788+07","2024-03-02 20:05:33.162788+07"
"92.06.07","920607 ","92.06","Wamesa","2024-03-02 20:05:33.162788+07","2024-03-02 20:05:33.162788+07"
"92.06.08","920608 ","92.06","Fafurwar","2024-03-02 20:05:33.162788+07","2024-03-02 20:05:33.162788+07"
"92.06.09","920609 ","92.06","Tembuni","2024-03-02 20:05:33.162788+07","2024-03-02 20:05:33.162788+07"
"92.06.10","920610 ","92.06","Kuri","2024-03-02 20:05:33.162788+07","2024-03-02 20:05:33.162788+07"
"92.06.11","920611 ","92.06","Manimeri","2024-03-02 20:05:33.162788+07","2024-03-02 20:05:33.162788+07"
"92.06.12","920612 ","92.06","Tuhiba","2024-03-02 20:05:33.162788+07","2024-03-02 20:05:33.162788+07"
"92.06.13","920613 ","92.06","Dataran Beimes","2024-03-02 20:05:33.162788+07","2024-03-02 20:05:33.162788+07"
"92.06.14","920614 ","92.06","Sumuri","2024-03-02 20:05:33.162788+07","2024-03-02 20:05:33.162788+07"
"92.06.15","920615 ","92.06","Kaitaro","2024-03-02 20:05:33.162788+07","2024-03-02 20:05:33.162788+07"
"92.06.16","920616 ","92.06","Aroba","2024-03-02 20:05:33.162788+07","2024-03-02 20:05:33.162788+07"
"92.06.17","920617 ","92.06","Masyeta","2024-03-02 20:05:33.162788+07","2024-03-02 20:05:33.162788+07"
"92.06.18","920618 ","92.06","Biscoop","2024-03-02 20:05:33.162788+07","2024-03-02 20:05:33.162788+07"
"92.06.19","920619 ","92.06","Tomu","2024-03-02 20:05:33.162788+07","2024-03-02 20:05:33.162788+07"
"92.06.20","920620 ","92.06","Kamundan","2024-03-02 20:05:33.162788+07","2024-03-02 20:05:33.162788+07"
"92.06.21","920621 ","92.06","Weriagar","2024-03-02 20:05:33.162788+07","2024-03-02 20:05:33.162788+07"
"92.06.22","920622 ","92.06","Moskona Barat","2024-03-02 20:05:33.162788+07","2024-03-02 20:05:33.162788+07"
"92.06.23","920623 ","92.06","Meyado","2024-03-02 20:05:33.162788+07","2024-03-02 20:05:33.162788+07"
"92.06.24","920624 ","92.06","Moskona Timur","2024-03-02 20:05:33.162788+07","2024-03-02 20:05:33.162788+07"
"92.07.01","920701 ","92.07","Wasior","2024-03-02 20:05:33.162788+07","2024-03-02 20:05:33.162788+07"
"92.07.02","920702 ","92.07","Windesi","2024-03-02 20:05:33.162788+07","2024-03-02 20:05:33.162788+07"
"92.07.03","920703 ","92.07","Teluk Duairi","2024-03-02 20:05:33.162788+07","2024-03-02 20:05:33.162788+07"
"92.07.04","920704 ","92.07","Wondiboy","2024-03-02 20:05:33.162788+07","2024-03-02 20:05:33.162788+07"
"92.07.05","920705 ","92.07","Wamesa","2024-03-02 20:05:33.162788+07","2024-03-02 20:05:33.162788+07"
"92.07.06","920706 ","92.07","Rumberpon","2024-03-02 20:05:33.162788+07","2024-03-02 20:05:33.162788+07"
"92.07.07","920707 ","92.07","Naikere","2024-03-02 20:05:33.162788+07","2024-03-02 20:05:33.162788+07"
"92.07.08","920708 ","92.07","Rasiei","2024-03-02 20:05:33.162788+07","2024-03-02 20:05:33.162788+07"
"92.07.09","920709 ","92.07","Kuri Wamesa","2024-03-02 20:05:33.162788+07","2024-03-02 20:05:33.162788+07"
"92.07.10","920710 ","92.07","Roon","2024-03-02 20:05:33.162788+07","2024-03-02 20:05:33.162788+07"
"92.07.11","920711 ","92.07","Roswar","2024-03-02 20:05:33.162788+07","2024-03-02 20:05:33.162788+07"
"92.07.12","920712 ","92.07","Nikiwar","2024-03-02 20:05:33.162788+07","2024-03-02 20:05:33.162788+07"
"92.07.13","920713 ","92.07","Soug Jaya","2024-03-02 20:05:33.162788+07","2024-03-02 20:05:33.162788+07"
"92.08.01","920801 ","92.08","Kaimana","2024-03-02 20:05:33.162788+07","2024-03-02 20:05:33.162788+07"
"92.08.02","920802 ","92.08","Buruway","2024-03-02 20:05:33.162788+07","2024-03-02 20:05:33.162788+07"
"92.08.03","920803 ","92.08","Teluk Arguni Atas","2024-03-02 20:05:33.162788+07","2024-03-02 20:05:33.162788+07"
"92.08.04","920804 ","92.08","Teluk Etna","2024-03-02 20:05:33.162788+07","2024-03-02 20:05:33.162788+07"
"92.08.05","920805 ","92.08","Kambrau","2024-03-02 20:05:33.162788+07","2024-03-02 20:05:33.162788+07"
"92.08.06","920806 ","92.08","Teluk Arguni Bawah","2024-03-02 20:05:33.162788+07","2024-03-02 20:05:33.162788+07"
"92.08.07","920807 ","92.08","Yamor","2024-03-02 20:05:33.162788+07","2024-03-02 20:05:33.162788+07"
"92.09.01","920901 ","92.09","Fef","2024-03-02 20:05:33.162788+07","2024-03-02 20:05:33.162788+07"
"92.09.02","920902 ","92.09","Miyah","2024-03-02 20:05:33.162788+07","2024-03-02 20:05:33.162788+07"
"92.09.03","920903 ","92.09","Yembun","2024-03-02 20:05:33.162788+07","2024-03-02 20:05:33.162788+07"
"92.09.04","920904 ","92.09","Kwoor","2024-03-02 20:05:33.162788+07","2024-03-02 20:05:33.162788+07"
"92.09.05","920905 ","92.09","Sausapor","2024-03-02 20:05:33.162788+07","2024-03-02 20:05:33.162788+07"
"92.09.06","920906 ","92.09","Abun","2024-03-02 20:05:33.162788+07","2024-03-02 20:05:33.162788+07"
"92.09.07","920907 ","92.09","Syujak","2024-03-02 20:05:33.162788+07","2024-03-02 20:05:33.162788+07"
"92.09.08","920908 ","92.09","Moraid","2024-03-02 20:05:33.162788+07","2024-03-02 20:05:33.162788+07"
"92.09.09","920909 ","92.09","Kebar","2024-03-02 20:05:33.162788+07","2024-03-02 20:05:33.162788+07"
"92.09.10","920910 ","92.09","Amberbaken","2024-03-02 20:05:33.162788+07","2024-03-02 20:05:33.162788+07"
"92.09.11","920911 ","92.09","Senopi","2024-03-02 20:05:33.162788+07","2024-03-02 20:05:33.162788+07"
"92.09.12","920912 ","92.09","Mubrani","2024-03-02 20:05:33.162788+07","2024-03-02 20:05:33.162788+07"
"92.09.13","920913 ","92.09","Bikar","2024-03-02 20:05:33.162788+07","2024-03-02 20:05:33.162788+07"
"92.09.14","920914 ","92.09","Bamusbama","2024-03-02 20:05:33.162788+07","2024-03-02 20:05:33.162788+07"
"92.09.15","920915 ","92.09","Ases","2024-03-02 20:05:33.162788+07","2024-03-02 20:05:33.162788+07"
"92.09.16","920916 ","92.09","Miyah Selatan","2024-03-02 20:05:33.162788+07","2024-03-02 20:05:33.162788+07"
"92.09.17","920917 ","92.09","Ireres","2024-03-02 20:05:33.162788+07","2024-03-02 20:05:33.162788+07"
"92.09.18","920918 ","92.09","Tobouw","2024-03-02 20:05:33.162788+07","2024-03-02 20:05:33.162788+07"
"92.09.19","920919 ","92.09","Wilhem Roumbouts","2024-03-02 20:05:33.162788+07","2024-03-02 20:05:33.162788+07"
"92.09.20","920920 ","92.09","Tinggouw","2024-03-02 20:05:33.162788+07","2024-03-02 20:05:33.162788+07"
"92.09.21","920921 ","92.09","Kwesefo","2024-03-02 20:05:33.162788+07","2024-03-02 20:05:33.162788+07"
"92.09.22","920922 ","92.09","Mawabuan","2024-03-02 20:05:33.162788+07","2024-03-02 20:05:33.162788+07"
"92.09.23","920923 ","92.09","Kebar Timur","2024-03-02 20:05:33.162788+07","2024-03-02 20:05:33.162788+07"
"92.09.24","920924 ","92.09","Kebar Selatan","2024-03-02 20:05:33.162788+07","2024-03-02 20:05:33.162788+07"
"92.09.25","920925 ","92.09","Manekar","2024-03-02 20:05:33.162788+07","2024-03-02 20:05:33.162788+07"
"92.09.26","920926 ","92.09","Mpur","2024-03-02 20:05:33.162788+07","2024-03-02 20:05:33.162788+07"
"92.09.27","920927 ","92.09","Amberbaken Barat","2024-03-02 20:05:33.162788+07","2024-03-02 20:05:33.162788+07"
"92.09.28","920928 ","92.09","Kasi","2024-03-02 20:05:33.162788+07","2024-03-02 20:05:33.162788+07"
"92.09.29","920929 ","92.09","Selemkai","2024-03-02 20:05:33.162788+07","2024-03-02 20:05:33.162788+07"
"92.10.01","921001 ","92.10","Aifat","2024-03-02 20:05:33.162788+07","2024-03-02 20:05:33.162788+07"
"92.10.02","921002 ","92.10","Aifat Utara","2024-03-02 20:05:33.162788+07","2024-03-02 20:05:33.162788+07"
"92.10.03","921003 ","92.10","Aifat Timur","2024-03-02 20:05:33.162788+07","2024-03-02 20:05:33.162788+07"
"92.10.04","921004 ","92.10","Aifat Selatan","2024-03-02 20:05:33.162788+07","2024-03-02 20:05:33.162788+07"
"92.10.05","921005 ","92.10","Aitinyo Barat","2024-03-02 20:05:33.162788+07","2024-03-02 20:05:33.162788+07"
"92.10.06","921006 ","92.10","Aitinyo","2024-03-02 20:05:33.162788+07","2024-03-02 20:05:33.162788+07"
"92.10.07","921007 ","92.10","Aitinyo Utara","2024-03-02 20:05:33.162788+07","2024-03-02 20:05:33.162788+07"
"92.10.08","921008 ","92.10","Ayamaru","2024-03-02 20:05:33.162788+07","2024-03-02 20:05:33.162788+07"
"92.10.09","921009 ","92.10","Ayamaru Utara","2024-03-02 20:05:33.162788+07","2024-03-02 20:05:33.162788+07"
"92.10.10","921010 ","92.10","Ayamaru Timur","2024-03-02 20:05:33.162788+07","2024-03-02 20:05:33.162788+07"
"92.10.11","921011 ","92.10","Mare","2024-03-02 20:05:33.162788+07","2024-03-02 20:05:33.162788+07"
"92.10.12","921012 ","92.10","Aifat Timur Tengah","2024-03-02 20:05:33.162788+07","2024-03-02 20:05:33.162788+07"
"92.10.13","921013 ","92.10","Aifat Timur Jauh","2024-03-02 20:05:33.162788+07","2024-03-02 20:05:33.162788+07"
"92.10.14","921014 ","92.10","Aifat Timur Selatan","2024-03-02 20:05:33.162788+07","2024-03-02 20:05:33.162788+07"
"92.10.15","921015 ","92.10","Ayamaru Selatan","2024-03-02 20:05:33.162788+07","2024-03-02 20:05:33.162788+07"
"92.10.16","921016 ","92.10","Ayamaru Jaya","2024-03-02 20:05:33.162788+07","2024-03-02 20:05:33.162788+07"
"92.10.17","921017 ","92.10","Ayamaru Selatan Jaya","2024-03-02 20:05:33.162788+07","2024-03-02 20:05:33.162788+07"
"92.10.18","921018 ","92.10","Ayamaru Timur Selatan","2024-03-02 20:05:33.162788+07","2024-03-02 20:05:33.162788+07"
"92.10.19","921019 ","92.10","Ayamaru Utara Timur","2024-03-02 20:05:33.162788+07","2024-03-02 20:05:33.162788+07"
"92.10.20","921020 ","92.10","Ayamaru Tengah","2024-03-02 20:05:33.162788+07","2024-03-02 20:05:33.162788+07"
"92.10.21","921021 ","92.10","Ayamaru Barat","2024-03-02 20:05:33.162788+07","2024-03-02 20:05:33.162788+07"
"92.10.22","921022 ","92.10","Aitinyo Tengah","2024-03-02 20:05:33.162788+07","2024-03-02 20:05:33.162788+07"
"92.10.23","921023 ","92.10","Aitinyo Raya","2024-03-02 20:05:33.162788+07","2024-03-02 20:05:33.162788+07"
"92.10.24","921024 ","92.10","Mare Selatan","2024-03-02 20:05:33.162788+07","2024-03-02 20:05:33.162788+07"
"92.11.01","921101 ","92.11","Ransiki","2024-03-02 20:05:33.162788+07","2024-03-02 20:05:33.162788+07"
"92.11.02","921102 ","92.11","Oransbari","2024-03-02 20:05:33.162788+07","2024-03-02 20:05:33.162788+07"
"92.11.03","921103 ","92.11","Neney","2024-03-02 20:05:33.162788+07","2024-03-02 20:05:33.162788+07"
"92.11.04","921104 ","92.11","Dataran Isim","2024-03-02 20:05:33.162788+07","2024-03-02 20:05:33.162788+07"
"92.11.05","921105 ","92.11","Momi Waren","2024-03-02 20:05:33.162788+07","2024-03-02 20:05:33.162788+07"
"92.11.06","921106 ","92.11","Tahota","2024-03-02 20:05:33.162788+07","2024-03-02 20:05:33.162788+07"
"92.12.01","921201 ","92.12","Anggi","2024-03-02 20:05:33.162788+07","2024-03-02 20:05:33.162788+07"
"92.12.02","921202 ","92.12","Anggi Gida","2024-03-02 20:05:33.162788+07","2024-03-02 20:05:33.162788+07"
"92.12.03","921203 ","92.12","Membey","2024-03-02 20:05:33.162788+07","2024-03-02 20:05:33.162788+07"
"92.12.04","921204 ","92.12","Sururey","2024-03-02 20:05:33.162788+07","2024-03-02 20:05:33.162788+07"
"92.12.05","921205 ","92.12","Didohu","2024-03-02 20:05:33.162788+07","2024-03-02 20:05:33.162788+07"
"92.12.06","921206 ","92.12","Taige","2024-03-02 20:05:33.162788+07","2024-03-02 20:05:33.162788+07"
"92.12.07","921207 ","92.12","Catubouw","2024-03-02 20:05:33.162788+07","2024-03-02 20:05:33.162788+07"
"92.12.08","921208 ","92.12","Testega","2024-03-02 20:05:33.162788+07","2024-03-02 20:05:33.162788+07"
"92.12.09","921209 ","92.12","Minyambaouw","2024-03-02 20:05:33.162788+07","2024-03-02 20:05:33.162788+07"
"92.12.10","921210 ","92.12","Hingk","2024-03-02 20:05:33.162788+07","2024-03-02 20:05:33.162788+07"
"92.71.01","927101 ","92.71","Sorong","2024-03-02 20:05:33.162788+07","2024-03-02 20:05:33.162788+07"
"92.71.02","927102 ","92.71","Sorong Timur","2024-03-02 20:05:33.162788+07","2024-03-02 20:05:33.162788+07"
"92.71.03","927103 ","92.71","Sorong Barat","2024-03-02 20:05:33.162788+07","2024-03-02 20:05:33.162788+07"
"92.71.04","927104 ","92.71","Sorong Kepulauan","2024-03-02 20:05:33.162788+07","2024-03-02 20:05:33.162788+07"
"92.71.05","927105 ","92.71","Sorong Utara","2024-03-02 20:05:33.162788+07","2024-03-02 20:05:33.162788+07"
"92.71.06","927106 ","92.71","Sorong Manoi","2024-03-02 20:05:33.162788+07","2024-03-02 20:05:33.162788+07"
"92.71.07","927107 ","92.71","Sorong Kota","2024-03-02 20:05:33.162788+07","2024-03-02 20:05:33.162788+07"
"92.71.08","927108 ","92.71","Klaurung","2024-03-02 20:05:33.162788+07","2024-03-02 20:05:33.162788+07"
"92.71.09","927109 ","92.71","Malaimsimsa","2024-03-02 20:05:33.162788+07","2024-03-02 20:05:33.162788+07"
"92.71.10","927110 ","92.71","Maladum Mes","2024-03-02 20:05:33.162788+07","2024-03-02 20:05:33.162788+07"
"93.01.01","930101 ","93.01","Merauke","2024-03-02 20:05:33.162788+07","2024-03-02 20:05:33.162788+07"
"93.01.02","930102 ","93.01","Muting","2024-03-02 20:05:33.162788+07","2024-03-02 20:05:33.162788+07"
"93.01.03","930103 ","93.01","Okaba","2024-03-02 20:05:33.162788+07","2024-03-02 20:05:33.162788+07"
"93.01.04","930104 ","93.01","Kimaam","2024-03-02 20:05:33.162788+07","2024-03-02 20:05:33.162788+07"
"93.01.05","930105 ","93.01","Semangga","2024-03-02 20:05:33.162788+07","2024-03-02 20:05:33.162788+07"
"93.01.06","930106 ","93.01","Tanah Miring","2024-03-02 20:05:33.162788+07","2024-03-02 20:05:33.162788+07"
"93.01.07","930107 ","93.01","Jagebob","2024-03-02 20:05:33.162788+07","2024-03-02 20:05:33.162788+07"
"93.01.08","930108 ","93.01","Sota","2024-03-02 20:05:33.162788+07","2024-03-02 20:05:33.162788+07"
"93.01.09","930109 ","93.01","Ulilin","2024-03-02 20:05:33.162788+07","2024-03-02 20:05:33.162788+07"
"93.01.10","930110 ","93.01","Elikobal","2024-03-02 20:05:33.162788+07","2024-03-02 20:05:33.162788+07"
"93.01.11","930111 ","93.01","Kurik","2024-03-02 20:05:33.162788+07","2024-03-02 20:05:33.162788+07"
"93.01.12","930112 ","93.01","Naukenjerai","2024-03-02 20:05:33.162788+07","2024-03-02 20:05:33.162788+07"
"93.01.13","930113 ","93.01","Animha","2024-03-02 20:05:33.162788+07","2024-03-02 20:05:33.162788+07"
"93.01.14","930114 ","93.01","Malind","2024-03-02 20:05:33.162788+07","2024-03-02 20:05:33.162788+07"
"93.01.15","930115 ","93.01","Tubang","2024-03-02 20:05:33.162788+07","2024-03-02 20:05:33.162788+07"
"93.01.16","930116 ","93.01","Ngguti","2024-03-02 20:05:33.162788+07","2024-03-02 20:05:33.162788+07"
"93.01.17","930117 ","93.01","Kaptel","2024-03-02 20:05:33.162788+07","2024-03-02 20:05:33.162788+07"
"93.01.18","930118 ","93.01","Tabonji","2024-03-02 20:05:33.162788+07","2024-03-02 20:05:33.162788+07"
"93.01.19","930119 ","93.01","Waan","2024-03-02 20:05:33.162788+07","2024-03-02 20:05:33.162788+07"
"93.01.20","930120 ","93.01","Ilwayab","2024-03-02 20:05:33.162788+07","2024-03-02 20:05:33.162788+07"
"93.01.21","930121 ","93.01","Padua","2024-03-02 20:05:33.162788+07","2024-03-02 20:05:33.162788+07"
"93.01.22","930122 ","93.01","Kontuar","2024-03-02 20:05:33.162788+07","2024-03-02 20:05:33.162788+07"
"93.02.01","930201 ","93.02","Mandobo","2024-03-02 20:05:33.162788+07","2024-03-02 20:05:33.162788+07"
"93.02.02","930202 ","93.02","Mindiptana","2024-03-02 20:05:33.162788+07","2024-03-02 20:05:33.162788+07"
"93.02.03","930203 ","93.02","Waropko","2024-03-02 20:05:33.162788+07","2024-03-02 20:05:33.162788+07"
"93.02.04","930204 ","93.02","Kouh","2024-03-02 20:05:33.162788+07","2024-03-02 20:05:33.162788+07"
"93.02.05","930205 ","93.02","Jair","2024-03-02 20:05:33.162788+07","2024-03-02 20:05:33.162788+07"
"93.02.06","930206 ","93.02","Bomakia","2024-03-02 20:05:33.162788+07","2024-03-02 20:05:33.162788+07"
"93.02.07","930207 ","93.02","Kombut","2024-03-02 20:05:33.162788+07","2024-03-02 20:05:33.162788+07"
"93.02.08","930208 ","93.02","Iniyandit","2024-03-02 20:05:33.162788+07","2024-03-02 20:05:33.162788+07"
"93.02.09","930209 ","93.02","Arimop","2024-03-02 20:05:33.162788+07","2024-03-02 20:05:33.162788+07"
"93.02.10","930210 ","93.02","Fofi","2024-03-02 20:05:33.162788+07","2024-03-02 20:05:33.162788+07"
"93.02.11","930211 ","93.02","Ambatkwi","2024-03-02 20:05:33.162788+07","2024-03-02 20:05:33.162788+07"
"93.02.12","930212 ","93.02","Manggelum","2024-03-02 20:05:33.162788+07","2024-03-02 20:05:33.162788+07"
"93.02.13","930213 ","93.02","Firiwage","2024-03-02 20:05:33.162788+07","2024-03-02 20:05:33.162788+07"
"93.02.14","930214 ","93.02","Yaniruma","2024-03-02 20:05:33.162788+07","2024-03-02 20:05:33.162788+07"
"93.02.15","930215 ","93.02","Subur","2024-03-02 20:05:33.162788+07","2024-03-02 20:05:33.162788+07"
"93.02.16","930216 ","93.02","Kombay","2024-03-02 20:05:33.162788+07","2024-03-02 20:05:33.162788+07"
"93.02.17","930217 ","93.02","Ninati","2024-03-02 20:05:33.162788+07","2024-03-02 20:05:33.162788+07"
"93.02.18","930218 ","93.02","Sesnuk","2024-03-02 20:05:33.162788+07","2024-03-02 20:05:33.162788+07"
"93.02.19","930219 ","93.02","Ki","2024-03-02 20:05:33.162788+07","2024-03-02 20:05:33.162788+07"
"93.02.20","930220 ","93.02","Kawagit","2024-03-02 20:05:33.162788+07","2024-03-02 20:05:33.162788+07"
"93.03.01","930301 ","93.03","Obaa","2024-03-02 20:05:33.162788+07","2024-03-02 20:05:33.162788+07"
"93.03.02","930302 ","93.03","Mambioman Bapai","2024-03-02 20:05:33.162788+07","2024-03-02 20:05:33.162788+07"
"93.03.03","930303 ","93.03","Citak-Mitak","2024-03-02 20:05:33.162788+07","2024-03-02 20:05:33.162788+07"
"93.03.04","930304 ","93.03","Edera","2024-03-02 20:05:33.162788+07","2024-03-02 20:05:33.162788+07"
"93.03.05","930305 ","93.03","Haju","2024-03-02 20:05:33.162788+07","2024-03-02 20:05:33.162788+07"
"93.03.06","930306 ","93.03","Assue","2024-03-02 20:05:33.162788+07","2024-03-02 20:05:33.162788+07"
"93.03.07","930307 ","93.03","Kaibar","2024-03-02 20:05:33.162788+07","2024-03-02 20:05:33.162788+07"
"93.03.08","930308 ","93.03","Passue","2024-03-02 20:05:33.162788+07","2024-03-02 20:05:33.162788+07"
"93.03.09","930309 ","93.03","Minyamur","2024-03-02 20:05:33.162788+07","2024-03-02 20:05:33.162788+07"
"93.03.10","930310 ","93.03","Venaha","2024-03-02 20:05:33.162788+07","2024-03-02 20:05:33.162788+07"
"93.03.11","930311 ","93.03","Syahcame","2024-03-02 20:05:33.162788+07","2024-03-02 20:05:33.162788+07"
"93.03.12","930312 ","93.03","Yakomi","2024-03-02 20:05:33.162788+07","2024-03-02 20:05:33.162788+07"
"93.03.13","930313 ","93.03","Bamgi","2024-03-02 20:05:33.162788+07","2024-03-02 20:05:33.162788+07"
"93.03.14","930314 ","93.03","Passue Bawah","2024-03-02 20:05:33.162788+07","2024-03-02 20:05:33.162788+07"
"93.03.15","930315 ","93.03","Ti Zain","2024-03-02 20:05:33.162788+07","2024-03-02 20:05:33.162788+07"
"93.04.01","930401 ","93.04","Agats","2024-03-02 20:05:33.162788+07","2024-03-02 20:05:33.162788+07"
"93.04.02","930402 ","93.04","Atsj","2024-03-02 20:05:33.162788+07","2024-03-02 20:05:33.162788+07"
"93.04.03","930403 ","93.04","Sawa Erma","2024-03-02 20:05:33.162788+07","2024-03-02 20:05:33.162788+07"
"93.04.04","930404 ","93.04","Akat","2024-03-02 20:05:33.162788+07","2024-03-02 20:05:33.162788+07"
"93.04.05","930405 ","93.04","Fayit","2024-03-02 20:05:33.162788+07","2024-03-02 20:05:33.162788+07"
"93.04.06","930406 ","93.04","Pantai Kasuari","2024-03-02 20:05:33.162788+07","2024-03-02 20:05:33.162788+07"
"93.04.07","930407 ","93.04","Suator","2024-03-02 20:05:33.162788+07","2024-03-02 20:05:33.162788+07"
"93.04.08","930408 ","93.04","Suru-suru","2024-03-02 20:05:33.162788+07","2024-03-02 20:05:33.162788+07"
"93.04.09","930409 ","93.04","Kolf Braza","2024-03-02 20:05:33.162788+07","2024-03-02 20:05:33.162788+07"
"93.04.10","930410 ","93.04","Unir Sirau","2024-03-02 20:05:33.162788+07","2024-03-02 20:05:33.162788+07"
"93.04.11","930411 ","93.04","Joerat","2024-03-02 20:05:33.162788+07","2024-03-02 20:05:33.162788+07"
"93.04.12","930412 ","93.04","Pulau Tiga","2024-03-02 20:05:33.162788+07","2024-03-02 20:05:33.162788+07"
"93.04.13","930413 ","93.04","Jetsy","2024-03-02 20:05:33.162788+07","2024-03-02 20:05:33.162788+07"
"93.04.14","930414 ","93.04","Der Koumur","2024-03-02 20:05:33.162788+07","2024-03-02 20:05:33.162788+07"
"93.04.15","930415 ","93.04","Kopay","2024-03-02 20:05:33.162788+07","2024-03-02 20:05:33.162788+07"
"93.04.16","930416 ","93.04","Safan","2024-03-02 20:05:33.162788+07","2024-03-02 20:05:33.162788+07"
"93.04.17","930417 ","93.04","Sirets","2024-03-02 20:05:33.162788+07","2024-03-02 20:05:33.162788+07"
"93.04.18","930418 ","93.04","Ayip","2024-03-02 20:05:33.162788+07","2024-03-02 20:05:33.162788+07"
"93.04.19","930419 ","93.04","Betcbamu","2024-03-02 20:05:33.162788+07","2024-03-02 20:05:33.162788+07"
"93.04.20","930420 ","93.04","Joutu","2024-03-02 20:05:33.162788+07","2024-03-02 20:05:33.162788+07"
"93.04.21","930421 ","93.04","Aswi","2024-03-02 20:05:33.162788+07","2024-03-02 20:05:33.162788+07"
"93.04.22","930422 ","93.04","Awyu","2024-03-02 20:05:33.162788+07","2024-03-02 20:05:33.162788+07"
"93.04.23","930423 ","93.04","Koroway Buluanop","2024-03-02 20:05:33.162788+07","2024-03-02 20:05:33.162788+07"
"93.04.24","930424 ","93.04","Tomor Birip","2024-03-02 20:05:33.162788+07","2024-03-02 20:05:33.162788+07"
"93.04.25","930425 ","93.04","Sor Ep","2024-03-02 20:05:33.162788+07","2024-03-02 20:05:33.162788+07"
"94.01.01","940101 ","94.01","Nabire","2024-03-02 20:05:33.162788+07","2024-03-02 20:05:33.162788+07"
"94.01.02","940102 ","94.01","Napan","2024-03-02 20:05:33.162788+07","2024-03-02 20:05:33.162788+07"
"94.01.03","940103 ","94.01","Yaur","2024-03-02 20:05:33.162788+07","2024-03-02 20:05:33.162788+07"
"94.01.04","940104 ","94.01","Uwapa","2024-03-02 20:05:33.162788+07","2024-03-02 20:05:33.162788+07"
"94.01.05","940105 ","94.01","Wanggar","2024-03-02 20:05:33.162788+07","2024-03-02 20:05:33.162788+07"
"94.01.06","940106 ","94.01","Siriwo","2024-03-02 20:05:33.162788+07","2024-03-02 20:05:33.162788+07"
"94.01.07","940107 ","94.01","Makimi","2024-03-02 20:05:33.162788+07","2024-03-02 20:05:33.162788+07"
"94.01.08","940108 ","94.01","Teluk Umar","2024-03-02 20:05:33.162788+07","2024-03-02 20:05:33.162788+07"
"94.01.09","940109 ","94.01","Teluk Kimi","2024-03-02 20:05:33.162788+07","2024-03-02 20:05:33.162788+07"
"94.01.10","940110 ","94.01","Yaro","2024-03-02 20:05:33.162788+07","2024-03-02 20:05:33.162788+07"
"94.01.11","940111 ","94.01","Wapoga","2024-03-02 20:05:33.162788+07","2024-03-02 20:05:33.162788+07"
"94.01.12","940112 ","94.01","Nabire Barat","2024-03-02 20:05:33.162788+07","2024-03-02 20:05:33.162788+07"
"94.01.13","940113 ","94.01","Moora","2024-03-02 20:05:33.162788+07","2024-03-02 20:05:33.162788+07"
"94.01.14","940114 ","94.01","Dipa","2024-03-02 20:05:33.162788+07","2024-03-02 20:05:33.162788+07"
"94.01.15","940115 ","94.01","Menou","2024-03-02 20:05:33.162788+07","2024-03-02 20:05:33.162788+07"
"94.02.01","940201 ","94.02","Mulia","2024-03-02 20:05:33.162788+07","2024-03-02 20:05:33.162788+07"
"94.02.02","940202 ","94.02","Ilu","2024-03-02 20:05:33.162788+07","2024-03-02 20:05:33.162788+07"
"94.02.03","940203 ","94.02","Fawi","2024-03-02 20:05:33.162788+07","2024-03-02 20:05:33.162788+07"
"94.02.04","940204 ","94.02","Mewoluk","2024-03-02 20:05:33.162788+07","2024-03-02 20:05:33.162788+07"
"94.02.05","940205 ","94.02","Yamo","2024-03-02 20:05:33.162788+07","2024-03-02 20:05:33.162788+07"
"94.02.06","940206 ","94.02","Nume","2024-03-02 20:05:33.162788+07","2024-03-02 20:05:33.162788+07"
"94.02.07","940207 ","94.02","Torere","2024-03-02 20:05:33.162788+07","2024-03-02 20:05:33.162788+07"
"94.02.08","940208 ","94.02","Tingginambut","2024-03-02 20:05:33.162788+07","2024-03-02 20:05:33.162788+07"
"94.02.09","940209 ","94.02","Pagaleme","2024-03-02 20:05:33.162788+07","2024-03-02 20:05:33.162788+07"
"94.02.10","940210 ","94.02","Gurage","2024-03-02 20:05:33.162788+07","2024-03-02 20:05:33.162788+07"
"94.02.11","940211 ","94.02","Irimuli","2024-03-02 20:05:33.162788+07","2024-03-02 20:05:33.162788+07"
"94.02.12","940212 ","94.02","Muara","2024-03-02 20:05:33.162788+07","2024-03-02 20:05:33.162788+07"
"94.02.13","940213 ","94.02","Ilamburawi","2024-03-02 20:05:33.162788+07","2024-03-02 20:05:33.162788+07"
"94.02.14","940214 ","94.02","Yambi","2024-03-02 20:05:33.162788+07","2024-03-02 20:05:33.162788+07"
"94.02.15","940215 ","94.02","Lumo","2024-03-02 20:05:33.162788+07","2024-03-02 20:05:33.162788+07"
"94.02.16","940216 ","94.02","Molanikime","2024-03-02 20:05:33.162788+07","2024-03-02 20:05:33.162788+07"
"94.02.17","940217 ","94.02","Dokome","2024-03-02 20:05:33.162788+07","2024-03-02 20:05:33.162788+07"
"94.02.18","940218 ","94.02","Kalome","2024-03-02 20:05:33.162788+07","2024-03-02 20:05:33.162788+07"
"94.02.19","940219 ","94.02","Wanwi","2024-03-02 20:05:33.162788+07","2024-03-02 20:05:33.162788+07"
"94.02.20","940220 ","94.02","Yamoneri","2024-03-02 20:05:33.162788+07","2024-03-02 20:05:33.162788+07"
"94.02.21","940221 ","94.02","Waegi","2024-03-02 20:05:33.162788+07","2024-03-02 20:05:33.162788+07"
"94.02.22","940222 ","94.02","Nioga","2024-03-02 20:05:33.162788+07","2024-03-02 20:05:33.162788+07"
"94.02.23","940223 ","94.02","Gubume","2024-03-02 20:05:33.162788+07","2024-03-02 20:05:33.162788+07"
"94.02.24","940224 ","94.02","Taganombak","2024-03-02 20:05:33.162788+07","2024-03-02 20:05:33.162788+07"
"94.02.25","940225 ","94.02","Dagai","2024-03-02 20:05:33.162788+07","2024-03-02 20:05:33.162788+07"
"94.02.26","940226 ","94.02","Kiyage","2024-03-02 20:05:33.162788+07","2024-03-02 20:05:33.162788+07"
"94.03.01","940301 ","94.03","Paniai Timur","2024-03-02 20:05:33.162788+07","2024-03-02 20:05:33.162788+07"
"94.03.02","940302 ","94.03","Paniai Barat","2024-03-02 20:05:33.162788+07","2024-03-02 20:05:33.162788+07"
"94.03.03","940303 ","94.03","Aradide","2024-03-02 20:05:33.162788+07","2024-03-02 20:05:33.162788+07"
"94.03.04","940304 ","94.03","Bogabaida","2024-03-02 20:05:33.162788+07","2024-03-02 20:05:33.162788+07"
"94.03.05","940305 ","94.03","Bibida","2024-03-02 20:05:33.162788+07","2024-03-02 20:05:33.162788+07"
"94.03.06","940306 ","94.03","Dumadama","2024-03-02 20:05:33.162788+07","2024-03-02 20:05:33.162788+07"
"94.03.07","940307 ","94.03","Siriwo","2024-03-02 20:05:33.162788+07","2024-03-02 20:05:33.162788+07"
"94.03.08","940308 ","94.03","Kebo","2024-03-02 20:05:33.162788+07","2024-03-02 20:05:33.162788+07"
"94.03.09","940309 ","94.03","Yatamo","2024-03-02 20:05:33.162788+07","2024-03-02 20:05:33.162788+07"
"94.03.10","940310 ","94.03","Ekadide","2024-03-02 20:05:33.162788+07","2024-03-02 20:05:33.162788+07"
"94.03.11","940311 ","94.03","Wegee Muka","2024-03-02 20:05:33.162788+07","2024-03-02 20:05:33.162788+07"
"94.03.12","940312 ","94.03","Wegee Bino","2024-03-02 20:05:33.162788+07","2024-03-02 20:05:33.162788+07"
"94.03.13","940313 ","94.03","Pugo Dagi","2024-03-02 20:05:33.162788+07","2024-03-02 20:05:33.162788+07"
"94.03.14","940314 ","94.03","Muye","2024-03-02 20:05:33.162788+07","2024-03-02 20:05:33.162788+07"
"94.03.15","940315 ","94.03","Nakama","2024-03-02 20:05:33.162788+07","2024-03-02 20:05:33.162788+07"
"94.03.16","940316 ","94.03","Teluk Deya","2024-03-02 20:05:33.162788+07","2024-03-02 20:05:33.162788+07"
"94.03.17","940317 ","94.03","Yagai","2024-03-02 20:05:33.162788+07","2024-03-02 20:05:33.162788+07"
"94.03.18","940318 ","94.03","Youtadi","2024-03-02 20:05:33.162788+07","2024-03-02 20:05:33.162788+07"
"94.03.19","940319 ","94.03","Baya Biru","2024-03-02 20:05:33.162788+07","2024-03-02 20:05:33.162788+07"
"94.03.20","940320 ","94.03","Deiyai Miyo","2024-03-02 20:05:33.162788+07","2024-03-02 20:05:33.162788+07"
"94.03.21","940321 ","94.03","Dogomo","2024-03-02 20:05:33.162788+07","2024-03-02 20:05:33.162788+07"
"94.03.22","940322 ","94.03","Aweida","2024-03-02 20:05:33.162788+07","2024-03-02 20:05:33.162788+07"
"94.03.23","940323 ","94.03","Topiyai","2024-03-02 20:05:33.162788+07","2024-03-02 20:05:33.162788+07"
"94.03.24","940324 ","94.03","Fajar Timur","2024-03-02 20:05:33.162788+07","2024-03-02 20:05:33.162788+07"
"94.04.01","940401 ","94.04","Mimika Baru","2024-03-02 20:05:33.162788+07","2024-03-02 20:05:33.162788+07"
"94.04.02","940402 ","94.04","Agimuga","2024-03-02 20:05:33.162788+07","2024-03-02 20:05:33.162788+07"
"94.04.03","940403 ","94.04","Mimika Timur","2024-03-02 20:05:33.162788+07","2024-03-02 20:05:33.162788+07"
"94.04.04","940404 ","94.04","Mimika Barat","2024-03-02 20:05:33.162788+07","2024-03-02 20:05:33.162788+07"
"94.04.05","940405 ","94.04","Jita","2024-03-02 20:05:33.162788+07","2024-03-02 20:05:33.162788+07"
"94.04.06","940406 ","94.04","Jila","2024-03-02 20:05:33.162788+07","2024-03-02 20:05:33.162788+07"
"94.04.07","940407 ","94.04","Mimika Timur Jauh","2024-03-02 20:05:33.162788+07","2024-03-02 20:05:33.162788+07"
"94.04.08","940408 ","94.04","Mimika Tengah","2024-03-02 20:05:33.162788+07","2024-03-02 20:05:33.162788+07"
"94.04.09","940409 ","94.04","Kuala Kencana","2024-03-02 20:05:33.162788+07","2024-03-02 20:05:33.162788+07"
"94.04.10","940410 ","94.04","Tembagapura","2024-03-02 20:05:33.162788+07","2024-03-02 20:05:33.162788+07"
"94.04.11","940411 ","94.04","Mimika Barat Jauh","2024-03-02 20:05:33.162788+07","2024-03-02 20:05:33.162788+07"
"94.04.12","940412 ","94.04","Mimika Barat Tengah","2024-03-02 20:05:33.162788+07","2024-03-02 20:05:33.162788+07"
"94.04.13","940413 ","94.04","Kwamki Narama","2024-03-02 20:05:33.162788+07","2024-03-02 20:05:33.162788+07"
"94.04.14","940414 ","94.04","Hoya","2024-03-02 20:05:33.162788+07","2024-03-02 20:05:33.162788+07"
"94.04.15","940415 ","94.04","Iwaka","2024-03-02 20:05:33.162788+07","2024-03-02 20:05:33.162788+07"
"94.04.16","940416 ","94.04","Wania","2024-03-02 20:05:33.162788+07","2024-03-02 20:05:33.162788+07"
"94.04.17","940417 ","94.04","Amar","2024-03-02 20:05:33.162788+07","2024-03-02 20:05:33.162788+07"
"94.04.18","940418 ","94.04","Alama","2024-03-02 20:05:33.162788+07","2024-03-02 20:05:33.162788+07"
"94.05.01","940501 ","94.05","Ilaga","2024-03-02 20:05:33.162788+07","2024-03-02 20:05:33.162788+07"
"94.05.02","940502 ","94.05","Wangbe","2024-03-02 20:05:33.162788+07","2024-03-02 20:05:33.162788+07"
"94.05.03","940503 ","94.05","Beoga","2024-03-02 20:05:33.162788+07","2024-03-02 20:05:33.162788+07"
"94.05.04","940504 ","94.05","Doufo","2024-03-02 20:05:33.162788+07","2024-03-02 20:05:33.162788+07"
"94.05.05","940505 ","94.05","Pogoma","2024-03-02 20:05:33.162788+07","2024-03-02 20:05:33.162788+07"
"94.05.06","940506 ","94.05","Sinak","2024-03-02 20:05:33.162788+07","2024-03-02 20:05:33.162788+07"
"94.05.07","940507 ","94.05","Agandugume","2024-03-02 20:05:33.162788+07","2024-03-02 20:05:33.162788+07"
"94.05.08","940508 ","94.05","Gome","2024-03-02 20:05:33.162788+07","2024-03-02 20:05:33.162788+07"
"94.05.09","940509 ","94.05","Dervos","2024-03-02 20:05:33.162788+07","2024-03-02 20:05:33.162788+07"
"94.05.10","940510 ","94.05","Beoga Barat","2024-03-02 20:05:33.162788+07","2024-03-02 20:05:33.162788+07"
"94.05.11","940511 ","94.05","Beoga Timur","2024-03-02 20:05:33.162788+07","2024-03-02 20:05:33.162788+07"
"94.05.12","940512 ","94.05","Ogamanim","2024-03-02 20:05:33.162788+07","2024-03-02 20:05:33.162788+07"
"94.05.13","940513 ","94.05","Kembru","2024-03-02 20:05:33.162788+07","2024-03-02 20:05:33.162788+07"
"94.05.14","940514 ","94.05","Bina","2024-03-02 20:05:33.162788+07","2024-03-02 20:05:33.162788+07"
"94.05.15","940515 ","94.05","Sinak Barat","2024-03-02 20:05:33.162788+07","2024-03-02 20:05:33.162788+07"
"94.05.16","940516 ","94.05","Mage'abume","2024-03-02 20:05:33.162788+07","2024-03-02 20:05:33.162788+07"
"94.05.17","940517 ","94.05","Yugumuak","2024-03-02 20:05:33.162788+07","2024-03-02 20:05:33.162788+07"
"94.05.18","940518 ","94.05","Ilaga Utara","2024-03-02 20:05:33.162788+07","2024-03-02 20:05:33.162788+07"
"94.05.19","940519 ","94.05","Mabugi","2024-03-02 20:05:33.162788+07","2024-03-02 20:05:33.162788+07"
"94.05.20","940520 ","94.05","Omukia","2024-03-02 20:05:33.162788+07","2024-03-02 20:05:33.162788+07"
"94.05.21","940521 ","94.05","Lambewi","2024-03-02 20:05:33.162788+07","2024-03-02 20:05:33.162788+07"
"94.05.22","940522 ","94.05","Oneri","2024-03-02 20:05:33.162788+07","2024-03-02 20:05:33.162788+07"
"94.05.23","940523 ","94.05","Amungkalpia","2024-03-02 20:05:33.162788+07","2024-03-02 20:05:33.162788+07"
"94.05.24","940524 ","94.05","Gome Utara","2024-03-02 20:05:33.162788+07","2024-03-02 20:05:33.162788+07"
"94.05.25","940525 ","94.05","Erelmakawia","2024-03-02 20:05:33.162788+07","2024-03-02 20:05:33.162788+07"
"94.06.01","940601 ","94.06","Kamu","2024-03-02 20:05:33.162788+07","2024-03-02 20:05:33.162788+07"
"94.06.02","940602 ","94.06","Mapia","2024-03-02 20:05:33.162788+07","2024-03-02 20:05:33.162788+07"
"94.06.03","940603 ","94.06","Piyaiye","2024-03-02 20:05:33.162788+07","2024-03-02 20:05:33.162788+07"
"94.06.04","940604 ","94.06","Kamu Utara","2024-03-02 20:05:33.162788+07","2024-03-02 20:05:33.162788+07"
"94.06.05","940605 ","94.06","Sukikai Selatan","2024-03-02 20:05:33.162788+07","2024-03-02 20:05:33.162788+07"
"94.06.06","940606 ","94.06","Mapia Barat","2024-03-02 20:05:33.162788+07","2024-03-02 20:05:33.162788+07"
"94.06.07","940607 ","94.06","Kamu Selatan","2024-03-02 20:05:33.162788+07","2024-03-02 20:05:33.162788+07"
"94.06.08","940608 ","94.06","Kamu Timur","2024-03-02 20:05:33.162788+07","2024-03-02 20:05:33.162788+07"
"94.06.09","940609 ","94.06","Mapia Tengah","2024-03-02 20:05:33.162788+07","2024-03-02 20:05:33.162788+07"
"94.06.10","940610 ","94.06","Dogiyai","2024-03-02 20:05:33.162788+07","2024-03-02 20:05:33.162788+07"
"94.07.01","940701 ","94.07","Sugapa","2024-03-02 20:05:33.162788+07","2024-03-02 20:05:33.162788+07"
"94.07.02","940702 ","94.07","Homeyo","2024-03-02 20:05:33.162788+07","2024-03-02 20:05:33.162788+07"
"94.07.03","940703 ","94.07","Wandai","2024-03-02 20:05:33.162788+07","2024-03-02 20:05:33.162788+07"
"94.07.04","940704 ","94.07","Biandoga","2024-03-02 20:05:33.162788+07","2024-03-02 20:05:33.162788+07"
"94.07.05","940705 ","94.07","Agisiga","2024-03-02 20:05:33.162788+07","2024-03-02 20:05:33.162788+07"
"94.07.06","940706 ","94.07","Hitadipa","2024-03-02 20:05:33.162788+07","2024-03-02 20:05:33.162788+07"
"94.07.07","940707 ","94.07","Ugimba","2024-03-02 20:05:33.162788+07","2024-03-02 20:05:33.162788+07"
"94.07.08","940708 ","94.07","Tomosiga","2024-03-02 20:05:33.162788+07","2024-03-02 20:05:33.162788+07"
"94.08.01","940801 ","94.08","Tigi","2024-03-02 20:05:33.162788+07","2024-03-02 20:05:33.162788+07"
"94.08.02","940802 ","94.08","Tigi Timur","2024-03-02 20:05:33.162788+07","2024-03-02 20:05:33.162788+07"
"94.08.03","940803 ","94.08","Bowobado","2024-03-02 20:05:33.162788+07","2024-03-02 20:05:33.162788+07"
"94.08.04","940804 ","94.08","Tigi Barat","2024-03-02 20:05:33.162788+07","2024-03-02 20:05:33.162788+07"
"94.08.05","940805 ","94.08","Kapiraya","2024-03-02 20:05:33.162788+07","2024-03-02 20:05:33.162788+07"
"95.01.01","950101 ","95.01","Wamena","2024-03-02 20:05:33.162788+07","2024-03-02 20:05:33.162788+07"
"95.01.02","950102 ","95.01","Kurulu","2024-03-02 20:05:33.162788+07","2024-03-02 20:05:33.162788+07"
"95.01.03","950103 ","95.01","Asologaima","2024-03-02 20:05:33.162788+07","2024-03-02 20:05:33.162788+07"
"95.01.04","950104 ","95.01","Hubikosi","2024-03-02 20:05:33.162788+07","2024-03-02 20:05:33.162788+07"
"95.01.05","950105 ","95.01","Bolakme","2024-03-02 20:05:33.162788+07","2024-03-02 20:05:33.162788+07"
"95.01.06","950106 ","95.01","Walelagama","2024-03-02 20:05:33.162788+07","2024-03-02 20:05:33.162788+07"
"95.01.07","950107 ","95.01","Musatfak","2024-03-02 20:05:33.162788+07","2024-03-02 20:05:33.162788+07"
"95.01.08","950108 ","95.01","Wolo","2024-03-02 20:05:33.162788+07","2024-03-02 20:05:33.162788+07"
"95.01.09","950109 ","95.01","Asolokobal","2024-03-02 20:05:33.162788+07","2024-03-02 20:05:33.162788+07"
"95.01.10","950110 ","95.01","Pelebaga","2024-03-02 20:05:33.162788+07","2024-03-02 20:05:33.162788+07"
"95.01.11","950111 ","95.01","Yalengga","2024-03-02 20:05:33.162788+07","2024-03-02 20:05:33.162788+07"
"95.01.12","950112 ","95.01","Trikora","2024-03-02 20:05:33.162788+07","2024-03-02 20:05:33.162788+07"
"95.01.13","950113 ","95.01","Napua","2024-03-02 20:05:33.162788+07","2024-03-02 20:05:33.162788+07"
"95.01.14","950114 ","95.01","Walaik","2024-03-02 20:05:33.162788+07","2024-03-02 20:05:33.162788+07"
"95.01.15","950115 ","95.01","Wouma","2024-03-02 20:05:33.162788+07","2024-03-02 20:05:33.162788+07"
"95.01.16","950116 ","95.01","Hubikiak","2024-03-02 20:05:33.162788+07","2024-03-02 20:05:33.162788+07"
"95.01.17","950117 ","95.01","Ibele","2024-03-02 20:05:33.162788+07","2024-03-02 20:05:33.162788+07"
"95.01.18","950118 ","95.01","Taelarek","2024-03-02 20:05:33.162788+07","2024-03-02 20:05:33.162788+07"
"95.01.19","950119 ","95.01","Itlay Hisage","2024-03-02 20:05:33.162788+07","2024-03-02 20:05:33.162788+07"
"95.01.20","950120 ","95.01","Siepkosi","2024-03-02 20:05:33.162788+07","2024-03-02 20:05:33.162788+07"
"95.01.21","950121 ","95.01","Usilimo","2024-03-02 20:05:33.162788+07","2024-03-02 20:05:33.162788+07"
"95.01.22","950122 ","95.01","Wita Waya","2024-03-02 20:05:33.162788+07","2024-03-02 20:05:33.162788+07"
"95.01.23","950123 ","95.01","Libarek","2024-03-02 20:05:33.162788+07","2024-03-02 20:05:33.162788+07"
"95.01.24","950124 ","95.01","Wadangku","2024-03-02 20:05:33.162788+07","2024-03-02 20:05:33.162788+07"
"95.01.25","950125 ","95.01","Pisugi","2024-03-02 20:05:33.162788+07","2024-03-02 20:05:33.162788+07"
"95.01.26","950126 ","95.01","Koragi","2024-03-02 20:05:33.162788+07","2024-03-02 20:05:33.162788+07"
"95.01.27","950127 ","95.01","Tagime","2024-03-02 20:05:33.162788+07","2024-03-02 20:05:33.162788+07"
"95.01.28","950128 ","95.01","Molagalome","2024-03-02 20:05:33.162788+07","2024-03-02 20:05:33.162788+07"
"95.01.29","950129 ","95.01","Tagineri","2024-03-02 20:05:33.162788+07","2024-03-02 20:05:33.162788+07"
"95.01.30","950130 ","95.01","Silo Karno Doga","2024-03-02 20:05:33.162788+07","2024-03-02 20:05:33.162788+07"
"95.01.31","950131 ","95.01","Piramid","2024-03-02 20:05:33.162788+07","2024-03-02 20:05:33.162788+07"
"95.01.32","950132 ","95.01","Muliama","2024-03-02 20:05:33.162788+07","2024-03-02 20:05:33.162788+07"
"95.01.33","950133 ","95.01","Bugi","2024-03-02 20:05:33.162788+07","2024-03-02 20:05:33.162788+07"
"95.01.34","950134 ","95.01","Bpiri","2024-03-02 20:05:33.162788+07","2024-03-02 20:05:33.162788+07"
"95.01.35","950135 ","95.01","Welesi","2024-03-02 20:05:33.162788+07","2024-03-02 20:05:33.162788+07"
"95.01.36","950136 ","95.01","Asotipo","2024-03-02 20:05:33.162788+07","2024-03-02 20:05:33.162788+07"
"95.01.37","950137 ","95.01","Maima","2024-03-02 20:05:33.162788+07","2024-03-02 20:05:33.162788+07"
"95.01.38","950138 ","95.01","Popugoba","2024-03-02 20:05:33.162788+07","2024-03-02 20:05:33.162788+07"
"95.01.39","950139 ","95.01","Wame","2024-03-02 20:05:33.162788+07","2024-03-02 20:05:33.162788+07"
"95.01.40","950140 ","95.01","Wesaput","2024-03-02 20:05:33.162788+07","2024-03-02 20:05:33.162788+07"
"95.02.01","950201 ","95.02","Oksibil","2024-03-02 20:05:33.162788+07","2024-03-02 20:05:33.162788+07"
"95.02.02","950202 ","95.02","Kiwirok","2024-03-02 20:05:33.162788+07","2024-03-02 20:05:33.162788+07"
"95.02.03","950203 ","95.02","Okbibab","2024-03-02 20:05:33.162788+07","2024-03-02 20:05:33.162788+07"
"95.02.04","950204 ","95.02","Iwur","2024-03-02 20:05:33.162788+07","2024-03-02 20:05:33.162788+07"
"95.02.05","950205 ","95.02","Batom","2024-03-02 20:05:33.162788+07","2024-03-02 20:05:33.162788+07"
"95.02.06","950206 ","95.02","Borme","2024-03-02 20:05:33.162788+07","2024-03-02 20:05:33.162788+07"
"95.02.07","950207 ","95.02","Kiwirok Timur","2024-03-02 20:05:33.162788+07","2024-03-02 20:05:33.162788+07"
"95.02.08","950208 ","95.02","Aboy","2024-03-02 20:05:33.162788+07","2024-03-02 20:05:33.162788+07"
"95.02.09","950209 ","95.02","Pepera","2024-03-02 20:05:33.162788+07","2024-03-02 20:05:33.162788+07"
"95.02.10","950210 ","95.02","Bime","2024-03-02 20:05:33.162788+07","2024-03-02 20:05:33.162788+07"
"95.02.11","950211 ","95.02","Alemsom","2024-03-02 20:05:33.162788+07","2024-03-02 20:05:33.162788+07"
"95.02.12","950212 ","95.02","Okbape","2024-03-02 20:05:33.162788+07","2024-03-02 20:05:33.162788+07"
"95.02.13","950213 ","95.02","Kalomdol","2024-03-02 20:05:33.162788+07","2024-03-02 20:05:33.162788+07"
"95.02.14","950214 ","95.02","Oksop","2024-03-02 20:05:33.162788+07","2024-03-02 20:05:33.162788+07"
"95.02.15","950215 ","95.02","Serambakon","2024-03-02 20:05:33.162788+07","2024-03-02 20:05:33.162788+07"
"95.02.16","950216 ","95.02","Ok Aom","2024-03-02 20:05:33.162788+07","2024-03-02 20:05:33.162788+07"
"95.02.17","950217 ","95.02","Kawor","2024-03-02 20:05:33.162788+07","2024-03-02 20:05:33.162788+07"
"95.02.18","950218 ","95.02","Awinbon","2024-03-02 20:05:33.162788+07","2024-03-02 20:05:33.162788+07"
"95.02.19","950219 ","95.02","Tarup","2024-03-02 20:05:33.162788+07","2024-03-02 20:05:33.162788+07"
"95.02.20","950220 ","95.02","Okhika","2024-03-02 20:05:33.162788+07","2024-03-02 20:05:33.162788+07"
"95.02.21","950221 ","95.02","Oksamol","2024-03-02 20:05:33.162788+07","2024-03-02 20:05:33.162788+07"
"95.02.22","950222 ","95.02","Oklip","2024-03-02 20:05:33.162788+07","2024-03-02 20:05:33.162788+07"
"95.02.23","950223 ","95.02","Okbemtau","2024-03-02 20:05:33.162788+07","2024-03-02 20:05:33.162788+07"
"95.02.24","950224 ","95.02","Oksebang","2024-03-02 20:05:33.162788+07","2024-03-02 20:05:33.162788+07"
"95.02.25","950225 ","95.02","Okbab","2024-03-02 20:05:33.162788+07","2024-03-02 20:05:33.162788+07"
"95.02.26","950226 ","95.02","Batani","2024-03-02 20:05:33.162788+07","2024-03-02 20:05:33.162788+07"
"95.02.27","950227 ","95.02","Weime","2024-03-02 20:05:33.162788+07","2024-03-02 20:05:33.162788+07"
"95.02.28","950228 ","95.02","Murkim","2024-03-02 20:05:33.162788+07","2024-03-02 20:05:33.162788+07"
"95.02.29","950229 ","95.02","Mofinop","2024-03-02 20:05:33.162788+07","2024-03-02 20:05:33.162788+07"
"95.02.30","950230 ","95.02","Jetfa","2024-03-02 20:05:33.162788+07","2024-03-02 20:05:33.162788+07"
"95.02.31","950231 ","95.02","Teiraplu","2024-03-02 20:05:33.162788+07","2024-03-02 20:05:33.162788+07"
"95.02.32","950232 ","95.02","Eipumek","2024-03-02 20:05:33.162788+07","2024-03-02 20:05:33.162788+07"
"95.02.33","950233 ","95.02","Pamek","2024-03-02 20:05:33.162788+07","2024-03-02 20:05:33.162788+07"
"95.02.34","950234 ","95.02","Nongme","2024-03-02 20:05:33.162788+07","2024-03-02 20:05:33.162788+07"
"95.03.01","950301 ","95.03","Kurima","2024-03-02 20:05:33.162788+07","2024-03-02 20:05:33.162788+07"
"95.03.02","950302 ","95.03","Anggruk","2024-03-02 20:05:33.162788+07","2024-03-02 20:05:33.162788+07"
"95.03.03","950303 ","95.03","Ninia","2024-03-02 20:05:33.162788+07","2024-03-02 20:05:33.162788+07"
"95.03.04","950304 ","95.03","Silimo","2024-03-02 20:05:33.162788+07","2024-03-02 20:05:33.162788+07"
"95.03.05","950305 ","95.03","Samenage","2024-03-02 20:05:33.162788+07","2024-03-02 20:05:33.162788+07"
"95.03.06","950306 ","95.03","Nalca","2024-03-02 20:05:33.162788+07","2024-03-02 20:05:33.162788+07"
"95.03.07","950307 ","95.03","Dekai","2024-03-02 20:05:33.162788+07","2024-03-02 20:05:33.162788+07"
"95.03.08","950308 ","95.03","Obio","2024-03-02 20:05:33.162788+07","2024-03-02 20:05:33.162788+07"
"95.03.09","950309 ","95.03","Suru Suru","2024-03-02 20:05:33.162788+07","2024-03-02 20:05:33.162788+07"
"95.03.10","950310 ","95.03","Wusama","2024-03-02 20:05:33.162788+07","2024-03-02 20:05:33.162788+07"
"95.03.11","950311 ","95.03","Amuma","2024-03-02 20:05:33.162788+07","2024-03-02 20:05:33.162788+07"
"95.03.12","950312 ","95.03","Musaik","2024-03-02 20:05:33.162788+07","2024-03-02 20:05:33.162788+07"
"95.03.13","950313 ","95.03","Pasema","2024-03-02 20:05:33.162788+07","2024-03-02 20:05:33.162788+07"
"95.03.14","950314 ","95.03","Hogio","2024-03-02 20:05:33.162788+07","2024-03-02 20:05:33.162788+07"
"95.03.15","950315 ","95.03","Mugi","2024-03-02 20:05:33.162788+07","2024-03-02 20:05:33.162788+07"
"95.03.16","950316 ","95.03","Soba","2024-03-02 20:05:33.162788+07","2024-03-02 20:05:33.162788+07"
"95.03.17","950317 ","95.03","Werima","2024-03-02 20:05:33.162788+07","2024-03-02 20:05:33.162788+07"
"95.03.18","950318 ","95.03","Tangma","2024-03-02 20:05:33.162788+07","2024-03-02 20:05:33.162788+07"
"95.03.19","950319 ","95.03","Ukha","2024-03-02 20:05:33.162788+07","2024-03-02 20:05:33.162788+07"
"95.03.20","950320 ","95.03","Panggema","2024-03-02 20:05:33.162788+07","2024-03-02 20:05:33.162788+07"
"95.03.21","950321 ","95.03","Kosarek","2024-03-02 20:05:33.162788+07","2024-03-02 20:05:33.162788+07"
"95.03.22","950322 ","95.03","Nipsan","2024-03-02 20:05:33.162788+07","2024-03-02 20:05:33.162788+07"
"95.03.23","950323 ","95.03","Ubahak","2024-03-02 20:05:33.162788+07","2024-03-02 20:05:33.162788+07"
"95.03.24","950324 ","95.03","Pronggoli","2024-03-02 20:05:33.162788+07","2024-03-02 20:05:33.162788+07"
"95.03.25","950325 ","95.03","Walma","2024-03-02 20:05:33.162788+07","2024-03-02 20:05:33.162788+07"
"95.03.26","950326 ","95.03","Yahuliambut","2024-03-02 20:05:33.162788+07","2024-03-02 20:05:33.162788+07"
"95.03.27","950327 ","95.03","Hereapini","2024-03-02 20:05:33.162788+07","2024-03-02 20:05:33.162788+07"
"95.03.28","950328 ","95.03","Ubalihi","2024-03-02 20:05:33.162788+07","2024-03-02 20:05:33.162788+07"
"95.03.29","950329 ","95.03","Talambo","2024-03-02 20:05:33.162788+07","2024-03-02 20:05:33.162788+07"
"95.03.30","950330 ","95.03","Puldama","2024-03-02 20:05:33.162788+07","2024-03-02 20:05:33.162788+07"
"95.03.31","950331 ","95.03","Endomen","2024-03-02 20:05:33.162788+07","2024-03-02 20:05:33.162788+07"
"95.03.32","950332 ","95.03","Kona","2024-03-02 20:05:33.162788+07","2024-03-02 20:05:33.162788+07"
"95.03.33","950333 ","95.03","Dirwemna","2024-03-02 20:05:33.162788+07","2024-03-02 20:05:33.162788+07"
"95.03.34","950334 ","95.03","Holuon","2024-03-02 20:05:33.162788+07","2024-03-02 20:05:33.162788+07"
"95.03.35","950335 ","95.03","Lolat","2024-03-02 20:05:33.162788+07","2024-03-02 20:05:33.162788+07"
"95.03.36","950336 ","95.03","Soloikma","2024-03-02 20:05:33.162788+07","2024-03-02 20:05:33.162788+07"
"95.03.37","950337 ","95.03","Sela","2024-03-02 20:05:33.162788+07","2024-03-02 20:05:33.162788+07"
"95.03.38","950338 ","95.03","Korupun","2024-03-02 20:05:33.162788+07","2024-03-02 20:05:33.162788+07"
"95.03.39","950339 ","95.03","Langda","2024-03-02 20:05:33.162788+07","2024-03-02 20:05:33.162788+07"
"95.03.40","950340 ","95.03","Bomela","2024-03-02 20:05:33.162788+07","2024-03-02 20:05:33.162788+07"
"95.03.41","950341 ","95.03","Suntamon","2024-03-02 20:05:33.162788+07","2024-03-02 20:05:33.162788+07"
"95.03.42","950342 ","95.03","Seradala","2024-03-02 20:05:33.162788+07","2024-03-02 20:05:33.162788+07"
"95.03.43","950343 ","95.03","Sobaham","2024-03-02 20:05:33.162788+07","2024-03-02 20:05:33.162788+07"
"95.03.44","950344 ","95.03","Kabianggama","2024-03-02 20:05:33.162788+07","2024-03-02 20:05:33.162788+07"
"95.03.45","950345 ","95.03","Kwelamdua","2024-03-02 20:05:33.162788+07","2024-03-02 20:05:33.162788+07"
"95.03.46","950346 ","95.03","Kwikma","2024-03-02 20:05:33.162788+07","2024-03-02 20:05:33.162788+07"
"95.03.47","950347 ","95.03","Hilipuk","2024-03-02 20:05:33.162788+07","2024-03-02 20:05:33.162788+07"
"95.03.48","950348 ","95.03","Duram","2024-03-02 20:05:33.162788+07","2024-03-02 20:05:33.162788+07"
"95.03.49","950349 ","95.03","Yogosem","2024-03-02 20:05:33.162788+07","2024-03-02 20:05:33.162788+07"
"95.03.50","950350 ","95.03","Kayo","2024-03-02 20:05:33.162788+07","2024-03-02 20:05:33.162788+07"
"95.03.51","950351 ","95.03","Sumo","2024-03-02 20:05:33.162788+07","2024-03-02 20:05:33.162788+07"
"95.04.01","950401 ","95.04","Karubaga","2024-03-02 20:05:33.162788+07","2024-03-02 20:05:33.162788+07"
"95.04.02","950402 ","95.04","Bokondini","2024-03-02 20:05:33.162788+07","2024-03-02 20:05:33.162788+07"
"95.04.03","950403 ","95.04","Kanggime","2024-03-02 20:05:33.162788+07","2024-03-02 20:05:33.162788+07"
"95.04.04","950404 ","95.04","Kembu","2024-03-02 20:05:33.162788+07","2024-03-02 20:05:33.162788+07"
"95.04.05","950405 ","95.04","Goyage","2024-03-02 20:05:33.162788+07","2024-03-02 20:05:33.162788+07"
"95.04.06","950406 ","95.04","Wunim","2024-03-02 20:05:33.162788+07","2024-03-02 20:05:33.162788+07"
"95.04.07","950407 ","95.04","Wina","2024-03-02 20:05:33.162788+07","2024-03-02 20:05:33.162788+07"
"95.04.08","950408 ","95.04","Umagi","2024-03-02 20:05:33.162788+07","2024-03-02 20:05:33.162788+07"
"95.04.09","950409 ","95.04","Panaga","2024-03-02 20:05:33.162788+07","2024-03-02 20:05:33.162788+07"
"95.04.10","950410 ","95.04","Woniki","2024-03-02 20:05:33.162788+07","2024-03-02 20:05:33.162788+07"
"95.04.11","950411 ","95.04","Kubu","2024-03-02 20:05:33.162788+07","2024-03-02 20:05:33.162788+07"
"95.04.12","950412 ","95.04","Konda/ Kondaga","2024-03-02 20:05:33.162788+07","2024-03-02 20:05:33.162788+07"
"95.04.13","950413 ","95.04","Nelawi","2024-03-02 20:05:33.162788+07","2024-03-02 20:05:33.162788+07"
"95.04.14","950414 ","95.04","Kuari","2024-03-02 20:05:33.162788+07","2024-03-02 20:05:33.162788+07"
"95.04.15","950415 ","95.04","Bokoneri","2024-03-02 20:05:33.162788+07","2024-03-02 20:05:33.162788+07"
"95.04.16","950416 ","95.04","Bewani","2024-03-02 20:05:33.162788+07","2024-03-02 20:05:33.162788+07"
"95.04.17","950417 ","95.04","Nabunage","2024-03-02 20:05:33.162788+07","2024-03-02 20:05:33.162788+07"
"95.04.18","950418 ","95.04","Gilubandu","2024-03-02 20:05:33.162788+07","2024-03-02 20:05:33.162788+07"
"95.04.19","950419 ","95.04","Nunggawi","2024-03-02 20:05:33.162788+07","2024-03-02 20:05:33.162788+07"
"95.04.20","950420 ","95.04","Gundagi","2024-03-02 20:05:33.162788+07","2024-03-02 20:05:33.162788+07"
"95.04.21","950421 ","95.04","Numba","2024-03-02 20:05:33.162788+07","2024-03-02 20:05:33.162788+07"
"95.04.22","950422 ","95.04","Timori","2024-03-02 20:05:33.162788+07","2024-03-02 20:05:33.162788+07"
"95.04.23","950423 ","95.04","Dundu","2024-03-02 20:05:33.162788+07","2024-03-02 20:05:33.162788+07"
"95.04.24","950424 ","95.04","Geya","2024-03-02 20:05:33.162788+07","2024-03-02 20:05:33.162788+07"
"95.04.25","950425 ","95.04","Egiam","2024-03-02 20:05:33.162788+07","2024-03-02 20:05:33.162788+07"
"95.04.26","950426 ","95.04","Poganeri","2024-03-02 20:05:33.162788+07","2024-03-02 20:05:33.162788+07"
"95.04.27","950427 ","95.04","Kamboneri","2024-03-02 20:05:33.162788+07","2024-03-02 20:05:33.162788+07"
"95.04.28","950428 ","95.04","Airgaram","2024-03-02 20:05:33.162788+07","2024-03-02 20:05:33.162788+07"
"95.04.29","950429 ","95.04","Wari/Taiyeve II","2024-03-02 20:05:33.162788+07","2024-03-02 20:05:33.162788+07"
"95.04.30","950430 ","95.04","Dow","2024-03-02 20:05:33.162788+07","2024-03-02 20:05:33.162788+07"
"95.04.31","950431 ","95.04","Tagineri","2024-03-02 20:05:33.162788+07","2024-03-02 20:05:33.162788+07"
"95.04.32","950432 ","95.04","Yuneri","2024-03-02 20:05:33.162788+07","2024-03-02 20:05:33.162788+07"
"95.04.33","950433 ","95.04","Wakuwo","2024-03-02 20:05:33.162788+07","2024-03-02 20:05:33.162788+07"
"95.04.34","950434 ","95.04","Gika","2024-03-02 20:05:33.162788+07","2024-03-02 20:05:33.162788+07"
"95.04.35","950435 ","95.04","Telenggeme","2024-03-02 20:05:33.162788+07","2024-03-02 20:05:33.162788+07"
"95.04.36","950436 ","95.04","Anawi","2024-03-02 20:05:33.162788+07","2024-03-02 20:05:33.162788+07"
"95.04.37","950437 ","95.04","Wenam","2024-03-02 20:05:33.162788+07","2024-03-02 20:05:33.162788+07"
"95.04.38","950438 ","95.04","Wugi","2024-03-02 20:05:33.162788+07","2024-03-02 20:05:33.162788+07"
"95.04.39","950439 ","95.04","Danime","2024-03-02 20:05:33.162788+07","2024-03-02 20:05:33.162788+07"
"95.04.40","950440 ","95.04","Tagime","2024-03-02 20:05:33.162788+07","2024-03-02 20:05:33.162788+07"
"95.04.41","950441 ","95.04","Kai","2024-03-02 20:05:33.162788+07","2024-03-02 20:05:33.162788+07"
"95.04.42","950442 ","95.04","Aweku","2024-03-02 20:05:33.162788+07","2024-03-02 20:05:33.162788+07"
"95.04.43","950443 ","95.04","Bogonuk","2024-03-02 20:05:33.162788+07","2024-03-02 20:05:33.162788+07"
"95.04.44","950444 ","95.04","Li Anogomma","2024-03-02 20:05:33.162788+07","2024-03-02 20:05:33.162788+07"
"95.04.45","950445 ","95.04","Biuk","2024-03-02 20:05:33.162788+07","2024-03-02 20:05:33.162788+07"
"95.04.46","950446 ","95.04","Yuko","2024-03-02 20:05:33.162788+07","2024-03-02 20:05:33.162788+07"
"95.05.01","950501 ","95.05","Kobakma","2024-03-02 20:05:33.162788+07","2024-03-02 20:05:33.162788+07"
"95.05.02","950502 ","95.05","Kelila","2024-03-02 20:05:33.162788+07","2024-03-02 20:05:33.162788+07"
"95.05.03","950503 ","95.05","Eragayam","2024-03-02 20:05:33.162788+07","2024-03-02 20:05:33.162788+07"
"95.05.04","950504 ","95.05","Megambilis","2024-03-02 20:05:33.162788+07","2024-03-02 20:05:33.162788+07"
"95.05.05","950505 ","95.05","Ilugwa","2024-03-02 20:05:33.162788+07","2024-03-02 20:05:33.162788+07"
"95.06.01","950601 ","95.06","Elelim","2024-03-02 20:05:33.162788+07","2024-03-02 20:05:33.162788+07"
"95.06.02","950602 ","95.06","Apalapsili","2024-03-02 20:05:33.162788+07","2024-03-02 20:05:33.162788+07"
"95.06.03","950603 ","95.06","Abenaho","2024-03-02 20:05:33.162788+07","2024-03-02 20:05:33.162788+07"
"95.06.04","950604 ","95.06","Benawa","2024-03-02 20:05:33.162788+07","2024-03-02 20:05:33.162788+07"
"95.06.05","950605 ","95.06","Welarek","2024-03-02 20:05:33.162788+07","2024-03-02 20:05:33.162788+07"
"95.07.01","950701 ","95.07","Tiom","2024-03-02 20:05:33.162788+07","2024-03-02 20:05:33.162788+07"
"95.07.02","950702 ","95.07","Pirime","2024-03-02 20:05:33.162788+07","2024-03-02 20:05:33.162788+07"
"95.07.03","950703 ","95.07","Makki","2024-03-02 20:05:33.162788+07","2024-03-02 20:05:33.162788+07"
"95.07.04","950704 ","95.07","Gamelia","2024-03-02 20:05:33.162788+07","2024-03-02 20:05:33.162788+07"
"95.07.05","950705 ","95.07","Dimba","2024-03-02 20:05:33.162788+07","2024-03-02 20:05:33.162788+07"
"95.07.06","950706 ","95.07","Melagineri","2024-03-02 20:05:33.162788+07","2024-03-02 20:05:33.162788+07"
"95.07.07","950707 ","95.07","Balingga","2024-03-02 20:05:33.162788+07","2024-03-02 20:05:33.162788+07"
"95.07.08","950708 ","95.07","Tiomneri","2024-03-02 20:05:33.162788+07","2024-03-02 20:05:33.162788+07"
"95.07.09","950709 ","95.07","Kuyawage","2024-03-02 20:05:33.162788+07","2024-03-02 20:05:33.162788+07"
"95.07.10","950710 ","95.07","Poga","2024-03-02 20:05:33.162788+07","2024-03-02 20:05:33.162788+07"
"95.07.11","950711 ","95.07","Niname","2024-03-02 20:05:33.162788+07","2024-03-02 20:05:33.162788+07"
"95.07.12","950712 ","95.07","Nogi","2024-03-02 20:05:33.162788+07","2024-03-02 20:05:33.162788+07"
"95.07.13","950713 ","95.07","Yiginua","2024-03-02 20:05:33.162788+07","2024-03-02 20:05:33.162788+07"
"95.07.14","950714 ","95.07","Tiom Ollo","2024-03-02 20:05:33.162788+07","2024-03-02 20:05:33.162788+07"
"95.07.15","950715 ","95.07","Yugungwi","2024-03-02 20:05:33.162788+07","2024-03-02 20:05:33.162788+07"
"95.07.16","950716 ","95.07","Mokoni","2024-03-02 20:05:33.162788+07","2024-03-02 20:05:33.162788+07"
"95.07.17","950717 ","95.07","Wereka","2024-03-02 20:05:33.162788+07","2024-03-02 20:05:33.162788+07"
"95.07.18","950718 ","95.07","Milimbo","2024-03-02 20:05:33.162788+07","2024-03-02 20:05:33.162788+07"
"95.07.19","950719 ","95.07","Wiringgambut","2024-03-02 20:05:33.162788+07","2024-03-02 20:05:33.162788+07"
"95.07.20","950720 ","95.07","Gollo","2024-03-02 20:05:33.162788+07","2024-03-02 20:05:33.162788+07"
"95.07.21","950721 ","95.07","Awina","2024-03-02 20:05:33.162788+07","2024-03-02 20:05:33.162788+07"
"95.07.22","950722 ","95.07","Ayumnati","2024-03-02 20:05:33.162788+07","2024-03-02 20:05:33.162788+07"
"95.07.23","950723 ","95.07","Wano Barat","2024-03-02 20:05:33.162788+07","2024-03-02 20:05:33.162788+07"
"95.07.24","950724 ","95.07","Goa Balim","2024-03-02 20:05:33.162788+07","2024-03-02 20:05:33.162788+07"
"95.07.25","950725 ","95.07","Bruwa","2024-03-02 20:05:33.162788+07","2024-03-02 20:05:33.162788+07"
"95.07.26","950726 ","95.07","Balingga Barat","2024-03-02 20:05:33.162788+07","2024-03-02 20:05:33.162788+07"
"95.07.27","950727 ","95.07","Gupura","2024-03-02 20:05:33.162788+07","2024-03-02 20:05:33.162788+07"
"95.07.28","950728 ","95.07","Kolawa","2024-03-02 20:05:33.162788+07","2024-03-02 20:05:33.162788+07"
"95.07.29","950729 ","95.07","Gelok Beam","2024-03-02 20:05:33.162788+07","2024-03-02 20:05:33.162788+07"
"95.07.30","950730 ","95.07","Kuly Lanny","2024-03-02 20:05:33.162788+07","2024-03-02 20:05:33.162788+07"
"95.07.31","950731 ","95.07","Lannyna","2024-03-02 20:05:33.162788+07","2024-03-02 20:05:33.162788+07"
"95.07.32","950732 ","95.07","Karu","2024-03-02 20:05:33.162788+07","2024-03-02 20:05:33.162788+07"
"95.07.33","950733 ","95.07","Yiluk","2024-03-02 20:05:33.162788+07","2024-03-02 20:05:33.162788+07"
"95.07.34","950734 ","95.07","Guna","2024-03-02 20:05:33.162788+07","2024-03-02 20:05:33.162788+07"
"95.07.35","950735 ","95.07","Kelulome","2024-03-02 20:05:33.162788+07","2024-03-02 20:05:33.162788+07"
"95.07.36","950736 ","95.07","Nikogwe","2024-03-02 20:05:33.162788+07","2024-03-02 20:05:33.162788+07"
"95.07.37","950737 ","95.07","Muara","2024-03-02 20:05:33.162788+07","2024-03-02 20:05:33.162788+07"
"95.07.38","950738 ","95.07","Buguk Gona","2024-03-02 20:05:33.162788+07","2024-03-02 20:05:33.162788+07"
"95.07.39","950739 ","95.07","Melagi","2024-03-02 20:05:33.162788+07","2024-03-02 20:05:33.162788+07"
"95.08.01","950801 ","95.08","Kenyam","2024-03-02 20:05:33.162788+07","2024-03-02 20:05:33.162788+07"
"95.08.02","950802 ","95.08","Mapenduma","2024-03-02 20:05:33.162788+07","2024-03-02 20:05:33.162788+07"
"95.08.03","950803 ","95.08","Yigi","2024-03-02 20:05:33.162788+07","2024-03-02 20:05:33.162788+07"
"95.08.04","950804 ","95.08","Wosak","2024-03-02 20:05:33.162788+07","2024-03-02 20:05:33.162788+07"
"95.08.05","950805 ","95.08","Geselma","2024-03-02 20:05:33.162788+07","2024-03-02 20:05:33.162788+07"
"95.08.06","950806 ","95.08","Mugi","2024-03-02 20:05:33.162788+07","2024-03-02 20:05:33.162788+07"
"95.08.07","950807 ","95.08","Mbuwa","2024-03-02 20:05:33.162788+07","2024-03-02 20:05:33.162788+07"
"95.08.08","950808 ","95.08","Gearek","2024-03-02 20:05:33.162788+07","2024-03-02 20:05:33.162788+07"
"95.08.09","950809 ","95.08","Koroptak","2024-03-02 20:05:33.162788+07","2024-03-02 20:05:33.162788+07"
"95.08.10","950810 ","95.08","Kegayem","2024-03-02 20:05:33.162788+07","2024-03-02 20:05:33.162788+07"
"95.08.11","950811 ","95.08","Paro","2024-03-02 20:05:33.162788+07","2024-03-02 20:05:33.162788+07"
"95.08.12","950812 ","95.08","Mebarok","2024-03-02 20:05:33.162788+07","2024-03-02 20:05:33.162788+07"
"95.08.13","950813 ","95.08","Yenggelo","2024-03-02 20:05:33.162788+07","2024-03-02 20:05:33.162788+07"
"95.08.14","950814 ","95.08","Kilmid","2024-03-02 20:05:33.162788+07","2024-03-02 20:05:33.162788+07"
"95.08.15","950815 ","95.08","Alama","2024-03-02 20:05:33.162788+07","2024-03-02 20:05:33.162788+07"
"95.08.16","950816 ","95.08","Yal","2024-03-02 20:05:33.162788+07","2024-03-02 20:05:33.162788+07"
"95.08.17","950817 ","95.08","Mam","2024-03-02 20:05:33.162788+07","2024-03-02 20:05:33.162788+07"
"95.08.18","950818 ","95.08","Dal","2024-03-02 20:05:33.162788+07","2024-03-02 20:05:33.162788+07"
"95.08.19","950819 ","95.08","Nirkuri","2024-03-02 20:05:33.162788+07","2024-03-02 20:05:33.162788+07"
"95.08.20","950820 ","95.08","Inikgal","2024-03-02 20:05:33.162788+07","2024-03-02 20:05:33.162788+07"
"95.08.21","950821 ","95.08","Iniye","2024-03-02 20:05:33.162788+07","2024-03-02 20:05:33.162788+07"
"95.08.22","950822 ","95.08","Mbulmu Yalma","2024-03-02 20:05:33.162788+07","2024-03-02 20:05:33.162788+07"
"95.08.23","950823 ","95.08","Mbua Tengah","2024-03-02 20:05:33.162788+07","2024-03-02 20:05:33.162788+07"
"95.08.24","950824 ","95.08","Embetpen","2024-03-02 20:05:33.162788+07","2024-03-02 20:05:33.162788+07"
"95.08.25","950825 ","95.08","Kora","2024-03-02 20:05:33.162788+07","2024-03-02 20:05:33.162788+07"
"95.08.26","950826 ","95.08","Wusi","2024-03-02 20:05:33.162788+07","2024-03-02 20:05:33.162788+07"
"95.08.27","950827 ","95.08","Pija","2024-03-02 20:05:33.162788+07","2024-03-02 20:05:33.162788+07"
"95.08.28","950828 ","95.08","Moba","2024-03-02 20:05:33.162788+07","2024-03-02 20:05:33.162788+07"
"95.08.29","950829 ","95.08","Wutpaga","2024-03-02 20:05:33.162788+07","2024-03-02 20:05:33.162788+07"
"95.08.30","950830 ","95.08","Nenggeagin","2024-03-02 20:05:33.162788+07","2024-03-02 20:05:33.162788+07"
"95.08.31","950831 ","95.08","Krepkuri","2024-03-02 20:05:33.162788+07","2024-03-02 20:05:33.162788+07"
"95.08.32","950832 ","95.08","Pasir Putih","2024-03-02 20:05:33.162788+07","2024-03-02 20:05:33.162788+07"
